;Tmin;Tmax;Tmean;WindSpeed;WindMaxSpeed;WindDir;Rainfall;NO2;NOx;NO;O3;PM25
2011-01-01;9.9;12.9;11.6;3.4;19.3;292.5;5.6;8.0;16.0;5.0;57.0;
2011-01-02;8.2;13.8;10.9;5.0;20.9;292.5;0.0;;;;;
2011-01-03;5.6;15.2;9.4;2.3;14.5;45.0;0.0;;;;;
2011-01-04;2.3;16.6;8.0;1.8;17.7;225.0;0.2;;;;;
2011-01-05;3.6;16.4;9.9;3.9;37.0;202.5;0.2;;;;;
2011-01-06;9.4;18.1;13.1;4.8;27.4;202.5;0.0;;;;;
2011-01-07;8.6;13.6;11.3;7.9;41.8;157.5;8.8;;;;;
2011-01-08;6.1;16.4;11.3;9.5;45.1;157.5;5.2;;;;;
2011-01-09;7.4;12.6;9.9;5.1;30.6;225.0;5.8;;;;;
2011-01-10;4.6;12.1;8.4;4.0;24.1;315.0;0.0;;;;;
2011-01-11;3.2;13.6;8.7;4.0;24.1;292.5;0.4;;;;;
2011-01-12;7.1;13.4;10.6;4.3;19.3;0.0;0.0;;;;;
2011-01-13;3.7;17.1;10.8;6.3;33.8;157.5;0.2;;;;;
2011-01-14;4.0;18.3;11.3;3.4;29.0;315.0;0.0;;;;;
2011-01-15;1.4;17.7;9.7;7.1;40.2;157.5;0.2;;;;;
2011-01-16;5.4;16.3;11.2;8.0;43.5;157.5;0.0;;;;;
2011-01-17;1.2;17.3;7.9;1.0;11.3;202.5;0.2;;;;;
2011-01-18;2.2;13.3;9.1;14.5;48.3;157.5;0.2;;;;;
2011-01-19;8.2;12.1;9.9;13.4;35.4;157.5;0.0;;;;;
2011-01-20;2.5;14.9;9.1;3.7;19.3;225.0;0.0;;;;;
2011-01-21;3.7;13.8;8.9;6.8;33.8;157.5;0.2;;;;;
2011-01-22;5.8;8.7;7.2;19.0;48.3;135.0;0.0;;;;;
2011-01-23;3.7;7.1;5.2;14.2;49.9;135.0;0.4;;;;;
2011-01-24;6.9;11.7;8.9;17.5;45.1;202.5;0.0;;;;;
2011-01-25;7.6;10.4;8.7;15.9;41.8;202.5;0.2;;;;;
2011-01-26;8.4;10.6;9.1;16.7;49.9;135.0;0.0;;;;;
2011-01-27;7.1;11.9;8.8;7.2;32.2;225.0;7.4;;;;;
2011-01-28;7.6;10.7;8.8;7.9;27.4;225.0;15.0;;;;;
2011-01-29;5.2;11.2;8.1;6.4;32.2;225.0;3.0;;;;;
2011-01-30;1.9;10.3;5.8;4.3;27.4;292.5;1.0;;;;;
2011-01-31;2.2;9.2;5.6;7.4;29.0;292.5;0.0;;;;;
2011-02-01;-1.1;9.8;4.3;4.2;24.1;202.5;0.0;;;;;
2011-02-02;-0.0999999999999996;10.6;4.6;4.3;27.4;202.5;0.0;;;;;
2011-02-03;-0.4;13.1;5.7;2.7;20.9;0.0;0.0;;;;;
2011-02-04;-1.7;18.9;7.2;1.6;12.9;225.0;0.0;;;;;
2011-02-05;0.800000000000001;15.4;8.2;5.0;32.2;157.5;0.0;;;;;
2011-02-06;0.300000000000001;18.2;8.7;3.1;19.3;135.0;0.0;;;;;
2011-02-07;0.5;17.9;8.3;2.9;24.1;202.5;0.0;;;;;
2011-02-08;-0.0999999999999996;4.9;2.1;0.2;4.8;225.0;0.0;;;;;
2011-02-09;9.3;10.2;9.6;11.7;27.4;157.5;0.0;;;;;
2011-02-10;8.1;14.5;10.9;15.4;41.8;157.5;0.0;;;;;
2011-02-11;-0.4;15.8;8.1;3.1;22.5;292.5;0.0;;;;;
2011-02-12;-0.800000000000001;15.7;6.1;1.3;16.1;225.0;0.2;;;;;
2011-02-13;0.9;15.8;8.3;8.9;40.2;225.0;2.6;;;;;
2011-02-14;4.9;11.2;8.3;10.9;35.4;292.5;0.4;;;;;
2011-02-15;8.1;10.6;9.3;12.2;48.3;292.5;24.6;;;;;
2011-02-16;3.1;12.1;7.7;10.1;70.8;247.5;5.4;;;;;
2011-02-17;5.2;11.7;8.8;19.8;59.5;270.0;0.0;;;;;
2011-02-18;3.5;13.9;8.7;5.3;25.7;292.5;0.0;;;;;
2011-02-19;3.6;13.6;8.9;2.4;20.9;292.5;0.6;;;;;
2011-02-20;10.1;14.8;11.7;6.4;32.2;292.5;1.6;;;;;
2011-02-21;8.4;11.9;10.2;8.5;32.2;270.0;0.0;;;;;
2011-02-22;11.5;15.7;13.5;8.2;29.0;315.0;0.0;;;;;
2011-02-23;4.2;19.9;12.3;3.7;19.3;45.0;0.0;;;;;
2011-02-24;6.6;20.5;13.9;4.5;25.7;135.0;0.0;;;;;
2011-02-25;4.1;20.9;12.4;4.7;33.8;225.0;0.0;;;;;
2011-02-26;4.4;22.6;13.3;3.4;25.7;292.5;0.0;;;;;
2011-02-27;4.4;15.7;10.9;8.4;43.5;337.5;0.0;;;;;
2011-02-28;1.6;13.7;8.8;9.2;45.1;337.5;0.0;;;;;
2011-03-01;1.8;10.1;6.3;12.9;51.5;22.5;0.0;;;;;
2011-03-02;-1.0;11.7;5.4;5.6;30.6;315.0;0.0;;;;;
2011-03-03;-2.4;13.0;6.1;3.1;27.4;225.0;0.0;;;;;
2011-03-04;4.1;9.9;6.6;7.2;33.8;157.5;2.2;;;;;
2011-03-05;5.4;12.6;8.9;14.6;48.3;135.0;0.2;;;;;
2011-03-06;7.8;11.1;9.2;11.4;43.5;157.5;0.0;;;;;
2011-03-07;8.1;13.7;10.6;18.7;45.1;157.5;0.0;;;;;
2011-03-08;10.0;14.1;11.3;14.6;49.9;157.5;1.6;;;;;
2011-03-09;8.4;10.7;9.3;5.3;32.2;67.5;32.0;;;;;
2011-03-10;8.4;10.6;9.7;12.4;45.1;135.0;4.2;;;;;
2011-03-11;9.0;12.1;10.2;10.1;43.5;157.5;16.6;;;;;
2011-03-12;8.9;14.7;11.3;4.5;30.6;270.0;0.8;;;;;
2011-03-13;5.0;13.8;9.7;4.5;30.6;157.5;3.8;;;;;
2011-03-14;7.2;12.4;10.2;10.3;54.7;157.5;5.4;;;;;
2011-03-15;6.3;12.1;9.3;6.6;32.2;270.0;0.0;;;;;
2011-03-16;1.4;14.4;8.9;5.3;27.4;45.0;0.0;;;;;
2011-03-17;8.9;15.5;11.4;7.1;27.4;292.5;0.0;;;;;
2011-03-18;3.6;19.7;12.0;4.0;27.4;225.0;0.0;;;;;
2011-03-19;3.2;22.0;12.8;3.1;24.1;135.0;0.0;;;;;
2011-03-20;5.5;19.1;12.6;10.9;40.2;157.5;0.0;;;;;
2011-03-21;9.8;14.5;11.8;25.1;57.9;157.5;0.0;;;;;
2011-03-22;9.4;13.7;10.7;20.0;46.7;135.0;0.0;;;;;
2011-03-23;7.9;15.2;11.8;16.1;49.9;135.0;0.0;;;;;
2011-03-24;12.5;19.3;15.0;24.3;61.2;157.5;0.0;;;;;
2011-03-25;11.6;16.9;13.8;21.2;51.5;157.5;0.0;;;;;
2011-03-26;10.7;20.6;14.1;12.1;45.1;157.5;0.0;;;;;
2011-03-27;8.3;16.9;12.8;7.7;30.6;292.5;0.0;;;;;
2011-03-28;7.4;18.8;13.5;6.0;25.7;292.5;1.8;;;;;
2011-03-29;8.4;17.7;12.9;5.1;29.0;292.5;0.0;;;;;
2011-03-30;7.4;20.5;14.6;5.5;33.8;315.0;0.0;;;;;
2011-03-31;6.5;22.2;15.3;11.3;45.1;157.5;0.6;;;;;
2011-04-01;14.0;21.8;17.6;22.9;74.0;157.5;0.0;;;;;
2011-04-02;16.1;23.2;19.4;21.9;51.5;157.5;0.0;;;;;
2011-04-03;12.3;19.7;15.8;9.3;45.1;157.5;9.4;;;;;
2011-04-04;11.4;20.3;15.2;6.6;49.9;157.5;4.4;;;;;
2011-04-05;11.4;21.1;15.3;9.8;37.0;157.5;0.0;;;;;
2011-04-06;15.2;23.3;19.1;14.6;51.5;157.5;0.0;;;;;
2011-04-07;13.2;23.5;17.4;14.0;49.9;157.5;0.0;;;;;
2011-04-08;14.7;24.9;19.5;18.2;56.3;157.5;0.0;;;;;
2011-04-09;8.2;26.0;17.8;5.3;35.4;292.5;0.0;;;;;
2011-04-10;12.1;24.3;18.4;6.3;32.2;292.5;0.0;;;;;
2011-04-11;10.6;25.7;17.0;8.0;40.2;157.5;0.0;;;;;
2011-04-12;12.1;20.3;15.7;15.4;48.3;157.5;0.0;;;;;
2011-04-13;11.1;23.9;17.7;13.8;46.7;157.5;0.0;;;;;
2011-04-14;14.9;27.9;21.2;10.9;37.0;157.5;0.0;;;;;
2011-04-15;9.3;22.4;16.5;10.3;48.3;157.5;0.0;;;;;
2011-04-16;12.9;18.6;15.3;27.5;67.6;157.5;0.0;;;;;
2011-04-17;11.6;17.9;14.2;24.1;59.5;157.5;0.0;;;;;
2011-04-18;11.6;15.6;13.0;25.4;64.4;157.5;0.6;;;;;
2011-04-19;11.7;15.9;13.4;19.3;56.3;157.5;0.6;;;;;
2011-04-20;12.5;17.2;14.4;14.0;46.7;157.5;0.0;;;;;
2011-04-21;11.1;17.6;13.4;13.7;46.7;157.5;11.2;;;;;
2011-04-22;9.7;14.8;11.6;10.6;40.2;157.5;7.2;;;;;
2011-04-23;10.5;17.2;12.7;5.3;30.6;225.0;18.8;;;;;
2011-04-24;7.9;17.9;12.3;5.0;27.4;157.5;0.4;;;;;
2011-04-25;8.3;21.7;14.2;5.1;40.2;22.5;7.0;;;;;
2011-04-26;7.3;22.9;15.2;3.7;25.7;225.0;0.0;;;;;
2011-04-27;8.3;22.1;16.0;7.7;40.2;157.5;0.0;;;;;
2011-04-28;10.3;22.9;17.6;8.7;33.8;135.0;0.0;;;;;
2011-04-29;11.7;16.2;13.4;6.4;25.7;135.0;6.8;;;;;
2011-04-30;11.1;17.4;13.3;8.4;32.2;157.5;1.4;;;;;
2011-05-01;6.6;19.3;13.3;5.1;30.6;157.5;3.6;;;;;
2011-05-02;11.4;17.8;14.1;8.7;30.6;270.0;7.2;;;;;
2011-05-03;12.7;21.1;16.0;8.4;37.0;270.0;0.0;;;;;
2011-05-04;8.8;22.7;16.4;4.8;24.1;292.5;0.0;;;;;
2011-05-05;10.2;23.4;17.7;7.2;37.0;135.0;0.0;;;;;
2011-05-06;13.8;21.6;17.3;14.2;46.7;157.5;0.0;;;;;
2011-05-07;11.9;19.2;15.9;9.0;48.3;270.0;1.8;;;;;
2011-05-08;6.3;24.4;15.9;5.6;27.4;157.5;0.0;;;;;
2011-05-09;14.4;23.6;18.9;18.0;53.1;157.5;0.0;;;;;
2011-05-10;14.8;20.9;17.5;27.8;62.8;157.5;0.0;;;;;
2011-05-11;14.7;20.7;17.2;14.3;49.9;157.5;0.0;;;;;
2011-05-12;13.3;24.1;19.2;11.7;41.8;157.5;0.0;;;;;
2011-05-13;16.1;22.8;18.9;16.4;43.5;157.5;0.0;;;;;
2011-05-14;12.8;29.4;21.4;6.4;25.7;157.5;0.0;;;;;
2011-05-15;13.9;21.8;18.1;20.9;66.0;157.5;0.0;;;;;
2011-05-16;15.0;19.6;16.7;26.9;64.4;157.5;0.0;;;;;
2011-05-17;14.2;20.9;16.8;23.0;53.1;157.5;0.0;;;;;
2011-05-18;14.4;19.8;15.8;23.2;57.9;157.5;0.0;;;;;
2011-05-19;13.7;19.4;16.0;13.5;38.6;157.5;0.0;;;;;
2011-05-20;13.4;22.8;17.5;5.8;25.7;202.5;0.0;;;;;
2011-05-21;9.7;26.3;18.3;7.1;32.2;45.0;0.0;;;;;
2011-05-22;12.2;26.5;19.8;9.8;45.1;157.5;0.0;;;;;
2011-05-23;15.5;25.1;20.5;13.8;49.9;157.5;0.0;;;;;
2011-05-24;13.7;27.9;21.7;13.8;56.3;157.5;0.0;;;;;
2011-05-25;17.2;27.1;22.4;16.9;49.9;157.5;0.0;;;;;
2011-05-26;16.3;22.6;20.1;4.2;25.7;225.0;0.0;;;;;
2011-05-27;16.7;26.2;21.2;8.9;40.2;135.0;0.2;;;;;
2011-05-28;18.4;27.9;22.7;14.2;46.7;157.5;0.0;;;;;
2011-05-29;15.2;25.4;21.3;10.6;45.1;157.5;0.0;;;;;
2011-05-30;14.4;24.1;19.6;8.0;38.6;270.0;0.0;;;;;
2011-05-31;12.1;26.6;19.7;5.6;30.6;292.5;0.0;;;;;
2011-06-01;15.2;26.1;20.5;13.0;40.2;157.5;0.0;;;;;
2011-06-02;15.7;20.6;18.3;19.8;54.7;157.5;0.0;;;;;
2011-06-03;14.6;22.0;17.7;21.4;53.1;157.5;0.0;;;;;
2011-06-04;14.3;22.8;18.0;18.5;46.7;157.5;0.0;;;;;
2011-06-05;13.9;24.6;19.0;17.1;48.3;157.5;0.0;;;;;
2011-06-06;11.8;24.5;17.5;5.5;49.9;157.5;1.0;;;;;
2011-06-07;11.4;19.4;15.8;9.8;40.2;270.0;3.2;;;;;
2011-06-08;10.9;22.1;17.0;7.4;29.0;292.5;0.0;;;;;
2011-06-09;8.4;25.2;17.1;4.8;29.0;292.5;0.0;;;;;
2011-06-10;9.6;24.4;18.2;5.5;30.6;292.5;0.0;;;;;
2011-06-11;11.0;28.4;20.9;6.3;33.8;157.5;0.0;;;;;
2011-06-12;14.9;29.2;22.7;11.3;43.5;157.5;0.0;;;;;
2011-06-13;14.1;30.7;24.1;5.8;32.2;292.5;0.0;;;;;
2011-06-14;15.1;31.6;24.9;5.1;33.8;292.5;0.0;;;;;
2011-06-15;13.9;33.5;25.6;4.5;32.2;292.5;0.0;;;;;
2011-06-16;16.7;33.2;26.4;5.0;29.0;292.5;0.0;;;;;
2011-06-17;15.1;33.1;26.2;6.4;35.4;292.5;0.0;;;;;
2011-06-18;18.1;30.3;24.6;7.4;35.4;292.5;0.0;;;;;
2011-06-19;12.6;29.7;23.5;10.3;43.5;157.5;0.0;;;;;
2011-06-20;18.8;31.5;24.3;13.7;37.0;157.5;0.0;;;;;
2011-06-21;18.6;33.5;25.8;8.9;37.0;202.5;0.0;;;;;
2011-06-22;17.6;35.6;27.8;5.0;25.7;292.5;0.0;;;;;
2011-06-23;18.0;34.6;27.7;5.3;33.8;292.5;0.0;;;;;
2011-06-24;19.4;27.3;23.1;20.1;54.7;157.5;0.0;;;;;
2011-06-25;20.1;26.9;22.6;29.0;62.8;157.5;0.0;;;;;
2011-06-26;20.6;30.6;24.9;23.8;57.9;157.5;0.0;;;;;
2011-06-27;21.8;31.7;26.4;20.8;56.3;157.5;0.0;;;;;
2011-06-28;18.9;36.8;28.2;7.6;30.6;292.5;0.0;;;;;
2011-06-29;18.3;38.0;28.2;5.5;25.7;202.5;0.0;;;;;
2011-06-30;21.2;30.7;25.6;15.0;51.5;157.5;0.0;;;;;
2011-07-01;20.2;30.9;24.3;12.1;46.7;202.5;0.6;;;;;
2011-07-02;20.2;37.8;28.8;7.7;37.0;202.5;0.0;;;;;
2011-07-03;18.4;27.3;23.7;9.2;37.0;270.0;0.0;;;;;
2011-07-04;13.3;28.6;21.6;6.9;30.6;292.5;0.0;;;;;
2011-07-05;14.6;34.2;25.6;6.0;27.4;135.0;0.0;;;;;
2011-07-06;16.8;35.7;27.4;6.3;32.2;270.0;0.0;;;;;
2011-07-07;17.7;30.8;25.7;7.9;33.8;292.5;0.0;;;;;
2011-07-08;15.3;31.6;24.7;5.3;32.2;292.5;0.0;;;;;
2011-07-09;16.0;34.2;25.9;5.1;29.0;45.0;0.0;;;;;
2011-07-10;18.4;35.1;27.3;4.8;33.8;225.0;0.0;;;;;
2011-07-11;18.0;32.8;26.2;7.9;32.2;157.5;0.0;;;;;
2011-07-12;19.8;32.4;26.4;8.5;43.5;270.0;0.0;;;;;
2011-07-13;18.8;29.6;24.5;9.7;33.8;292.5;0.0;;;;;
2011-07-14;15.4;30.4;24.2;9.3;40.2;157.5;0.0;;;;;
2011-07-15;19.8;29.8;24.4;17.9;54.9;157.5;0.0;;;;;
2011-07-16;20.4;33.4;26.6;10.5;35.4;157.5;0.0;;;;;
2011-07-17;20.7;30.7;25.9;9.7;41.8;225.0;0.0;;;;;
2011-07-18;15.9;28.7;23.2;6.4;53.1;270.0;0.0;;;;;
2011-07-19;16.2;28.8;22.5;8.4;35.4;292.5;0.0;;;;;
2011-07-20;15.5;28.2;22.9;13.2;48.3;157.5;0.0;;;;;
2011-07-21;19.4;32.9;25.6;12.6;37.0;157.5;0.0;;;;;
2011-07-22;19.7;28.8;24.5;14.6;51.5;157.5;0.0;;;;;
2011-07-23;16.7;29.9;23.8;6.6;30.6;292.5;0.0;;;;;
2011-07-24;15.0;31.1;23.1;7.1;32.2;292.5;0.0;;;;;
2011-07-25;16.4;33.1;25.8;5.3;27.4;292.5;0.0;;;;;
2011-07-26;17.9;34.9;27.4;7.9;35.4;135.0;0.0;;;;;
2011-07-27;18.6;35.7;27.8;11.1;51.5;157.5;0.0;;;;;
2011-07-28;20.9;28.9;24.5;24.9;57.9;157.5;0.0;;;;;
2011-07-29;20.2;35.2;27.1;11.7;40.2;157.5;0.0;;;;;
2011-07-30;16.5;32.9;26.4;6.8;35.4;270.0;0.0;;;;;
2011-07-31;16.0;34.4;26.4;4.2;30.6;292.5;0.0;;;;;
2011-08-01;19.1;30.4;23.9;13.2;54.7;157.5;0.0;;;;;
2011-08-02;16.3;29.0;23.1;8.0;41.8;292.5;0.0;;;;;
2011-08-03;15.4;33.8;25.4;4.2;25.7;292.5;0.0;;;;;
2011-08-04;15.9;34.6;26.7;5.6;32.2;225.0;0.0;;;;;
2011-08-05;17.4;33.6;26.9;5.8;29.0;292.5;0.0;;;;;
2011-08-06;20.7;33.3;27.3;6.3;30.6;292.5;0.0;;;;;
2011-08-07;20.2;35.3;28.5;5.1;27.4;292.5;0.0;;;;;
2011-08-08;18.6;37.7;28.6;6.0;38.6;45.0;0.0;;;;;
2011-08-09;21.9;28.1;24.7;27.7;59.5;157.5;0.0;;;;;
2011-08-10;21.1;27.2;23.6;30.3;67.6;157.5;0.0;;;;;
2011-08-11;20.2;29.3;24.1;27.7;64.4;157.5;0.0;;;;;
2011-08-12;20.6;30.4;25.1;19.5;51.5;157.5;0.0;;;;;
2011-08-13;16.0;32.9;24.7;4.7;29.0;292.5;0.0;;;;;
2011-08-14;18.0;36.9;28.7;4.8;29.0;292.5;0.0;;;;;
2011-08-15;17.7;37.1;29.1;4.0;25.7;292.5;0.0;;;;;
2011-08-16;18.5;33.9;27.4;11.1;45.1;157.5;0.0;;;;;
2011-08-17;19.3;34.7;27.7;10.5;37.0;157.5;0.0;;;;;
2011-08-18;19.6;32.9;26.8;12.2;56.3;157.5;0.0;;;;;
2011-08-19;23.2;31.0;26.5;17.7;51.5;157.5;0.0;;;;;
2011-08-20;23.4;31.6;26.9;18.3;57.9;157.5;0.0;;;;;
2011-08-21;21.3;28.7;25.1;10.9;38.6;157.5;0.0;;;;;
2011-08-22;18.4;29.3;23.6;5.8;29.0;292.5;0.0;;;;;
2011-08-23;16.7;32.1;25.1;5.1;35.4;292.5;0.0;;;;;
2011-08-24;14.3;32.1;24.3;4.3;30.6;292.5;0.0;;;;;
2011-08-25;14.8;32.1;24.5;5.6;35.4;292.5;0.0;;;;;
2011-08-26;15.7;28.6;23.0;7.2;32.2;292.5;0.0;;;;;
2011-08-27;14.3;29.0;23.1;14.2;49.9;157.5;0.0;;;;;
2011-08-28;21.7;28.9;24.6;21.9;51.5;157.5;0.0;;;;;
2011-08-29;17.8;32.9;25.1;5.6;35.4;225.0;0.0;;;;;
2011-08-30;16.2;30.9;24.1;5.3;29.0;292.5;0.0;;;;;
2011-08-31;12.6;28.9;20.8;5.5;37.0;292.5;0.0;;;;;
2011-09-01;14.3;26.9;20.6;7.9;46.7;225.0;0.0;;;;;
2011-09-02;15.1;23.0;18.6;6.3;38.6;225.0;0.2;;;;;
2011-09-03;13.7;23.6;18.6;5.8;32.2;292.5;1.6;;;;;
2011-09-04;11.7;26.4;20.1;4.7;25.7;292.5;0.0;;;;;
2011-09-05;13.8;31.4;22.9;3.7;24.1;225.0;0.0;;;;;
2011-09-06;20.6;29.1;23.9;15.8;48.3;157.5;0.0;;;;;
2011-09-07;19.1;31.8;25.6;12.2;33.8;157.5;0.0;;;;;
2011-09-08;20.1;32.6;26.6;11.9;43.5;157.5;0.0;;;;;
2011-09-09;20.8;31.8;26.6;15.8;54.7;157.5;0.0;;;;;
2011-09-10;17.3;31.1;25.2;7.4;27.4;292.5;0.0;;;;;
2011-09-11;14.4;29.8;23.1;5.3;29.0;315.0;0.0;;;;;
2011-09-12;15.0;32.2;24.3;10.0;43.5;157.5;0.0;;;;;
2011-09-13;20.7;29.6;23.8;18.3;46.7;157.5;0.0;;;;;
2011-09-14;19.2;28.6;23.9;20.4;56.3;157.5;0.0;;;;;
2011-09-15;20.3;26.8;23.2;21.1;49.9;157.5;0.0;;;;;
2011-09-16;19.2;29.7;23.7;13.7;46.7;157.5;0.0;;;;;
2011-09-17;15.9;30.8;22.9;3.9;24.1;292.5;0.0;;;;;
2011-09-18;13.3;28.3;21.6;6.4;30.6;292.5;0.0;;;;;
2011-09-19;11.9;26.2;20.2;9.7;38.6;157.5;0.0;;;;;
2011-09-20;18.3;26.2;21.4;20.3;53.1;157.5;0.0;;;;;
2011-09-21;18.2;26.8;21.6;16.7;51.5;157.5;0.0;;;;;
2011-09-22;13.2;29.0;21.2;3.2;29.0;225.0;0.0;;;;;
2011-09-23;12.7;23.6;18.9;3.7;20.9;135.0;0.0;;;;;
2011-09-24;15.4;25.8;20.0;5.0;27.4;292.5;0.0;;;;;
2011-09-25;9.2;27.6;18.9;9.2;43.5;157.5;0.0;;;;;
2011-09-26;16.6;26.7;22.0;13.5;38.6;157.5;0.0;;;;;
2011-09-27;16.4;25.8;21.3;15.8;48.3;157.5;0.0;;;;;
2011-09-28;18.4;24.8;21.1;19.0;48.3;157.5;0.0;;;;;
2011-09-29;18.5;25.0;21.3;20.9;51.5;157.5;0.0;;;;;
2011-09-30;19.1;24.9;21.4;20.0;49.9;157.5;0.0;;;;;
2011-10-01;18.6;23.9;20.8;22.9;61.2;135.0;0.0;;;;;
2011-10-02;18.6;24.7;21.1;21.1;51.5;135.0;0.0;;;;;
2011-10-03;18.1;27.7;22.0;12.2;40.2;157.5;0.0;;;;;
2011-10-04;12.7;26.8;20.2;10.5;48.3;157.5;0.0;;;;;
2011-10-05;14.4;26.7;20.8;11.3;37.0;157.5;0.0;;;;;
2011-10-06;13.2;31.3;22.3;4.7;27.4;202.5;0.0;;;;;
2011-10-07;11.7;30.8;22.2;4.5;27.4;315.0;0.0;;;;;
2011-10-08;13.3;24.4;19.2;11.1;40.2;157.5;0.0;;;;;
2011-10-09;14.6;23.6;18.9;12.7;40.2;157.5;0.0;;;;;
2011-10-10;15.9;24.5;19.6;16.1;48.3;157.5;0.0;;;;;
2011-10-11;18.4;28.6;23.0;13.5;37.0;157.5;0.0;;;;;
2011-10-12;9.9;30.5;21.0;6.4;37.0;157.5;0.0;;;;;
2011-10-13;11.1;31.5;22.5;4.8;24.1;157.5;0.0;;;;;
2011-10-14;11.1;32.3;20.8;5.6;29.0;157.5;0.0;;;;;
2011-10-15;17.7;23.8;19.9;22.2;54.7;157.5;0.0;;;;;
2011-10-16;16.9;22.9;19.2;20.0;48.3;157.5;0.0;;;;;
2011-10-17;16.3;22.1;18.3;19.8;46.7;157.5;0.0;;;;;
2011-10-18;15.6;22.1;18.1;17.1;35.4;157.5;0.0;;;;;
2011-10-19;10.5;25.7;18.2;4.7;27.4;225.0;0.0;;;;;
2011-10-20;8.6;26.3;16.9;8.7;46.7;157.5;0.0;;;;;
2011-10-21;16.1;21.4;18.2;17.7;51.5;157.5;0.0;;;;;
2011-10-22;14.8;17.3;16.1;13.0;43.5;157.5;0.2;;;;;
2011-10-23;14.1;20.1;16.8;15.3;40.2;157.5;0.2;;;;;
2011-10-24;13.6;18.5;15.1;13.7;53.1;157.5;23.8;;;;;
2011-10-25;10.6;17.4;13.9;4.8;27.4;270.0;0.0;;;;;
2011-10-26;7.3;17.5;12.8;10.5;54.7;135.0;0.0;;;;;
2011-10-27;13.2;17.5;15.3;17.5;57.9;225.0;9.4;;;;;
2011-10-28;11.4;17.9;14.2;8.0;30.6;315.0;0.0;;;;;
2011-10-29;7.7;20.1;14.3;4.3;33.8;0.0;0.0;;;;;
2011-10-30;9.2;24.0;16.3;4.5;25.7;157.5;0.0;;;;;
2011-10-31;14.6;21.0;17.3;12.2;40.2;157.5;0.0;;;;;
2011-11-01;12.0;21.2;16.7;7.7;32.2;157.5;0.0;;;;;
2011-11-02;14.8414939900539;18.9246156878573;16.9013751269095;;-999.0;157.5;25.2;;;;;
2011-11-03;13.2;17.2;15.6;9.3;30.6;225.0;6.6;;;;;
2011-11-04;9.3;14.2;11.6;10.6;59.5;225.0;22.6;;;;;
2011-11-05;8.4;13.6;10.8;10.9;37.0;270.0;0.0;;;;;
2011-11-06;7.7;14.8;10.8;6.1;27.4;292.5;0.0;;;;;
2011-11-07;6.7;15.5;10.8;4.0;25.7;292.5;0.0;;;;;
2011-11-08;4.5;15.1;9.9;3.1;22.5;292.5;0.0;;;;;
2011-11-09;3.5;18.7;10.9;1.9;14.5;45.0;0.2;;;;;
2011-11-10;6.8;20.9;13.9;3.7;25.7;157.5;0.0;;;;;
2011-11-11;11.1;20.8;16.3;10.6;41.8;157.5;0.0;;;;;
2011-11-12;14.6;21.3;17.3;16.9;48.3;157.5;0.0;;;;;
2011-11-13;15.4;21.0;18.1;21.4;59.5;157.5;0.0;;;;;
2011-11-14;9.3;17.8;14.8;15.0;69.2;157.5;5.8;;;;;
2011-11-15;7.9;15.3;11.3;3.4;25.7;270.0;0.2;;;;;
2011-11-16;4.1;15.6;10.2;2.1;20.9;337.5;0.4;;;;;
2011-11-17;2.6;16.4;10.2;7.7;37.0;135.0;0.2;;;;;
2011-11-18;12.6;17.2;13.9;13.4;41.8;157.5;0.0;;;;;
2011-11-19;8.3;13.6;11.7;10.8;38.6;157.5;20.2;;;;;
2011-11-20;8.4;12.6;10.9;3.1;32.2;135.0;25.2;;;;;
2011-11-21;6.6;15.1;10.7;4.8;27.4;292.5;1.0;;;;;
2011-11-22;5.0;11.8;9.6;7.7;33.8;292.5;1.2;;;;;
2011-11-23;1.9;14.4;8.4;2.6;16.1;45.0;0.2;;;;;
2011-11-24;9.2;15.9;11.9;5.8;32.2;135.0;0.0;;;;;
2011-11-25;5.2;18.1;11.3;2.1;16.1;45.0;0.2;;;;;
2011-11-26;3.8;18.1;10.6;1.4;17.7;45.0;0.2;;;;;
2011-11-27;3.2;16.8;9.1;1.9;19.3;202.5;0.2;;;;;
2011-11-28;1.2;15.2;7.8;2.1;20.9;225.0;0.0;;;;;
2011-11-29;0.800000000000001;18.2;8.3;1.1;14.5;202.5;0.2;;;;;
2011-11-30;1.6;16.5;9.5;6.1;33.8;157.5;0.0;;;;;
2011-12-01;10.2;16.6;12.7;9.3;33.8;135.0;0.0;;;;;
2011-12-02;4.8;12.1;8.5;6.8;35.4;292.5;2.4;;;;;
2011-12-03;4.1;12.5;7.9;6.0;29.0;292.5;0.0;;;;;
2011-12-04;2.2;14.7;8.1;1.8;17.7;315.0;0.0;;;;;
2011-12-05;1.1;13.9;7.6;2.9;24.1;292.5;0.2;;;;;
2011-12-06;2.3;12.5;7.3;3.4;20.9;22.5;0.0;;;;;
2011-12-07;0.199999999999999;19.2;8.0;1.4;17.7;225.0;0.4;;;;;
2011-12-08;2.6;16.8;8.9;3.9;32.2;157.5;0.0;;;;;
2011-12-09;3.9;15.1;9.1;1.6;16.1;67.5;0.0;;;;;
2011-12-10;5.8;14.2;9.2;2.7;20.9;315.0;0.0;;;;;
2011-12-11;7.9;11.6;9.6;4.3;25.7;292.5;2.4;;;;;
2011-12-12;6.2;13.4;10.2;3.5;20.9;292.5;0.0;;;;;
2011-12-13;4.8;13.3;9.8;2.9;25.7;45.0;0.0;;;;;
2011-12-14;8.0;15.7;11.5;3.9;30.6;292.5;0.6;;;;;
2011-12-15;3.8;13.6;9.2;4.5;27.4;315.0;0.0;;;;;
2011-12-16;1.2;12.9;7.6;6.0;40.2;270.0;0.2;;;;;
2011-12-17;4.1;13.6;9.5;10.1;41.8;292.5;0.4;;;;;
2011-12-18;-0.300000000000001;10.4;5.3;4.5;32.2;292.5;0.0;;;;;
2011-12-19;-0.5;12.7;4.9;2.6;19.3;45.0;0.0;;;;;
2011-12-20;-3.1;13.3;5.0;1.6;19.3;315.0;0.0;;;;;
2011-12-21;0.6;16.8;8.5;4.7;29.0;225.0;0.0;;;;;
2011-12-22;1.6;19.4;9.6;1.9;16.1;202.5;0.0;;;;;
2011-12-23;-0.199999999999999;20.6;8.4;1.8;29.0;225.0;0.0;;;;;
2011-12-24;-0.4;16.1;7.7;8.2;38.6;157.5;0.2;;;;;
2011-12-25;9.1;14.1;11.2;14.5;43.5;135.0;0.0;;;;;
2011-12-26;9.6;13.3;11.1;15.1;43.5;135.0;0.0;;;;;
2011-12-27;2.9;14.3;9.5;6.6;29.0;112.5;0.0;;;;;
2011-12-28;-0.6;14.4;5.8;2.4;24.1;180.0;0.0;;;;;
2011-12-29;-0.6;14.2;6.8;3.9;27.4;337.5;0.0;;;;;
2011-12-30;-1.5;13.5;6.4;3.5;19.3;315.0;0.0;;;;;
2011-12-31;-1.6;15.4;6.7;2.4;25.7;202.5;0.0;;;;;
2012-01-01;-0.0999999999999996;16.2;7.8;1.8;16.1;202.5;0.0;;;;55.21739130434783;
2012-01-02;6.1;13.8;10.1;6.1;27.4;292.5;0.0;;;;71.08333333333333;
2012-01-03;-0.0999999999999996;16.3;7.1;2.1;16.1;202.5;0.0;;;;47.541666666666664;
2012-01-04;-0.9;18.6;7.3;1.8;17.7;225.0;0.0;;;;39.333333333333336;
2012-01-05;-1.7;19.0;7.6;2.4;17.7;225.0;0.0;;;;44.75;
2012-01-06;-0.800000000000001;18.8;7.9;1.8;17.7;202.5;0.0;;;;54.291666666666664;
2012-01-07;2.2;16.8;9.3;9.3;37.0;157.5;0.0;;;;57.583333333333336;
2012-01-08;3.2;14.2;10.1;14.8;46.7;157.5;0.0;;;;70.20833333333333;
2012-01-09;-1.4;15.1;7.4;10.6;46.7;157.5;0.2;;;;60.958333333333336;
2012-01-10;9.4;13.1;10.6;22.7;67.6;157.5;0.0;;;;84.79166666666667;
2012-01-11;8.4;12.7;10.3;20.0;49.9;157.5;0.0;;;;81.28571428571429;
2012-01-12;9.1;11.9;10.2;19.2;49.9;157.5;0.0;;;;77.125;
2012-01-13;5.4;15.7;10.7;8.9;37.0;157.5;0.0;;;;69.04166666666667;
2012-01-14;1.5;13.1;7.1;3.4;27.3;292.5;0.0;;;;44.583333333333336;
2012-01-15;0.9;11.4;6.7;2.4;16.1;270.0;8.0;;;;58.125;
2012-01-16;3.8;7.7;5.7;7.7;46.7;315.0;10.4;;;;69.625;
2012-01-17;3.2;13.3;7.4;9.7;37.0;315.0;0.0;;;;58.5;
2012-01-18;-0.6;14.5;7.1;3.7;20.9;157.5;0.0;;;;49.041666666666664;
2012-01-19;0.800000000000001;13.4;7.6;3.2;22.5;225.0;0.2;;;;62.333333333333336;
2012-01-20;-0.9;13.7;6.5;2.7;24.1;22.5;0.2;;;;54.72727272727273;
2012-01-21;-0.5;16.7;7.6;1.6;11.3;45.0;0.0;;;;46.375;
2012-01-22;-0.6;16.5;7.4;1.8;17.7;202.5;0.0;;;;49.125;
2012-01-23;-0.800000000000001;14.2;6.6;2.6;20.9;225.0;0.2;;;;47.166666666666664;
2012-01-24;3.6;16.1;9.1;2.3;20.9;202.5;0.0;;;;58.666666666666664;
2012-01-25;0.9;16.0;7.5;2.7;24.1;225.0;0.0;;;;47.72727272727273;
2012-01-26;0.0;15.3;7.3;2.1;19.3;225.0;0.0;;;;46.083333333333336;
2012-01-27;3.4;11.1;6.7;2.1;30.6;45.0;3.0;;;;42.625;
2012-01-28;2.9;14.4;7.9;1.8;16.1;315.0;0.2;;;;56.875;
2012-01-29;-0.4;12.0;6.1;5.6;33.8;225.0;0.0;;;;53.875;
2012-01-30;-2.2;12.5;4.6;3.4;22.5;225.0;0.0;;;;55.375;
2012-01-31;-1.6;15.1;5.9;2.9;19.3;225.0;0.0;;;;58.21739130434783;
2012-02-01;-2.1;14.9;6.3;2.6;25.7;292.5;0.0;;;;59.333333333333336;
2012-02-02;2.2;7.1;5.8;10.1;35.4;337.5;1.6;;;;67.33333333333333;
2012-02-03;-2.2;5.6;1.7;13.8;51.5;337.5;0.0;;;;72.0;
2012-02-04;-3.5;6.1;1.6;18.5;54.7;22.5;0.0;;;;74.29166666666667;
2012-02-05;-2.9;10.1;4.8;8.9;40.2;315.0;0.0;;;;75.54166666666667;
2012-02-06;4.4;13.9;9.2;8.5;30.6;292.5;0.0;;;;65.0;
2012-02-07;0.800000000000001;13.7;8.6;7.4;41.8;315.0;0.0;;;;58.041666666666664;
2012-02-08;-0.800000000000001;8.3;3.7;18.8;51.5;0.0;0.0;;;;73.5909090909091;
2012-02-09;-6.9;11.0;1.9;1.9;16.1;45.0;0.0;;;;62.041666666666664;
2012-02-10;-5.4;11.2;3.7;4.8;29.0;292.5;0.0;;;;64.125;
2012-02-11;-2.8;11.7;4.8;5.6;30.6;315.0;0.0;;;;75.79166666666667;
2012-02-12;-6.2;6.4;0.600000000000001;9.8;45.1;337.5;0.0;;;;67.875;
2012-02-13;-7.3;8.7;0.699999999999999;4.8;29.0;22.5;0.0;;;;67.25;
2012-02-14;-5.5;11.3;3.6;5.1;29.0;292.5;0.0;;;;61.916666666666664;
2012-02-15;-2.8;12.3;5.1;4.2;45.1;135.0;0.0;;;;66.79166666666667;
2012-02-16;-4.6;12.1;4.9;8.7;40.2;0.0;0.0;;;;59.95652173913044;
2012-02-17;1.3;8.9;6.1;5.6;29.0;157.5;0.4;;;;82.0;
2012-02-18;5.1;14.1;9.1;8.7;37.0;157.5;0.0;;;;87.26086956521739;
2012-02-19;-2.3;15.1;6.9;3.5;27.4;225.0;0.0;;;;59.30434782608695;
2012-02-20;-1.5;15.9;7.4;3.2;30.6;202.5;0.0;;;;61.583333333333336;
2012-02-21;-2.1;16.4;6.8;2.6;17.7;202.5;0.0;;;;67.0909090909091;
2012-02-22;-3.0;15.6;7.2;3.9;22.5;45.0;0.0;;;;74.75;
2012-02-23;-2.6;15.0;7.9;7.4;38.6;157.5;0.2;;;;71.0;
2012-02-24;1.7;15.8;10.3;10.3;40.2;135.0;0.0;;;;101.75;
2012-02-25;0.0999999999999996;17.4;10.5;4.7;25.7;292.5;0.0;;;;81.10526315789474;
2012-02-26;-1.0;18.0;9.7;4.5;33.8;292.5;0.0;;;;82.75;
2012-02-27;-0.800000000000001;21.2;10.8;5.5;32.2;45.0;0.0;;;;87.26086956521739;
2012-02-28;8.8;16.4;11.9;15.3;43.5;157.5;0.0;;;;105.0952380952381;
2012-02-29;7.9;17.7;11.8;13.0;41.8;157.5;0.0;;;;99.22727272727273;
2012-03-01;0.800000000000001;17.5;9.7;2.9;25.7;45.0;3.0;;;;68.45833333333333;
2012-03-02;7.0;13.0;9.4;4.0;24.1;157.5;0.2;;;;67.625;
2012-03-03;2.2;16.9;9.4;2.4;24.1;45.0;0.0;;;;67.04166666666667;
2012-03-04;2.6;17.8;11.2;3.7;32.2;292.5;0.0;;;;62.69565217391305;
2012-03-05;6.4;18.4;12.6;5.1;25.7;292.5;0.0;;;;72.45833333333333;
2012-03-06;4.2;16.9;11.3;5.1;32.2;292.5;0.0;;;;74.04166666666667;
2012-03-07;0.699999999999999;17.7;8.7;6.1;37.0;45.0;0.0;;;;75.79166666666667;
2012-03-08;-1.1;18.0;10.1;7.1;40.2;315.0;0.0;;;;74.375;
2012-03-09;5.2;15.6;10.8;14.8;45.1;157.5;0.0;;;;92.58333333333333;
2012-03-10;7.7;14.3;10.4;17.1;46.7;157.5;0.0;;;;102.79166666666667;
2012-03-11;0.300000000000001;17.9;10.2;7.2;33.8;157.5;0.0;;;;92.79166666666667;
2012-03-12;1.0;19.2;11.4;8.7;35.4;157.5;0.0;;;;99.91304347826087;
2012-03-13;9.2;19.6;14.1;12.7;43.5;157.5;0.0;;;;113.54166666666667;
2012-03-14;10.6;21.7;15.9;14.8;45.1;157.5;0.0;;;;106.54166666666667;
2012-03-15;9.6;20.3;15.5;18.3;51.5;157.5;0.0;;;;;
2012-03-16;8.2;17.6;12.9;7.7;29.0;157.5;0.0;;;;;
2012-03-17;2.7;18.8;11.6;3.7;25.7;202.5;0.0;;;;78.29166666666667;
2012-03-18;5.8;16.4;11.3;6.8;30.6;315.0;0.0;;;;82.33333333333333;
2012-03-19;0.800000000000001;17.4;10.6;6.1;35.4;157.5;0.0;;;;85.54166666666667;
2012-03-20;1.6;13.1;7.7;13.0;48.3;0.0;0.0;;;;75.14285714285714;
2012-03-21;0.6;14.5;7.8;4.8;30.6;337.5;0.0;;;;80.5;
2012-03-22;-0.199999999999999;16.7;8.9;12.7;51.5;157.5;0.0;;;;84.5;
2012-03-23;9.7;17.4;13.1;29.3;78.9;157.5;0.0;;;;108.79166666666667;
2012-03-24;10.7;16.0;12.5;20.9;62.8;157.5;0.0;;;;102.33333333333333;
2012-03-25;10.5;14.9;12.0;25.3;57.9;157.5;0.0;;;;106.75;
2012-03-26;10.7;16.1;12.7;26.9;61.2;157.5;0.0;;;;105.70833333333333;
2012-03-27;10.3;17.6;13.4;20.6;56.3;135.0;0.0;;;;116.68181818181819;
2012-03-28;9.5;17.5;13.4;20.6;59.5;135.0;0.0;;;;122.33333333333333;
2012-03-29;10.3;16.2;12.6;20.8;56.3;135.0;0.0;;;;112.75;
2012-03-30;10.4;17.9;13.3;17.9;49.9;157.5;0.0;;;;114.75;
2012-03-31;5.6;16.8;12.4;4.2;22.5;157.5;1.8;;;;89.29166666666667;
2012-04-01;4.7;17.8;11.4;3.7;32.2;202.5;2.0;;;;62.791666666666664;
2012-04-02;6.6;15.4;11.0;3.1;30.6;225.0;3.6;;;;68.25;
2012-04-03;9.6;15.9;11.9;5.8;37.0;225.0;2.0;;;;76.125;
2012-04-04;8.4;13.7;11.4;6.1;33.8;270.0;0.0;;;;88.25;
2012-04-05;3.9;15.1;9.9;8.9;43.5;225.0;0.2;;;;78.70833333333333;
2012-04-06;2.9;12.6;8.2;8.0;40.2;225.0;0.2;;;;91.08333333333333;
2012-04-07;4.7;15.1;10.0;4.7;32.2;292.5;1.4;;;;83.0;
2012-04-08;1.7;22.8;12.0;3.1;20.9;45.0;0.0;;;;73.375;
2012-04-09;3.9;26.2;14.4;5.0;32.2;135.0;0.0;;;;83.45833333333333;
2012-04-10;11.9;18.4;15.1;13.0;46.7;270.0;0.0;;;;87.875;
2012-04-11;10.4;17.7;13.4;8.0;32.2;292.5;0.0;;;;88.29166666666667;
2012-04-12;9.9;16.3;12.0;9.8;49.9;292.5;0.8;;;;86.45833333333333;
2012-04-13;7.4;16.6;11.7;16.6;51.5;292.5;0.0;;;;87.79166666666667;
2012-04-14;9.7;13.2;11.2;19.3;69.2;270.0;5.8;;;;94.66666666666667;
2012-04-15;7.1;14.1;9.4;16.4;61.2;292.5;0.2;;;;92.125;
2012-04-16;6.9;15.9;10.9;15.3;51.5;315.0;0.0;;;;100.625;
2012-04-17;3.7;20.3;13.6;8.9;37.0;292.5;0.0;;;;98.75;
2012-04-18;9.3;16.7;13.0;13.4;41.8;270.0;0.0;;;;84.3913043478261;
2012-04-19;9.5;15.0;11.8;15.0;49.9;270.0;0.0;;;;98.33333333333333;
2012-04-20;10.2;16.4;13.1;10.6;40.2;292.5;0.0;;;;87.91666666666667;
2012-04-21;7.5;20.9;15.2;6.6;33.8;292.5;0.0;;;;72.0;
2012-04-22;8.9;21.3;16.0;9.3;37.0;292.5;0.0;;;;69.20833333333333;
2012-04-23;9.0;20.4;14.7;10.3;40.2;292.5;0.0;;;;87.75;
2012-04-24;10.6;20.2;14.6;8.9;30.6;292.5;0.0;;;;88.95833333333333;
2012-04-25;5.4;22.8;14.7;6.4;41.8;270.0;0.0;;;;85.04166666666667;
2012-04-26;4.7;24.1;14.7;5.1;32.2;292.5;0.0;;;;73.83333333333333;
2012-04-27;8.9;21.1;15.0;5.8;38.6;270.0;0.0;;;;60.458333333333336;
2012-04-28;8.3;14.1;11.1;12.1;49.9;270.0;7.0;;;;98.83333333333333;
2012-04-29;7.2;11.4;8.8;10.0;38.6;157.5;9.4;;;;98.58333333333333;
2012-04-30;6.3;13.9;9.8;6.8;32.2;225.0;4.2;;;;91.25;
2012-05-01;2.3;17.4;10.5;4.5;29.0;225.0;0.2;;;;81.20833333333333;
2012-05-02;3.5;19.4;12.3;6.3;33.8;135.0;0.0;;;;76.125;
2012-05-03;5.1;17.7;12.3;5.6;32.2;225.0;2.2;;;;65.16666666666667;
2012-05-04;9.1;17.5;13.1;9.0;43.5;225.0;0.8;;;;77.875;
2012-05-05;10.2;15.2;12.6;6.6;38.6;157.5;33.6;;;;62.916666666666664;
2012-05-06;10.1;18.7;14.4;7.2;29.0;292.5;2.4;;;;89.33333333333333;
2012-05-07;6.6;24.7;16.2;2.7;20.9;292.5;0.0;;;;82.16666666666667;
2012-05-08;9.7;25.9;19.0;2.1;17.7;225.0;0.0;;;;71.18181818181819;
2012-05-09;12.1;27.8;21.2;9.2;37.0;157.5;0.0;;;;83.45833333333333;
2012-05-10;19.7;27.9;23.7;24.0;57.9;157.5;0.0;;;;103.16666666666667;
2012-05-11;20.8;28.2;24.0;23.2;54.7;157.5;0.0;;;;95.0;
2012-05-12;19.6;29.1;23.9;15.4;45.1;157.5;0.0;;;;85.79166666666667;
2012-05-13;16.6;33.7;25.9;5.3;25.7;157.5;0.0;;;;79.69565217391305;
2012-05-14;17.4;34.1;27.1;5.3;35.4;315.0;0.0;;;;68.83333333333333;
2012-05-15;17.4;33.8;26.8;4.8;25.7;292.5;0.0;;;;86.95833333333333;
2012-05-16;15.2;25.9;20.5;20.1;62.8;157.5;0.0;;;;115.91666666666667;
2012-05-17;16.3;25.6;20.3;24.3;66.0;157.5;0.0;;;;116.91666666666667;
2012-05-18;15.2;27.4;20.7;8.9;41.8;270.0;0.0;;;;99.38095238095238;
2012-05-19;13.5;20.8;16.4;13.0;35.1;225.0;0.2;;;;77.70833333333333;
2012-05-20;9.9;15.8;12.4;15.0;54.7;270.0;4.0;;;;88.04166666666667;
2012-05-21;8.3;19.7;13.8;10.6;41.8;270.0;0.0;;;;91.33333333333333;
2012-05-22;7.7;25.9;17.7;5.3;38.6;22.5;0.0;;;;89.20833333333333;
2012-05-23;9.4;28.7;18.3;4.5;43.5;225.0;0.0;;;;90.27272727272727;
2012-05-24;11.8357404173913;28.4488377445358;20.2529629466831;;-999.0;;0.0;;;;98.91666666666667;
2012-05-25;16.6631628219707;28.8082423504482;22.8798831297488;;-999.0;;0.0;;;;118.75;
2012-05-26;12.9287417165413;27.3706239267986;20.2529629466831;;-999.0;;0.0;;;;92.45833333333333;
2012-05-27;10.9249060014329;29.0777958048825;20.1623794920946;;-999.0;;0.0;;;;90.16666666666667;
2012-05-28;14.9325774316498;29.1676469563606;22.155215493041;;-999.0;;0.0;;;;94.625;
2012-05-29;12.9287417165413;29.7144222185244;22.4226108495157;;-999.0;;0.0;;;;103.73913043478261;
2012-05-30;21.8;28.6;25.3;17.4;45.1;157.5;0.0;;;;107.18181818181819;
2012-05-31;18.9;32.1;25.5;21.4;56.3;157.5;0.0;;;;121.54166666666667;
2012-06-01;18.8;30.9;24.7;11.7;40.2;157.5;0.0;;;;127.625;
2012-06-02;16.6631628219707;27.1909216238424;21.9740485838641;;-999.0;;0.0;;;;92.125;
2012-06-03;16.6631628219707;28.3589865930577;22.6081327659834;;-999.0;;0.0;;;;76.70833333333333;
2012-06-04;23.4;30.8;28.8;7.7;27.4;292.5;0.0;;;;81.04166666666667;
2012-06-05;14.6;33.3;25.7;4.3;30.6;292.5;0.0;;;;88.54166666666667;
2012-06-06;15.9;34.0;26.6;4.7;32.2;292.5;0.0;;;;69.82608695652173;
2012-06-07;17.3;29.8;24.2;7.7;38.6;270.0;0.0;;;;56.083333333333336;
2012-06-08;15.6;25.1;20.9;7.7;43.5;292.5;0.0;;;;75.95454545454545;
2012-06-09;12.1089907421788;28.5386888960139;20.43412985586;;-999.0;;0.0;;;;96.08333333333333;
2012-06-10;14.1128264572872;30.0661584711416;22.155215493041;;-999.0;;0.0;;;;65.58333333333333;
2012-06-11;17.9383310043124;28.1792842901015;23.1516334935142;;-999.0;;0.0;;;;76.95833333333333;
2012-06-12;13.657409249308;27.5503262297548;20.7058802196254;;-999.0;;0.0;;;;81.91666666666667;
2012-06-13;19.0;26.4;23.8;22.9;56.3;157.5;0.0;;;;88.66666666666667;
2012-06-14;17.3;28.9;22.6;12.7;38.6;157.5;0.0;;;;101.29166666666667;
2012-06-15;14.9;32.6;23.9;5.5;49.9;202.5;0.0;;;;98.79166666666667;
2012-06-16;15.7;32.7;25.6;5.0;29.0;292.5;0.0;;;;73.5;
2012-06-17;18.2;32.8;25.7;8.7;41.8;157.5;0.0;;;;85.34782608695652;
2012-06-18;16.1;32.6;24.6;8.9;37.0;157.5;0.0;;;;90.0;
2012-06-19;19.7;29.6;24.3;10.1;37.0;292.5;0.0;;;;88.375;
2012-06-20;13.1;30.9;22.9;5.3;33.8;292.5;0.0;;;;91.08333333333333;
2012-06-21;13.4;28.3;21.7;6.8;29.0;292.5;0.0;;;;70.29166666666667;
2012-06-22;15.3;34.3;25.9;3.9;24.1;292.5;0.0;;;;80.625;
2012-06-23;18.8;32.3;25.6;15.1;45.1;157.5;0.0;;;;86.91666666666667;
2012-06-24;21.1;35.1;27.8;11.4;37.0;157.5;0.0;;;;97.95833333333333;
2012-06-25;21.9;33.2;27.3;16.9;46.7;157.5;0.0;;;;111.83333333333333;
2012-06-26;25.2;33.8;29.3;20.3;53.1;157.5;0.0;;;;109.0909090909091;
2012-06-27;25.7;37.3;30.8;13.7;41.8;157.5;0.0;;;;120.45833333333333;
2012-06-28;19.1;39.3;29.7;5.6;43.5;270.0;0.0;;;;80.83333333333333;
2012-06-29;16.1;32.9;25.9;7.1;35.4;292.5;0.0;;;;74.25;
2012-06-30;15.9;27.1;22.3;8.5;45.1;292.5;0.0;;;;91.91666666666667;
2012-07-01;16.1;28.8;22.4;8.4;29.0;292.5;0.0;;;;87.375;
2012-07-02;12.6;29.4;23.0;12.7;49.9;157.5;0.0;;;;95.85714285714286;
2012-07-03;18.9;31.0;25.0;16.1;48.3;157.5;0.0;;;;115.41666666666667;
2012-07-04;15.4;33.2;26.1;7.6;37.0;270.0;0.0;;;;90.08333333333333;
2012-07-05;20.0;29.7;25.1;9.2;35.4;292.5;0.0;;;;85.875;
2012-07-06;13.0;32.6;24.4;3.9;24.1;292.5;0.0;;;;94.125;
2012-07-07;14.6;34.8;26.5;4.7;35.4;292.5;0.0;;;;99.25;
2012-07-08;17.1;33.9;26.8;5.8;33.8;270.0;0.0;;;;72.91666666666667;
2012-07-09;13.7;34.2;24.8;4.8;29.0;292.5;0.0;;;;82.41666666666667;
2012-07-10;13.7;32.2;24.1;5.5;33.8;292.5;0.0;;;;90.04166666666667;
2012-07-11;13.3;31.7;24.1;4.7;33.8;292.5;0.0;;;;93.33333333333333;
2012-07-12;13.3;32.1;24.6;10.1;45.1;157.5;0.0;;;;93.34782608695652;
2012-07-13;17.3;38.9;28.7;4.5;35.4;225.0;0.0;;;;104.29166666666667;
2012-07-14;21.5;33.1;28.5;6.9;40.2;292.5;0.0;;;;88.5;
2012-07-15;13.6;32.1;24.8;14.2;46.7;157.5;0.0;;;;90.70833333333333;
2012-07-16;20.9;26.7;23.3;27.2;64.4;157.5;0.0;;;;86.45833333333333;
2012-07-17;20.4;28.3;24.2;28.2;61.2;157.5;0.0;;;;93.95833333333333;
2012-07-18;21.7;31.7;26.1;21.9;59.5;157.5;0.0;;;;101.16666666666667;
2012-07-19;20.8;36.6;28.4;11.1;33.8;157.5;0.0;;;;108.125;
2012-07-20;17.1;36.5;28.8;6.1;33.8;292.5;0.0;;;;88.23809523809524;
2012-07-21;16.5;36.7;28.8;5.1;32.2;292.5;0.0;;;;81.16666666666667;
2012-07-22;21.5;35.3;27.9;8.7;33.8;202.5;0.0;;;;97.0;
2012-07-23;20.8;30.7;25.1;15.3;48.3;157.5;0.0;;;;92.70833333333333;
2012-07-24;20.0;29.2;23.9;24.6;53.1;157.5;0.0;;;;121.82608695652173;
2012-07-25;19.6;31.3;23.7;13.5;48.3;157.5;0.0;;;;116.875;
2012-07-26;16.3;31.2;23.4;5.0;33.8;292.5;0.0;;;;90.16666666666667;
2012-07-27;16.7;27.8;21.4;7.2;32.2;292.5;0.0;;;;87.29166666666667;
2012-07-28;12.4;29.7;21.9;5.5;25.7;292.5;0.0;;;;82.66666666666667;
2012-07-29;13.9;34.4;25.4;3.7;27.4;292.5;0.0;;;;89.66666666666667;
2012-07-30;18.7;33.6;27.0;9.5;38.6;157.5;0.0;;;;99.75;
2012-07-31;17.3;37.4;28.0;4.3;29.0;157.5;0.0;;;;93.45454545454545;
2012-08-01;19.4;37.6;29.4;4.8;29.0;292.5;0.0;;;;83.25;
2012-08-02;19.9;38.3;29.5;4.8;32.2;292.5;0.0;;;;78.75;
2012-08-03;17.6;36.9;28.6;5.6;37.0;292.5;0.0;;;;85.79166666666667;
2012-08-04;18.7;36.4;28.5;6.1;37.0;270.0;0.0;;;;82.20833333333333;
2012-08-05;17.9;28.4;24.6;8.9;38.6;270.0;0.0;;;;72.16666666666667;
2012-08-06;15.9;30.4;23.6;6.1;37.0;270.0;0.0;;;;89.125;
2012-08-07;18.3;29.7;24.6;16.9;56.3;157.5;0.0;;;;98.04166666666667;
2012-08-08;21.4;29.8;24.6;23.2;66.0;157.5;0.0;;;;94.41666666666667;
2012-08-09;21.7;35.6;29.2;19.0;57.9;157.5;0.0;;;;102.70833333333333;
2012-08-10;21.8;41.5;32.6;8.4;72.4;157.5;0.0;;;;87.58333333333333;
2012-08-11;20.2;41.3;32.2;6.3;30.6;270.0;0.0;;;;78.41666666666667;
2012-08-12;21.6;34.9;29.3;7.1;41.8;270.0;0.0;;;;83.66666666666667;
2012-08-13;17.1;31.1;24.8;6.1;27.4;292.5;0.0;;;;81.33333333333333;
2012-08-14;14.4;31.9;24.1;4.5;32.2;292.5;0.0;;;;74.125;
2012-08-15;15.1;30.7;23.5;5.8;27.4;315.0;0.0;;;;63.791666666666664;
2012-08-16;15.6;36.8;26.9;6.1;33.8;157.5;0.0;;;;72.08333333333333;
2012-08-17;25.8;36.0;30.2;18.7;46.7;157.5;0.0;;;;122.91666666666667;
2012-08-18;19.4;34.9;27.9;7.7;35.4;157.5;0.0;;;;101.29166666666667;
2012-08-19;24.4;33.9;28.6;10.9;41.8;157.5;0.0;;;;94.20833333333333;
2012-08-20;22.1;34.2;28.5;13.2;43.5;157.5;0.0;;;;101.20833333333333;
2012-08-21;20.9;38.8;30.6;6.6;27.4;202.5;0.0;;;;98.66666666666667;
2012-08-22;19.9;38.7;30.1;5.5;35.4;270.0;0.0;;;;83.75;
2012-08-23;17.6;33.9;27.7;6.0;35.4;270.0;0.0;;;;64.53333333333333;
2012-08-24;17.1;31.3;25.4;6.8;33.8;292.5;0.0;;;;;
2012-08-25;18.1;31.6;25.1;6.9;32.2;292.5;0.0;;;;;
2012-08-26;18.4;33.4;26.7;4.7;22.5;292.5;0.0;;;;;
2012-08-27;20.7;32.6;25.9;10.6;40.2;157.5;0.0;;;;;
2012-08-28;15.7;34.4;26.1;3.7;24.1;292.5;0.0;;;;;
2012-08-29;16.1;33.8;26.1;5.5;29.0;292.5;0.0;;;;;
2012-08-30;15.8;30.9;24.5;5.0;33.8;292.5;0.0;;;;;
2012-08-31;17.1;27.8;23.2;14.8;53.1;157.5;0.0;;;;;
2012-09-01;20.2;28.8;23.6;15.3;43.5;157.5;0.0;;;;;
2012-09-02;18.6;25.9;21.6;19.5;53.1;157.5;0.0;;;;;
2012-09-03;17.8;26.5;21.7;17.5;45.1;157.5;0.0;;;;;
2012-09-04;17.7;26.9;21.8;17.9;51.5;157.5;0.0;;;;;
2012-09-05;17.9;27.3;22.2;22.4;54.7;157.5;0.0;;;;;
2012-09-06;18.7;29.1;22.9;21.2;59.5;157.5;0.0;;;;;
2012-09-07;19.5;28.1;23.1;17.2;51.5;157.5;0.0;;;;;
2012-09-08;16.2;29.6;23.3;9.8;35.4;157.5;0.0;;;;;
2012-09-09;16.4;27.7;22.3;5.5;32.2;292.5;0.0;;;;;
2012-09-10;13.3;28.2;21.8;3.9;27.4;292.5;0.0;;;;92.91666666666667;
2012-09-11;13.8;32.2;23.4;3.4;25.7;292.5;0.0;;;;84.04166666666667;
2012-09-12;14.3;33.6;25.4;3.7;30.6;292.5;0.0;;;;84.70833333333333;
2012-09-13;16.8;31.7;25.1;5.0;27.4;292.5;0.0;;;;86.0;
2012-09-14;14.6;31.8;23.1;5.3;24.1;202.5;0.0;;;;87.33333333333333;
2012-09-15;17.4;30.6;23.8;11.9;40.2;157.5;0.0;;;;96.45833333333333;
2012-09-16;14.4;33.7;24.9;3.7;32.2;292.5;0.0;;;;90.95833333333333;
2012-09-17;14.1;33.1;24.0;2.9;24.1;292.5;0.0;;;;74.83333333333333;
2012-09-18;17.4;29.9;23.3;1.9;35.4;270.0;0.0;;;;62.08695652173913;
2012-09-19;13.8;29.1;21.8;3.5;29.0;225.0;0.0;;;;59.708333333333336;
2012-09-20;19.2;25.4;21.9;18.7;56.3;157.5;0.0;;;;92.625;
2012-09-21;19.3;29.2;23.3;13.7;41.8;157.5;0.0;;;;94.95454545454545;
2012-09-22;15.5;31.6;23.8;5.0;27.4;135.0;0.0;;;;81.79166666666667;
2012-09-23;17.8;32.5;24.1;10.3;57.9;270.0;0.0;;;;70.75;
2012-09-24;14.4;25.1;19.7;5.8;25.7;292.5;0.0;;;;81.79166666666667;
2012-09-25;12.9;21.6;17.9;9.2;37.0;292.5;0.0;;;;81.83333333333333;
2012-09-26;14.6;19.4;16.8;6.3;29.0;225.0;2.6;;;;64.75;
2012-09-27;14.0;18.3;16.4;9.8;48.3;157.5;10.4;;;;59.125;
2012-09-28;13.9;17.6;15.0;5.1;43.5;135.0;157.4;;;;74.69565217391305;
2012-09-29;13.8;18.1;15.6;2.9;19.3;202.5;2.6;;;;72.5;
2012-09-30;13.9;23.0;17.6;2.6;22.5;0.0;0.2;;;;71.25;
2012-10-01;11.2;24.0;17.5;2.7;20.9;202.5;0.2;;;;69.8695652173913;
2012-10-02;11.2;26.2;18.6;2.1;17.7;157.5;0.0;;;;74.75;
2012-10-03;13.1;24.1;19.1;8.9;40.2;135.0;0.0;;;;84.20833333333333;
2012-10-04;14.4;27.2;20.9;7.9;35.4;157.5;0.0;;;;118.45833333333333;
2012-10-05;14.6;25.5;20.1;7.4;3.7;135.0;0.0;;;;102.79166666666667;
2012-10-06;13.9;26.6;19.7;1.8;20.9;45.0;0.0;;;;74.20833333333333;
2012-10-07;12.3;28.3;20.4;2.4;19.3;135.0;0.0;;;;62.458333333333336;
2012-10-08;13.4;29.7;21.4;1.8;22.5;337.5;0.0;;;;63.916666666666664;
2012-10-09;13.9;31.3;22.1;2.3;16.1;45.0;0.0;;;;70.04166666666667;
2012-10-10;14.6;28.8;21.7;3.2;27.4;292.5;0.0;;;;54.5;
2012-10-11;16.3;24.2;20.1;6.6;32.2;270.0;0.0;;;;56.125;
2012-10-12;15.5;22.5;18.7;5.8;27.4;292.5;0.0;;;;65.95833333333333;
2012-10-13;14.4;22.2;17.8;5.3;32.2;292.5;0.0;;;;81.33333333333333;
2012-10-14;10.3;22.3;16.3;6.1;37.0;270.0;0.0;;;;66.08333333333333;
2012-10-15;10.1;18.8;14.6;9.0;37.0;292.5;3.2;;;;70.91666666666667;
2012-10-16;7.0;20.7;14.6;7.2;35.4;157.5;0.0;;;;70.08333333333333;
2012-10-17;12.1;22.4;17.1;11.9;45.1;157.5;0.0;;;;106.1304347826087;
2012-10-18;13.3;22.0;17.9;13.0;45.1;157.5;0.0;;;;102.41666666666667;
2012-10-19;11.3;17.0;13.6;3.1;20.9;45.0;1.0;;;;72.08333333333333;
2012-10-20;8.1;17.6;13.1;3.4;22.5;225.0;0.2;;;;64.375;
2012-10-21;9.1;17.6;13.6;5.5;35.4;270.0;0.6;;;;78.5;
2012-10-22;13.7;24.5;17.2;1.9;20.9;45.0;0.2;;;;55.666666666666664;
2012-10-23;15.6;22.3;18.7;18.2;46.7;157.5;0.0;;;;80.33333333333333;
2012-10-24;13.2;19.0;16.3;16.9;57.9;157.5;9.4;;;;86.54166666666667;
2012-10-25;12.9;16.8;14.3;11.9;43.5;157.5;43.6;;;;75.45833333333333;
2012-10-26;13.0;17.6;15.0;7.9;29.0;225.0;13.0;;;;73.16666666666667;
2012-10-27;13.7;17.9;15.3;10.6;33.8;270.0;1.0;;;;77.41666666666667;
2012-10-28;9.6;16.7;12.7;9.3;33.8;157.5;0.0;;;;74.73913043478261;
2012-10-29;9.2;14.8;11.9;8.9;38.6;157.5;0.0;;;;80.33333333333333;
2012-10-30;10.4;12.1;11.3;9.7;48.3;157.5;22.4;;;;79.83333333333333;
2012-10-31;7.7;14.9;11.3;3.7;24.1;292.5;0.2;;;;81.25;
2012-11-01;10.6;18.3;13.7;3.5;24.1;292.5;3.2;;;;79.95833333333333;
2012-11-02;7.8;18.0;13.4;2.4;27.4;225.0;7.4;;;;72.45833333333333;
2012-11-03;14.6;20.9;17.6;6.3;30.6;157.5;8.4;;;;55.208333333333336;
2012-11-04;14.8;21.8;19.4;14.6;54.7;202.5;16.2;;;;59.0;
2012-11-05;10.3;14.9;12.4;4.8;19.3;315.0;4.4;;;;71.70833333333333;
2012-11-06;9.5;12.9;11.6;6.8;38.6;45.0;28.0;;;;73.14285714285714;
2012-11-07;12.3;14.4;13.2;21.4;66.0;157.5;6.4;;;;75.65;
2012-11-08;13.3;16.6;14.8;17.1;56.3;157.5;3.6;;;;69.66666666666667;
2012-11-09;9.3;15.9;13.8;3.4;40.2;157.5;25.6;;;;61.166666666666664;
2012-11-10;7.7;15.8;11.9;4.8;29.0;270.0;0.4;;;;61.458333333333336;
2012-11-11;7.4;12.9;9.8;12.6;43.5;292.5;2.6;;;;73.65217391304348;
2012-11-12;7.3;15.6;10.9;10.8;43.5;337.5;0.0;;;;71.79166666666667;
2012-11-13;7.0;15.7;11.4;5.5;33.8;337.5;0.0;;;;61.041666666666664;
2012-11-14;5.4;17.9;12.2;8.5;35.4;157.5;0.0;;;;37.5;
2012-11-15;13.4;16.9;14.6;22.0;49.9;157.5;0.0;;;;;
2012-11-16;13.5;16.2;14.5;22.7;54.7;157.5;0.0;;;;;
2012-11-17;12.9;15.8;13.9;10.3;35.4;157.5;12.4;;;;;
2012-11-18;10.7;17.1;13.3;3.9;22.5;0.0;7.8;;;;;
2012-11-19;7.2;17.6;12.5;1.6;17.7;315.0;0.0;;;;;
2012-11-20;6.8;17.1;11.7;3.5;25.7;157.5;0.4;;;;;
2012-11-21;9.3;15.9;12.6;1.4;14.5;45.0;0.0;;;;;
2012-11-22;9.9;16.7;13.2;6.4;33.8;157.5;0.2;;;;;
2012-11-23;11.4;15.7;12.9;15.6;43.5;157.5;0.0;;;;;
2012-11-24;11.9;15.1;13.2;16.1;49.9;157.5;0.0;;;;;
2012-11-25;11.1;18.3;13.8;4.8;25.7;225.0;0.0;;;;;
2012-11-26;9.1;18.4;12.7;3.2;25.7;292.5;0.6;;;;;
2012-11-27;5.4;9.7;7.5;9.0;40.2;292.5;1.0;;;;;
2012-11-28;2.8;9.3;6.2;6.1;32.2;292.5;0.0;;;;;
2012-11-29;3.7;9.6;6.7;6.6;32.2;292.5;0.0;;;;;
2012-11-30;2.2;6.1;4.3;2.9;25.7;292.5;7.6;;;;;
2012-12-01;1.3;7.6;4.4;4.5;25.7;315.0;0.0;;;;;
2012-12-02;-1.4;10.8;3.8;2.1;17.7;45.0;0.0;;;;;
2012-12-03;-1.9;11.9;4.7;2.4;19.3;225.0;0.0;;;;;
2012-12-04;-0.4;10.7;6.2;5.8;35.4;292.5;0.2;;;;;
2012-12-05;3.6;11.0;8.9;7.9;30.6;292.5;0.0;;;;;
2012-12-06;3.4;13.7;8.2;0.6;9.7;225.0;0.0;;;;;
2012-12-07;8.5;14.4;10.7;3.7;25.7;157.5;8.0;;;;;
2012-12-08;5.7;14.6;11.4;4.7;25.7;315.0;0.2;;;;;
2012-12-09;2.2;13.6;8.1;6.1;38.6;157.5;0.2;;;;;
2012-12-10;4.1;14.3;8.8;2.3;17.7;315.0;0.0;;;;;
2012-12-11;1.2;14.9;7.1;0.6;11.3;202.5;0.2;;;;;
2012-12-12;5.2;13.1;9.6;4.7;30.6;157.5;0.2;;;;;
2012-12-13;4.4;14.6;9.4;2.4;27.4;292.5;0.2;;;;;
2012-12-14;5.0;15.4;10.6;3.9;38.6;225.0;0.0;;;;;
2012-12-15;12.6;17.3;14.6;11.7;54.7;247.5;4.0;;;;;
2012-12-16;12.3;17.1;14.2;5.1;25.9;292.5;3.0;;;;;
2012-12-17;11.3;14.3;13.1;3.5;22.5;292.5;0.4;;;;;
2012-12-18;10.2;16.7;13.4;2.9;17.7;315.0;0.6;;;;;
2012-12-19;8.37456963674949;17.3971461127296;12.9157031250167;;-999.0;45.0;0.4;;;;;
2012-12-20;8.19240275355781;15.2407184772553;11.828701669955;;-999.0;;0.0;;;;;
2012-12-21;9.01215372792035;15.3305696287334;12.1910354883089;;-999.0;;0.2;;;;;
2012-12-22;4.91339885610768;17.9362530215982;11.4663678516011;;-999.0;;0.0;;;;;
2012-12-23;5.27773262249103;21.9795548381127;13.730954216313;;-999.0;;0.2;;;;;
2012-12-24;1.90764528344506;20.6317875659412;11.3757843970126;;-999.0;;0.0;;;;;
2012-12-25;6.27965048004524;15.6001230831677;11.0134505786587;;-999.0;;1.6;;;;;
2012-12-26;4.09364788174515;12.6350350843904;8.38653039559301;;-999.0;;0.2;;;;;
2012-12-27;-0.278357314855029;13.8031000536057;6.84661166758895;;-999.0;;0.0;;;;;
2012-12-28;-2.73761023794263;16.6783369009048;7.11836203135438;;-999.0;;0.2;;;;;
2012-12-29;-1.1891917308134;14.1625046595181;6.57486130382353;;-999.0;;0.2;;;;;
2012-12-30;3.82039755695764;12.9045885388247;8.38653039559301;;-999.0;;0.2;;;;;
2012-12-31;0.177059893124156;13.6233977506495;6.93719512217743;;-999.0;;1.4;;;;;
2013-01-01;6.2;8.3;7.3;5.3;14.5;315.0;0.0;;;;;
2013-01-02;3.7;12.7;7.7;5.3;25.7;337.5;0.2;;;;;
2013-01-03;1.6;12.9;7.3;6.0;40.2;135.0;0.0;;;;;
2013-01-04;2.1;13.4;8.1;9.7;38.6;157.5;0.0;;;;;
2013-01-05;1.1;15.3;8.2;3.2;24.1;315.0;0.2;;;;;
2013-01-06;-0.4;13.9;6.5;2.1;19.3;315.0;0.0;;;;;
2013-01-07;2.4;13.5;7.2;1.8;20.9;315.0;0.2;;;;;
2013-01-08;-0.0999999999999996;12.1;5.6;3.4;27.4;22.5;0.2;;;;;
2013-01-09;-0.199999999999999;13.2;6.2;3.5;25.7;225.0;0.0;;;;;
2013-01-10;4.7;15.5;9.3;2.3;22.5;225.0;0.0;;;;;
2013-01-11;5.7;15.5;9.9;2.4;22.5;315.0;0.0;;;;;
2013-01-12;2.4;14.2;8.8;4.0;27.4;270.0;0.8;;;;;
2013-01-13;6.7;9.9;8.3;8.4;46.7;292.5;7.0;;;;;
2013-01-14;3.2;10.8;7.1;7.1;32.2;292.5;0.0;;;;;
2013-01-15;3.2;9.3;6.5;6.6;33.8;270.0;0.0;;;;;
2013-01-16;7.2;10.3;8.6;12.1;48.3;270.0;0.2;;;;;
2013-01-17;10.3;14.6;12.3;13.7;48.3;292.5;0.6;;;;;
2013-01-18;11.4;13.9;12.7;10.3;37.0;270.0;0.6;;;;;
2013-01-19;6.2;12.7;9.9;26.6;82.1;270.0;11.4;;;;;
2013-01-20;5.2;10.6;7.7;15.8;57.9;270.0;1.0;;;;;
2013-01-21;5.7;11.4;8.8;9.7;53.1;292.5;2.8;;;;;
2013-01-22;3.1;10.0;6.7;9.8;54.7;270.0;1.4;;;;;
2013-01-23;4.2;9.4;7.2;13.7;53.1;292.5;0.0;;;;;
2013-01-24;8.9;11.3;10.0;16.1;64.4;270.0;5.2;;;;;
2013-01-25;7.5;11.8;9.5;4.5;29.0;292.5;6.4;;;;;
2013-01-26;6.9;14.7;11.5;6.0;29.0;292.5;0.0;;;;;
2013-01-27;5.8;12.9;10.4;6.3;46.7;292.5;0.0;;;;;
2013-01-28;3.8;12.9;8.9;4.8;54.7;292.5;0.0;;;;;
2013-01-29;0.0;19.6;8.4;0.6;6.4;225.0;0.2;;;;;
2013-01-30;1.8;19.1;9.7;1.4;16.1;315.0;0.2;;;;;
2013-01-31;2.1;21.6;10.3;0.8;17.7;225.0;0.0;;;;;
2013-02-01;2.0;17.7;9.9;3.2;27.4;292.5;0.2;;;;;
2013-02-02;6.6;11.9;9.9;15.1;49.9;315.0;0.0;;;;;
2013-02-03;2.1;11.5;6.7;10.0;49.9;22.5;0.0;;;;;
2013-02-04;-0.800000000000001;14.1;5.9;2.4;20.9;202.5;0.0;;;;;
2013-02-05;0.300000000000001;17.1;8.4;3.4;22.5;292.5;0.0;;;;;
2013-02-06;3.1;11.9;7.8;10.3;49.9;315.0;0.0;;;;;
2013-02-07;1.3;11.7;6.7;8.5;32.2;292.5;0.0;;;;;
2013-02-08;-1.6;11.4;5.8;4.8;32.2;292.5;0.0;;;;;
2013-02-09;1.7;11.2;6.8;9.5;40.2;315.0;0.0;;;;;
2013-02-10;-2.5;14.6;6.1;4.7;32.2;225.0;0.0;;;;;
2013-02-11;5.4;9.4;7.8;19.8;59.5;292.5;0.2;;;;;
2013-02-12;2.2;10.6;6.1;9.5;38.6;292.5;0.0;;;;;
2013-02-13;2.6;13.5;8.3;3.7;22.5;292.5;0.0;;;;;
2013-02-14;1.8;19.2;10.0;2.1;22.5;270.0;0.0;;;;;
2013-02-15;1.2;19.4;10.3;1.9;17.7;225.0;0.0;;;;;
2013-02-16;2.1;16.4;9.9;3.1;22.5;292.5;0.0;;;;;
2013-02-17;8.8;12.6;10.5;3.1;32.2;270.0;0.4;;;;;
2013-02-18;7.0;17.0;11.8;7.1;33.8;135.0;0.4;;;;;
2013-02-19;7.6;10.6;9.7;12.2;49.9;157.5;18.8;;;;;
2013-02-20;5.4;13.0;8.6;3.9;22.5;292.5;15.6;;;;;
2013-02-21;4.1;14.8;9.9;5.6;38.6;225.0;2.6;;;;;
2013-02-22;9.2;14.7;11.4;15.4;61.2;270.0;14.8;;;;;
2013-02-23;5.0;11.5;8.4;15.3;48.3;292.5;1.4;;;;;
2013-02-24;0.199999999999999;9.8;5.9;6.3;33.8;292.5;0.0;;;;;
2013-02-25;1.1;10.4;5.6;5.6;30.6;292.5;0.0;;;;;
2013-02-26;-2.2;11.8;4.9;6.3;30.6;135.0;0.0;;;;;
2013-02-27;4.9;9.3;6.8;16.7;48.3;135.0;0.8;;;;;
2013-02-28;0.300000000000001;7.1;3.7;8.0;41.8;292.5;19.8;;;;;
2013-03-01;2.9;11.6;6.9;8.4;32.2;292.5;0.0;;;;;
2013-03-02;0.6;12.2;7.4;15.9;56.3;135.0;0.0;;;;;
2013-03-03;8.8;12.9;10.4;21.6;53.1;157.5;0.0;;;;;
2013-03-04;9.9;13.5;11.5;21.2;57.9;157.5;0.0;;;;;
2013-03-05;10.1;14.1;11.3;10.6;33.8;157.5;7.2;;;;;
2013-03-06;10.4;15.7;12.6;11.7;56.3;247.5;19.6;;;;;
2013-03-07;12.3;17.9;14.3;14.2;54.7;247.5;16.0;;;;;
2013-03-08;10.4;18.3;14.4;11.7;57.9;202.5;0.2;;;;;
2013-03-09;9.7;17.1;13.2;10.5;49.9;225.0;1.2;;;;;
2013-03-10;7.6;13.9;10.2;8.7;40.2;225.0;14.6;;;;;
2013-03-11;8.5;14.1;10.6;12.4;43.5;270.0;0.2;;;;;
2013-03-12;8.1;15.2;10.2;9.5;54.7;157.5;8.2;;;;;
2013-03-13;5.1;10.3;7.8;15.3;56.3;292.5;0.0;;;;;
2013-03-14;2.4;11.6;6.8;8.4;35.4;292.5;0.0;;;;;
2013-03-15;0.0999999999999996;14.2;8.1;9.0;40.2;157.5;0.0;;;;;
2013-03-16;8.1;12.3;10.0;18.2;56.3;157.5;1.8;;;;;
2013-03-17;9.6;18.3;14.2;13.2;43.5;202.5;5.0;;;;;
2013-03-18;5.7;15.7;11.9;5.8;30.6;292.5;3.6;;;;;
2013-03-19;4.9;13.6;9.7;4.8;40.2;225.0;33.0;;;;;
2013-03-20;6.8;13.8;10.4;9.7;38.6;292.5;1.6;;;;;
2013-03-21;3.4;16.4;10.7;14.8;53.1;157.5;0.2;;;;;
2013-03-22;8.2;14.3;11.1;7.4;40.2;225.0;3.0;;;;;
2013-03-23;5.2;12.2;8.5;5.8;37.0;202.5;4.4;;;;;
2013-03-24;7.4;14.2;10.3;10.3;41.8;270.0;1.0;;;;;
2013-03-25;6.9;14.3;10.9;9.2;47.0;270.0;0.0;;;;;
2013-03-26;10.1;16.4;12.9;10.1;41.8;247.5;0.0;;;;;
2013-03-27;11.2;17.2;13.7;9.5;41.8;247.5;1.6;;;;;
2013-03-28;10.1;17.1;12.9;6.6;43.5;270.0;3.6;;;;;
2013-03-29;10.7;18.3;13.8;10.9;46.7;247.5;2.2;;;;;
2013-03-30;12.4;18.3;15.1;10.3;46.7;292.5;13.2;;;;;
2013-03-31;11.6;17.2;14.2;8.5;53.1;225.0;0.8;;;;;
2013-04-01;10.1;15.9;12.3;14.3;43.5;292.5;12.6;;;;;
2013-04-02;7.7;17.0;12.2;6.8;35.4;292.5;1.8;;;;;
2013-04-03;8.8;13.6;11.3;10.0;41.8;157.5;13.6;;;;;
2013-04-04;7.2;14.2;10.3;7.2;37.0;202.5;6.2;;;;;
2013-04-05;9.0;15.3;10.9;7.6;37.0;292.5;6.2;;;;;
2013-04-06;4.6;12.4;8.5;9.7;35.4;292.5;0.0;;;;;
2013-04-07;2.3;17.7;10.4;3.5;22.5;315.0;0.0;;;;;
2013-04-08;3.9;19.3;12.3;4.8;32.2;292.5;0.0;;;;;
2013-04-09;9.2;16.3;12.9;6.6;35.4;292.5;0.0;;;;;
2013-04-10;11.6;19.0;14.3;5.3;25.7;315.0;0.0;;;;;
2013-04-11;9.4;19.4;14.5;6.8;37.0;292.5;0.0;;;;;
2013-04-12;9.0;20.6;14.9;5.6;29.0;292.5;0.0;;;;;
2013-04-13;6.1;21.8;14.5;10.6;48.3;157.5;0.0;;;;;
2013-04-14;12.8;21.8;17.8;21.1;49.9;157.5;0.0;;;;;
2013-04-15;9.6;24.3;17.1;6.1;32.2;225.0;0.0;;;;;
2013-04-16;10.7;26.9;19.1;6.3;25.7;157.5;0.0;;;;;
2013-04-17;16.1;25.4;19.7;12.4;40.2;157.5;0.0;;;;;
2013-04-18;9.6;27.7;19.6;5.6;29.0;135.0;0.0;;;;;
2013-04-19;12.0;28.3;20.2;3.5;24.1;292.5;0.0;;;;;
2013-04-20;12.6;17.6;14.8;25.3;57.9;157.5;0.0;;;;;
2013-04-21;11.5;23.1;16.5;10.0;33.8;157.5;0.0;;;;;
2013-04-22;9.8;20.4;15.0;9.2;30.6;157.5;0.0;;;;;
2013-04-23;11.0;16.5;13.5;21.4;54.7;157.5;0.8;;;;;
2013-04-24;9.8;17.9;13.6;15.8;48.3;157.5;0.0;;;;;
2013-04-25;5.5;20.4;14.1;9.7;45.1;22.5;0.0;;;;;
2013-04-26;13.6;22.4;17.4;5.3;29.0;292.5;0.0;;;;;
2013-04-27;12.7;19.4;16.1;9.7;43.5;270.0;0.0;;;;;
2013-04-28;5.5;12.8;9.1;11.4;40.2;292.5;1.8;;;;;
2013-04-29;4.2;10.6;7.4;7.1;35.4;270.0;0.2;;;;;
2013-04-30;5.6;13.8;8.8;3.2;24.1;292.5;2.8;;;;;
2013-05-01;2.2;19.1;11.2;3.2;27.4;225.0;0.0;;;;;
2013-05-02;5.0;22.0;13.8;4.0;20.9;225.0;0.0;;;;;
2013-05-03;10.4;20.5;15.2;8.7;30.6;157.5;0.0;;;;;
2013-05-04;10.8;22.2;15.8;8.7;37.0;157.5;1.2;;;;;
2013-05-05;9.9;25.9;17.6;4.5;20.9;202.5;0.0;;;;;
2013-05-06;8.9;27.1;19.3;2.6;32.2;202.5;0.0;;;;;
2013-05-07;13.4;29.1;21.2;4.0;25.7;225.0;0.0;;;;;
2013-05-08;12.4;29.3;22.0;3.9;32.2;292.5;0.0;;;;;
2013-05-09;12.1;28.7;21.6;4.8;29.0;292.5;0.0;;;;;
2013-05-10;13.0;27.3;21.6;4.5;25.7;270.0;0.0;;;;;
2013-05-11;12.3;27.8;21.1;4.3;29.0;292.5;0.0;;;;;
2013-05-12;14.7;20.1;17.6;16.7;53.1;157.5;0.0;;;;;
2013-05-13;15.1;21.2;17.3;21.9;51.5;157.5;0.0;;;;;
2013-05-14;14.9;24.3;18.7;13.2;45.1;157.5;0.6;;;;;
2013-05-15;10.2;15.9;13.4;9.2;41.8;270.0;7.0;;;;;
2013-05-16;9.5;17.3;13.0;11.3;46.7;270.0;1.4;;;;;
2013-05-17;9.6;15.2;11.6;12.9;49.9;225.0;7.6;;;;;
2013-05-18;7.2;16.2;10.5;12.2;49.9;270.0;1.0;;;;;
2013-05-19;7.8;15.8;11.3;8.0;37.0;270.0;3.8;;;;;
2013-05-20;5.4;16.9;11.6;3.2;20.9;292.5;0.6;;;;;
2013-05-21;9.8;18.3;12.8;4.0;35.4;225.0;2.2;;;;;
2013-05-22;6.9;22.3;15.7;5.8;29.0;292.5;0.0;;;;;
2013-05-23;8.8;24.7;18.1;6.3;38.6;292.5;0.0;;;;;
2013-05-24;9.4;24.4;18.1;5.5;27.4;292.5;0.0;;;;;
2013-05-25;11.4;24.2;17.3;5.1;25.7;292.5;0.0;;;;;
2013-05-26;9.8;22.0;16.1;9.3;41.8;157.5;0.0;;;;;
2013-05-27;11.1;19.9;15.5;8.0;40.2;270.0;0.0;;;;;
2013-05-28;10.9;18.0;14.5;10.0;33.8;270.0;0.0;;;;;
2013-05-29;9.4;20.6;15.2;12.2;48.3;292.5;0.0;;;;;
2013-05-30;12.4;22.7;17.4;9.3;33.8;292.5;0.0;;;;;
2013-05-31;7.3;25.8;18.5;6.9;38.6;292.5;0.0;;;;;
2013-06-01;9.7;26.9;19.3;5.6;27.4;202.5;0.0;;;;;
2013-06-02;13.0;26.6;19.9;8.7;32.2;157.5;0.0;;;;;
2013-06-03;14.4;25.4;20.1;16.3;45.1;157.5;0.0;;;;;
2013-06-04;14.6;26.9;20.9;16.7;43.5;157.5;0.0;;;;;
2013-06-05;15.1;27.4;21.6;9.2;35.4;157.5;0.0;;;;;
2013-06-06;11.9;22.6;17.0;6.3;29.0;292.5;0.0;;;;;
2013-06-07;9.8;20.3;15.5;7.9;38.6;270.0;0.0;;;;;
2013-06-08;10.7;18.5;14.9;10.8;41.8;270.0;0.0;;;;;
2013-06-09;10.4;19.2;15.6;8.2;32.2;292.5;0.0;;;;;
2013-06-10;11.1;24.3;18.1;5.8;30.6;292.5;0.0;;;;;
2013-06-11;11.0;28.7;21.1;4.0;27.4;292.5;0.0;;;;;
2013-06-12;14.0;32.4;24.4;6.0;30.6;157.5;0.0;;;;;
2013-06-13;15.4;32.6;25.7;9.5;35.4;157.5;0.0;;;;;
2013-06-14;17.8;31.9;26.0;11.9;43.5;135.0;0.0;;;;;
2013-06-15;16.1;35.3;26.9;5.3;38.6;202.5;0.0;;;;;
2013-06-16;16.2;33.9;26.1;7.6;29.0;225.0;0.0;;;;;
2013-06-17;15.3;23.4;19.8;8.0;35.4;270.0;0.0;;;;;
2013-06-18;10.8;19.2;15.1;10.9;41.8;270.0;0.0;;;;;
2013-06-19;11.6;22.9;17.9;6.4;30.6;292.5;0.0;;;;;
2013-06-20;10.4;29.0;20.8;4.0;27.4;45.0;0.0;;;;;
2013-06-21;13.4;29.2;22.6;3.9;22.5;292.5;0.0;;;;;
2013-06-22;16.2;27.8;22.1;15.4;40.2;157.5;0.0;;;;;
2013-06-23;18.9;30.2;24.2;14.2;40.2;157.5;0.0;;;;;
2013-06-24;18.7;26.8;22.5;21.2;53.1;157.5;0.0;;;;;
2013-06-25;17.3;24.7;20.4;27.7;57.9;157.5;0.0;;;;;
2013-06-26;16.5;24.1;19.4;26.7;66.0;157.5;0.0;;;;;
2013-06-27;16.5;23.8;19.9;25.1;62.8;157.5;0.0;;;;;
2013-06-28;16.8;25.3;20.4;23.7;57.9;157.5;0.0;;;;;
2013-06-29;17.1;26.9;21.6;22.0;54.7;157.5;0.0;;;;;
2013-06-30;18.9;29.1;23.7;20.4;62.8;157.5;0.0;;;;;
2013-07-01;20.0;28.6;23.8;18.0;46.7;157.5;0.0;;;;;
2013-07-02;16.9;30.3;23.6;8.4;30.6;157.5;0.0;;;;;
2013-07-03;15.5;34.8;26.0;4.3;29.0;45.0;0.0;;;;;
2013-07-04;21.0;30.6;25.9;15.6;59.5;157.5;0.0;;;;;
2013-07-05;20.1;29.1;24.4;23.2;61.2;157.5;0.0;;;;;
2013-07-06;20.3;28.0;23.7;25.9;56.3;157.5;0.0;;;;;
2013-07-07;21.5;29.7;24.7;23.0;57.9;157.5;0.0;;;;;
2013-07-08;21.3;30.7;25.5;23.5;49.9;157.5;0.0;;;;;
2013-07-09;21.9;32.2;26.9;22.4;54.7;157.5;0.0;;;;;
2013-07-10;22.6;35.8;28.8;14.2;40.2;157.5;0.0;;;;;
2013-07-11;19.4;33.9;27.4;10.1;35.4;157.5;0.0;;;;;
2013-07-12;20.2;30.3;25.3;14.2;43.5;157.5;0.0;;;;;
2013-07-13;14.0;30.4;22.8;5.0;25.7;292.5;0.0;;;;;
2013-07-14;14.2;29.4;22.2;5.1;27.4;292.5;0.0;;;;;
2013-07-15;15.9;31.5;24.2;7.7;29.0;157.5;0.0;;;;;
2013-07-16;18.0;32.4;25.7;7.9;32.2;157.5;0.0;;;;;
2013-07-17;16.9;32.6;26.1;9.8;43.5;157.5;0.0;;;;;
2013-07-18;17.1;31.2;25.8;11.4;46.7;157.5;0.0;;;;;
2013-07-19;20.4;32.0;25.7;11.9;38.6;157.5;0.0;;;;;
2013-07-20;15.4;30.7;24.2;9.0;38.6;157.5;0.0;;;;;
2013-07-21;16.7;31.6;24.8;7.4;32.2;157.5;0.0;;;;;
2013-07-22;20.9;31.1;25.9;13.2;41.8;157.5;0.0;;;;;
2013-07-23;17.1;33.1;26.1;7.2;32.2;157.5;0.0;;;;;
2013-07-24;18.4;35.2;27.4;4.8;27.4;225.0;0.0;;;;;
2013-07-25;18.7;34.8;27.6;5.5;25.7;135.0;0.0;;;;;
2013-07-26;16.2;32.2;25.4;4.7;32.2;292.5;0.0;;;;;
2013-07-27;14.1;25.9;20.7;6.9;37.0;292.5;0.0;;;;;
2013-07-28;15.7;27.3;21.9;6.6;33.8;292.5;0.0;;;;;
2013-07-29;12.9;32.3;23.3;6.9;29.0;22.5;0.0;;;;;
2013-07-30;20.4;30.5;25.4;18.3;49.9;157.5;0.0;;;;;
2013-07-31;21.2;30.5;25.1;27.8;59.5;157.5;0.0;;;;;
2013-08-01;21.9;32.2;26.1;30.4;67.6;157.5;0.0;;;;;
2013-08-02;22.0;34.8;28.4;15.8;48.3;157.5;0.0;;;;;
2013-08-03;20.1;35.8;28.5;4.3;25.7;292.5;0.0;;;;;
2013-08-04;18.6;35.7;27.3;7.7;33.8;157.5;0.0;;;;;
2013-08-05;19.8;35.3;28.0;7.1;37.0;157.5;0.0;;;;;
2013-08-06;19.5;35.5;28.2;5.8;37.0;270.0;0.0;;;;;
2013-08-07;17.6;31.4;26.1;6.8;32.2;270.0;0.0;;;;;
2013-08-08;17.4;33.7;25.3;7.6;40.2;157.5;0.0;;;;;
2013-08-09;21.3;30.2;25.3;20.9;53.1;157.5;0.0;;;;;
2013-08-10;21.8;31.8;26.2;18.3;48.3;157.5;0.0;;;;;
2013-08-11;20.8;31.7;25.9;18.2;53.1;157.5;0.0;;;;;
2013-08-12;22.6;31.9;26.8;20.9;57.9;157.5;0.0;;;;;
2013-08-13;15.1;32.3;24.7;11.3;45.1;157.5;0.0;;;;;
2013-08-14;20.7;28.7;24.2;20.1;49.9;157.5;0.0;;;;;
2013-08-15;20.2;32.9;26.6;10.9;38.6;157.5;0.0;;;;;
2013-08-16;20.7;34.4;27.6;9.5;32.2;157.5;0.0;;;;;
2013-08-17;22.6;33.2;26.9;11.6;40.2;157.5;0.0;;;;;
2013-08-18;20.7;32.6;26.8;10.9;37.0;157.5;0.0;;;;;
2013-08-19;22.8;33.6;28.4;15.0;43.5;157.5;0.0;;;;;
2013-08-20;24.7;32.4;28.4;15.4;40.2;157.5;0.0;;;;;
2013-08-21;21.8;33.1;26.7;14.2;43.5;157.5;0.0;;;;;
2013-08-22;20.1;38.1;28.1;4.7;25.7;202.5;0.0;;;;;
2013-08-23;19.2;36.2;27.8;5.1;32.2;225.0;0.0;;;;;
2013-08-24;21.4;35.2;27.8;6.6;25.7;202.5;0.0;;;;;
2013-08-25;20.9;33.3;26.2;9.7;35.4;157.5;0.0;;;;;
2013-08-26;19.2;29.2;23.7;6.8;29.0;292.5;0.0;;;;;
2013-08-27;16.4;29.8;22.8;8.0;40.2;45.0;0.0;;;;;
2013-08-28;18.9;28.7;23.4;10.1;41.8;157.5;0.2;;;;;
2013-08-29;20.9;26.3;22.4;13.7;41.8;157.5;1.6;;;;;
2013-08-30;17.5;29.2;22.9;6.8;25.7;157.5;0.0;;;;;
2013-08-31;18.2;27.3;22.4;13.8;38.6;157.5;0.0;;;;;
2013-09-01;18.9;27.4;22.7;16.3;46.7;157.5;0.0;;;;;
2013-09-02;19.1;26.6;22.6;16.3;43.5;157.5;0.0;;;;;
2013-09-03;19.7;27.5;22.9;19.2;48.3;157.5;0.0;;;;;
2013-09-04;19.4;26.1;22.2;23.7;54.7;157.5;0.0;;;;;
2013-09-05;19.3;27.5;22.4;17.7;48.3;157.5;0.0;;;;;
2013-09-06;14.5;28.8;21.8;4.0;24.1;292.5;0.0;;;;;
2013-09-07;17.6;23.3;20.2;8.7;37.0;157.5;0.0;;;;;
2013-09-08;14.3;27.3;21.4;3.1;25.7;315.0;0.0;;;;;
2013-09-09;13.8;29.1;21.9;5.8;32.2;157.5;0.0;;;;;
2013-09-10;15.3;28.8;22.9;9.8;32.2;157.5;0.0;;;;;
2013-09-11;16.7;28.2;22.9;12.2;45.1;157.5;0.0;;;;;
2013-09-12;19.6;27.8;22.9;19.5;46.7;157.5;0.0;;;;;
2013-09-13;20.1;26.4;22.3;19.0;48.3;157.5;0.0;;;;;
2013-09-14;19.8;25.9;21.8;13.5;43.5;157.5;0.0;;;;;
2013-09-15;14.7;29.3;22.8;3.5;22.5;315.0;0.0;;;;;
2013-09-16;15.7;30.7;23.3;4.7;30.6;292.5;0.0;;;;;
2013-09-17;14.8;27.8;21.8;5.3;27.4;292.5;0.0;;;;;
2013-09-18;14.6;26.0;19.8;6.3;29.0;292.5;0.0;;;;;
2013-09-19;13.5;27.4;20.3;4.2;20.9;292.5;0.0;;;;;
2013-09-20;13.8;28.0;21.4;10.3;38.6;157.5;0.0;;;;;
2013-09-21;19.5;27.3;22.4;18.5;43.5;157.5;0.0;;;;;
2013-09-22;18.6;25.7;21.4;23.2;56.3;157.5;0.0;;;;;
2013-09-23;18.2;26.3;21.4;20.4;48.3;157.5;0.0;;;;;
2013-09-24;15.3;28.3;21.9;9.8;37.0;157.5;0.0;;;;;
2013-09-25;14.2;28.2;22.3;10.1;45.1;157.5;0.0;;;;;
2013-09-26;15.6;28.9;22.8;10.5;45.1;157.5;0.0;;;;;
2013-09-27;15.1;26.8;20.9;8.2;48.3;225.0;5.6;;;;;
2013-09-28;15.2;22.4;18.5;8.4;38.6;225.0;6.2;;;;;
2013-09-29;16.2;22.3;18.6;8.5;35.4;270.0;4.4;;;;;
2013-09-30;18.4;25.1;21.1;8.9;41.8;247.5;0.0;;;;;
2013-10-01;18.0;24.4;21.2;4.5;27.4;292.5;0.0;;;;;
2013-10-02;15.7;30.0;21.7;3.7;25.7;292.5;0.0;;;;;
2013-10-03;17.9;27.4;21.8;4.0;24.1;292.5;0.0;;;;;
2013-10-04;17.2;25.6;20.9;3.2;29.0;292.5;0.0;;;;;
2013-10-05;11.7;25.8;19.3;2.9;24.1;202.5;0.0;;;;;
2013-10-06;12.3;25.7;19.6;7.1;27.4;157.5;0.0;;;;;
2013-10-07;18.4;24.8;20.7;13.7;35.4;157.5;0.0;;;;;
2013-10-08;17.2;24.8;20.2;13.5;41.8;157.5;0.0;;;;;
2013-10-09;17.0;24.2;20.0;17.1;43.5;157.5;0.0;;;;;
2013-10-10;16.3;25.4;20.2;10.9;38.6;157.5;0.0;;;;;
2013-10-11;10.8;27.4;20.0;4.0;30.6;292.5;0.0;;;;;
2013-10-12;9.7;24.4;17.4;4.7;37.0;292.5;0.0;;;;;
2013-10-13;9.2;22.0;15.8;2.9;22.5;292.5;0.0;;;;;
2013-10-14;8.3;24.6;16.9;2.4;20.9;202.5;0.0;;;;;
2013-10-15;10.0;26.9;18.6;2.4;22.5;202.5;0.0;;;;;
2013-10-16;10.1;27.2;18.8;3.9;24.1;22.5;0.0;;;;;
2013-10-17;9.9;26.5;18.8;10.1;43.5;157.5;0.0;;;;;
2013-10-18;17.1;27.2;21.6;9.0;38.6;292.5;0.0;;;;;
2013-10-19;12.4;25.4;18.7;3.1;25.7;292.5;0.0;;;;;
2013-10-20;13.9;23.8;18.9;4.2;22.5;292.5;0.0;;;;;
2013-10-21;8.2;25.2;17.4;6.4;37.0;135.0;0.0;;;;;
2013-10-22;14.4;19.6;17.3;10.5;43.5;157.5;1.4;;;;;
2013-10-23;14.5;21.3;17.4;3.9;19.3;202.5;1.2;;;;;
2013-10-24;14.1;24.2;19.2;10.6;43.5;157.5;0.0;;;;;
2013-10-25;16.0;23.1;19.4;9.2;35.4;157.5;0.0;;;;;
2013-10-26;13.1;19.3;16.6;4.5;30.6;225.0;2.6;;;;;
2013-10-27;9.2;24.4;17.0;7.2;33.8;157.5;0.2;;;;;
2013-10-28;16.3;26.9;20.7;8.9;33.8;202.5;0.0;;;;;
2013-10-29;12.7;18.1;15.1;10.8;41.8;292.5;0.0;;;;;
2013-10-30;6.2;18.7;12.5;6.9;27.4;337.5;0.0;;;;;
2013-10-31;1.9;20.3;10.6;2.7;24.1;202.5;0.0;;;;;
2013-11-01;3.6;22.2;12.2;3.5;27.4;315.0;0.0;;;;;
2013-11-02;3.5;25.4;13.6;2.1;19.3;225.0;0.0;;;;;
2013-11-03;5.7;21.8;14.0;2.7;19.3;225.0;0.0;;;;;
2013-11-04;10.7;15.8;13.7;8.9;37.0;292.5;0.0;;;;;
2013-11-05;14.4;20.3;16.7;10.1;40.2;292.5;0.0;;;;;
2013-11-06;7.9;26.6;16.1;2.1;22.5;225.0;0.0;;;;;
2013-11-07;7.6;20.7;14.3;3.5;27.4;292.5;0.0;;;;;
2013-11-08;9.4;19.1;14.8;4.7;30.6;315.0;0.0;;;;;
2013-11-09;9.6;17.2;13.6;6.9;29.0;292.5;0.0;;;;;
2013-11-10;4.4;19.3;12.1;4.8;29.0;225.0;0.0;;;;;
2013-11-11;6.0;23.4;15.2;8.4;48.3;22.5;0.0;;;;;
2013-11-12;9.1;22.1;15.7;6.1;30.6;157.5;0.0;;;;;
2013-11-13;13.1;20.3;16.1;10.1;37.0;157.5;0.0;;;;;
2013-11-14;7.9;20.1;14.1;2.7;25.7;157.5;0.0;;;;;
2013-11-15;3.5;16.5;10.4;10.1;48.3;0.0;0.0;;;;;
2013-11-16;0.800000000000001;12.4;6.6;3.1;24.1;45.0;0.0;;;;;
2013-11-17;-2.3;11.6;6.2;4.2;25.7;315.0;0.0;;;;;
2013-11-18;6.4;12.2;9.2;8.9;33.8;292.5;6.8;;;;;
2013-11-19;4.7;13.4;8.8;4.5;29.0;292.5;0.0;;;;;
2013-11-20;1.5;13.6;7.2;3.4;29.0;315.0;0.0;;;;;
2013-11-21;-1.9;12.6;5.7;6.6;40.2;270.0;0.0;;;;;
2013-11-22;7.1;9.6;8.2;5.3;25.7;292.5;1.4;;;;;
2013-11-23;1.7;11.8;6.4;2.6;16.1;22.5;0.2;;;;;
2013-11-24;-2.9;12.7;4.8;4.3;30.6;202.5;0.0;;;;;
2013-11-25;-1.8;14.9;5.3;1.9;16.1;45.0;0.0;;;;;
2013-11-26;-3.1;14.2;6.2;7.9;35.4;157.5;0.0;;;;;
2013-11-27;3.2;14.2;9.3;5.6;27.4;112.5;0.0;;;;;
2013-11-28;6.1;12.0;9.2;8.2;35.4;112.5;0.0;;;;;
2013-11-29;0.9;13.8;7.7;4.3;27.4;157.5;0.0;;;;;
2013-11-30;-2.5;13.1;6.0;3.4;22.5;45.0;0.0;;;;;
2013-12-01;0.4;12.0;6.3;10.1;41.8;0.0;0.0;;;;;
2013-12-02;-3.1;13.7;5.9;7.1;35.4;157.5;0.0;;;;;
2013-12-03;6.1;13.9;9.9;9.2;48.3;90.0;0.0;;;;;
2013-12-04;8.7;14.4;11.3;9.7;29.0;157.5;0.0;;;;;
2013-12-05;3.8;16.1;10.7;6.8;32.2;157.5;0.0;;;;;
2013-12-06;-1.1;16.2;8.1;9.2;45.1;157.5;0.0;;;;;
2013-12-07;7.1;15.3;10.9;14.2;43.5;157.5;0.0;;;;;
2013-12-08;-2.4;15.3;7.1;2.6;24.1;157.5;0.2;;;;;
2013-12-09;3.1;14.7;9.2;6.1;45.1;112.5;0.0;;;;;
2013-12-10;10.2;13.9;11.7;20.1;59.5;135.0;0.0;;;;;
2013-12-11;9.9;15.3;12.1;27.4;64.4;157.5;0.0;;;;;
2013-12-12;5.8;16.7;10.9;4.8;22.5;157.5;0.0;;;;;
2013-12-13;5.8;14.6;10.6;2.4;20.9;315.0;0.0;;;;;
2013-12-14;6.7;15.3;11.7;12.9;46.7;157.5;0.0;;;;;
2013-12-15;8.9;14.4;11.6;17.2;45.1;157.5;0.0;;;;;
2013-12-16;10.3;14.4;11.7;22.7;57.9;157.5;0.0;;;;;
2013-12-17;10.2;13.1;11.4;10.0;40.2;157.5;0.0;;;;;
2013-12-18;8.3;14.2;10.8;4.0;33.8;270.0;1.2;;;;;
2013-12-19;7.1;15.0;9.9;10.5;69.2;292.5;4.8;;;;;
2013-12-20;2.7;9.8;6.4;14.2;46.7;292.5;0.0;;;;;
2013-12-21;-1.3;15.3;6.6;2.6;24.1;225.0;0.0;;;;;
2013-12-22;0.5;15.1;7.8;1.3;14.5;45.0;0.0;;;;;
2013-12-23;-0.699999999999999;17.1;7.1;1.1;12.9;202.5;0.0;;;;;
2013-12-24;-1.3;14.4;7.6;10.6;56.3;202.5;0.0;;;;;
2013-12-25;8.4;14.6;11.3;21.6;80.5;270.0;32.8;;;;;
2013-12-26;8.3;12.1;10.1;11.4;43.5;292.5;0.0;;;;;
2013-12-27;9.3;13.6;11.2;1.6;14.5;45.0;0.2;;;;;
2013-12-28;6.3;12.6;10.1;9.7;46.7;315.0;2.0;;;;;
2013-12-29;1.9;10.1;6.0;4.8;20.9;315.0;0.0;;;;;
2013-12-30;-1.9;13.9;4.9;1.6;11.8;225.0;0.2;;;;;
2013-12-31;0.0999999999999996;13.2;5.7;2.1;20.9;315.0;0.0;;;;;
2014-01-01;5.7;15.2;10.5;2.1;22.5;225.0;0.0;5.6521739130434785;11.195652173913043;3.608695652173913;63.869565217391305;
2014-01-02;10.2;14.6;12.7;7.1;35.4;247.5;0.0;6.75;12.145833333333334;3.4583333333333335;54.208333333333336;
2014-01-03;11.8;15.9;13.3;3.9;27.4;225.0;2.8;5.958333333333333;12.858333333333334;4.5;58.583333333333336;
2014-01-04;9.2;16.5;12.9;13.8;66.0;247.5;4.6;4.125;10.775;4.541666666666667;72.875;
2014-01-05;3.1;13.3;8.1;3.4;22.5;315.0;0.0;3.625;7.808333333333334;2.625;70.125;
2014-01-06;1.0;18.2;8.1;2.1;19.3;225.0;0.2;5.583333333333333;10.241666666666667;3.0;44.958333333333336;
2014-01-07;0.699999999999999;19.1;8.4;2.1;22.5;202.5;0.2;8.916666666666666;13.575000000000001;3.0416666666666665;41.083333333333336;
2014-01-08;10.3;18.4;14.3;12.7;51.5;157.5;0.0;5.208333333333333;10.549999999999999;3.5833333333333335;83.66666666666667;
2014-01-09;9.5;16.5;12.8;13.4;40.2;157.5;0.0;7.7727272727272725;11.454545454545455;2.227272727272727;84.53333333333333;
2014-01-10;9.5;13.2;11.4;17.2;48.3;157.5;0.0;7.416666666666667;11.366666666666667;2.5416666666666665;;
2014-01-11;7.1;17.1;11.7;4.7;30.6;202.5;0.0;10.708333333333334;15.929166666666667;3.25;48.38461538461539;
2014-01-12;3.1;16.4;9.4;1.6;19.3;292.5;0.0;9.416666666666666;14.166666666666666;3.25;39.333333333333336;
2014-01-13;6.5;10.1;8.7;4.5;30.6;292.5;4.0;7.458333333333333;10.704166666666666;2.25;53.291666666666664;
2014-01-14;6.4;12.3;9.9;10.9;43.5;270.0;0.2;3.6363636363636362;8.059090909090909;2.8181818181818183;73.04545454545455;
2014-01-15;10.0;12.4;11.0;3.5;24.1;292.5;0.0;6.125;12.816666666666668;4.333333333333333;62.791666666666664;
2014-01-16;7.1;11.7;9.9;3.2;25.7;292.5;2.0;6.333333333333333;11.970833333333333;3.8333333333333335;61.875;
2014-01-17;4.3;9.3;7.3;9.5;48.3;157.5;1.2;5.75;8.939130434782609;2.0;61.0;
2014-01-18;6.6;10.8;8.3;8.2;35.4;202.5;1.0;3.0;;;74.0;
2014-01-19;4.9;10.3;7.4;14.0;54.7;292.5;12.2;;;;77.33333333333333;
2014-01-20;1.3;10.4;6.1;4.7;27.4;315.0;0.0;;;;72.625;
2014-01-21;3.9;11.2;8.2;3.4;22.5;292.5;0.8;;;;73.125;
2014-01-22;7.5;12.7;9.7;8.0;32.2;292.5;13.4;4.166666666666667;9.215789473684211;3.388888888888889;72.29166666666667;
2014-01-23;4.4;12.1;8.4;13.8;46.7;0.0;0.0;4.291666666666667;8.545833333333333;2.625;75.91666666666667;
2014-01-24;0.0999999999999996;14.6;7.3;3.7;27.4;292.5;0.0;8.181818181818182;12.413636363636364;2.8636363636363638;62.86363636363637;
2014-01-25;4.8;13.2;9.2;6.3;30.6;315.0;0.0;5.208333333333333;10.700000000000001;3.5416666666666665;63.458333333333336;
2014-01-26;3.1;18.5;10.5;3.5;33.8;292.5;0.0;5.291666666666667;11.241666666666667;3.75;50.416666666666664;
2014-01-27;9.6;13.8;11.1;10.0;53.1;270.0;0.0;4.041666666666667;9.254166666666666;3.5;69.75;
2014-01-28;5.36881606408687;11.2872678122189;8.38653039559301;;-999.0;;1.2;2.8333333333333335;5.933333333333333;2.0833333333333335;84.79166666666667;
2014-01-29;5.00448229770352;10.9278632063065;8.02419657723911;;-999.0;;2.2;2.7916666666666665;6.141666666666666;2.1666666666666665;83.75;
2014-01-30;7.1;9.7;8.4;9.2;35.4;292.5;0.0;3.2083333333333335;6.391666666666666;2.0;72.91666666666667;
2014-01-31;6.4;11.3;8.9;6.9;29.0;292.5;4.4;3.6956521739130435;6.795652173913043;2.0;67.43478260869566;
2014-02-01;6.6;12.6;10.5;9.3;32.2;292.5;2.0;3.2916666666666665;7.762499999999999;2.9583333333333335;76.54166666666667;
2014-02-02;1.1;12.3;6.1;4.2;20.9;315.0;0.0;3.875;8.045833333333333;2.5833333333333335;72.91666666666667;
2014-02-03;1.0;11.7;6.6;6.1;38.6;292.5;0.2;4.458333333333333;7.529166666666666;2.0416666666666665;63.125;
2014-02-04;0.0999999999999996;12.4;7.1;7.4;46.7;202.5;0.0;4.916666666666667;8.816666666666666;2.5833333333333335;67.875;
2014-02-05;10.5;13.6;11.8;12.4;48.3;202.5;1.4;3.6666666666666665;8.0;2.7083333333333335;76.125;
2014-02-06;9.3;16.5;12.1;11.6;48.3;202.5;0.4;4.333333333333333;9.725;3.625;67.45833333333333;
2014-02-07;5.7;13.1;9.2;8.2;35.4;270.0;0.0;3.5;7.531818181818181;2.5;79.5;
2014-02-08;3.3;14.1;9.6;11.1;48.3;202.5;5.2;3.1666666666666665;7.395833333333333;2.7916666666666665;67.41666666666667;
2014-02-09;7.3;14.6;10.7;13.2;80.5;157.5;7.0;3.25;6.991666666666666;2.4166666666666665;71.04166666666667;
2014-02-10;5.7;10.2;7.9;22.5;67.6;292.5;0.0;2.5416666666666665;5.766666666666666;2.0833333333333335;87.41666666666667;
2014-02-11;0.300000000000001;12.5;7.4;10.5;46.7;225.0;0.2;4.916666666666667;8.708333333333334;2.4166666666666665;73.91666666666667;
2014-02-12;10.3;13.9;12.1;6.3;46.7;315.0;3.6;3.375;10.295833333333333;4.375;66.0;
2014-02-13;11.8;15.6;13.6;8.4;32.2;225.0;0.2;3.6666666666666665;12.333333333333334;5.708333333333333;51.708333333333336;
2014-02-14;6.7;19.8;12.4;4.0;37.0;225.0;0.0;4.7727272727272725;11.227272727272727;4.181818181818182;43.04545454545455;
2014-02-15;7.6;13.7;10.8;6.6;30.6;292.5;1.0;3.5833333333333335;10.3375;4.5;64.29166666666667;
2014-02-16;4.0;11.9;7.7;4.2;22.5;315.0;0.0;3.4583333333333335;7.875;2.7083333333333335;76.25;
2014-02-17;2.3;10.5;7.3;5.8;33.8;157.5;0.2;6.666666666666667;9.6375;2.0416666666666665;51.833333333333336;
2014-02-18;6.9;11.4;8.5;5.8;32.2;292.5;4.0;3.75;7.5;2.4583333333333335;73.375;
2014-02-19;3.9;12.9;8.6;5.3;24.1;292.5;0.0;4.5;9.9625;3.4583333333333335;73.0;
2014-02-20;1.1;13.4;8.2;4.2;25.7;292.5;0.0;5.095238095238095;8.466666666666665;2.238095238095238;53.86363636363637;
2014-02-21;6.3;11.6;9.7;7.7;35.4;292.5;0.4;3.2083333333333335;8.079166666666667;3.25;79.375;
2014-02-22;3.1;14.0;7.8;5.0;22.5;292.5;0.0;4.625;9.862499999999999;3.25;80.95833333333333;
2014-02-23;2.8;14.0;9.7;21.1;61.2;157.5;0.0;4.375;9.654166666666667;3.5;98.16666666666667;
2014-02-24;6.9;12.7;9.3;9.8;38.6;270.0;4.4;3.6666666666666665;8.216666666666667;3.0416666666666665;91.0;
2014-02-25;5.7;13.2;9.3;6.0;30.6;292.5;0.0;3.2083333333333335;7.983333333333333;3.125;82.70833333333333;
2014-02-26;6.5;13.2;9.4;8.2;35.4;315.0;0.0;3.0833333333333335;7.654166666666666;2.875;85.41666666666667;
2014-02-27;3.1;13.8;9.0;4.7;29.0;315.0;0.0;5.818181818181818;10.295454545454545;2.727272727272727;72.36363636363636;
2014-02-28;5.2;15.5;10.8;7.4;40.2;292.5;0.0;4.833333333333333;10.754166666666668;3.9583333333333335;74.75;
2014-03-01;9.2;14.4;11.6;16.6;66.0;270.0;0.6;3.25;7.691666666666666;2.9166666666666665;75.58333333333333;
2014-03-02;11.0;14.4;12.6;18.3;64.4;270.0;0.4;3.4583333333333335;9.825;4.125;64.25;
2014-03-03;8.6;12.8;10.8;13.8;54.7;292.5;1.2;3.2916666666666665;7.541666666666667;2.7916666666666665;84.875;
2014-03-04;4.6;12.3;8.6;10.0;33.8;292.5;0.0;3.0416666666666665;6.7124999999999995;2.375;79.33333333333333;
2014-03-05;6.6;15.7;10.9;7.4;32.2;292.5;0.0;3.782608695652174;8.434782608695652;2.9565217391304346;;
2014-03-06;2.6;21.3;11.8;2.7;29.0;202.5;0.0;7.958333333333333;14.229166666666666;4.0;;
2014-03-07;9.9;14.7;12.1;24.8;64.4;157.5;0.0;6.166666666666667;12.15;4.041666666666667;;
2014-03-08;8.8;16.5;12.2;26.2;62.8;157.5;0.0;5.041666666666667;10.883333333333333;3.875;;
2014-03-09;9.7;15.3;11.9;31.5;74.0;157.5;0.0;4.208333333333333;9.991666666666665;3.75;;
2014-03-10;8.9;14.3;10.9;21.9;54.7;157.5;0.0;4.583333333333333;10.645833333333334;3.8333333333333335;;
2014-03-11;6.5;16.7;11.6;15.4;48.3;157.5;0.0;5.375;11.8125;4.25;;
2014-03-12;8.6;14.5;11.1;12.9;35.4;157.5;0.0;4.875;11.9125;4.541666666666667;;
2014-03-13;4.5;16.1;10.5;7.4;37.0;157.5;0.0;6.3478260869565215;12.286956521739132;3.8260869565217392;106.375;
2014-03-14;1.7;15.6;9.8;2.9;20.9;45.0;0.0;7.375;13.658333333333333;4.041666666666667;84.75;
2014-03-15;0.800000000000001;19.7;11.2;2.7;22.5;225.0;0.0;6.708333333333333;13.108333333333334;4.083333333333333;77.91666666666667;
2014-03-16;2.6;23.1;13.2;2.6;19.3;225.0;0.0;6.625;13.375;4.375;83.0;
2014-03-17;3.8;22.2;14.6;6.8;33.8;157.5;0.0;7.625;14.541666666666666;4.583333333333333;84.20833333333333;
2014-03-18;3.6;23.3;14.6;3.1;24.1;225.0;0.0;9.681818181818182;17.413636363636364;4.954545454545454;78.6086956521739;
2014-03-19;6.3;17.8;12.7;11.3;45.1;157.5;0.0;11.041666666666666;18.708333333333332;5.083333333333333;93.79166666666667;
2014-03-20;8.8;20.2;14.1;6.3;29.0;292.5;0.0;6.75;14.483333333333334;5.0;111.70833333333333;
2014-03-21;7.0;19.7;13.3;3.5;25.7;292.5;0.0;7.333333333333333;14.791666666666666;4.916666666666667;88.75;
2014-03-22;5.9;16.4;12.1;6.6;37.0;292.5;0.0;6.25;13.75;5.0;65.54166666666667;
2014-03-23;5.0;15.7;10.2;7.2;27.4;315.0;0.0;5.041666666666667;10.9625;3.8333333333333335;87.75;
2014-03-24;2.6;18.7;11.6;6.6;38.6;292.5;0.0;6.041666666666667;12.479166666666666;4.125;76.29166666666667;
2014-03-25;5.8;16.7;11.8;12.9;57.9;292.5;0.0;5.291666666666667;11.129166666666668;3.9583333333333335;93.83333333333333;
2014-03-26;6.3;14.0;10.0;14.8;51.5;292.5;0.0;4.0;8.378260869565217;2.8260869565217392;89.21739130434783;
2014-03-27;3.1;15.8;10.3;6.8;29.0;270.0;0.0;5.833333333333333;11.658333333333333;3.75;86.91666666666667;
2014-03-28;7.1;13.9;9.9;13.8;53.1;135.0;2.0;5.708333333333333;10.079166666666667;2.9583333333333335;104.91666666666667;
2014-03-29;5.9;12.1;7.6;4.5;29.0;45.0;18.4;4.0;7.258333333333333;2.0;95.375;
2014-03-30;2.6;15.4;9.9;5.3;29.0;225.0;0.0;5.125;11.045454545454545;3.75;74.33333333333333;
2014-03-31;4.6;17.6;11.9;11.1;54.7;135.0;0.0;8.0;14.758333333333333;4.291666666666667;75.91666666666667;
2014-04-01;10.8;17.5;13.6;15.3;46.7;157.5;0.0;7.0;15.416666666666666;5.291666666666667;105.33333333333333;
2014-04-02;9.1;13.7;11.3;12.9;41.8;157.5;5.6;5.666666666666667;11.733333333333334;4.5;99.91666666666667;
2014-04-03;7.2;12.8;9.7;8.7;40.2;225.0;3.6;3.590909090909091;8.113636363636363;3.0;88.27272727272727;
2014-04-04;6.9;15.0;11.3;10.1;37.0;292.5;0.0;3.8333333333333335;10.575000000000001;4.166666666666667;97.83333333333333;
2014-04-05;10.8;18.4;13.7;5.5;25.7;292.5;0.0;4.75;13.191666666666668;5.083333333333333;79.20833333333333;
2014-04-06;7.4;24.8;16.4;6.4;37.0;157.5;0.0;6.708333333333333;14.5;5.0;63.25;
2014-04-07;11.8;25.2;19.1;11.6;41.8;157.5;0.0;7.083333333333333;15.875;5.666666666666667;84.70833333333333;
2014-04-08;12.9;27.2;20.3;9.5;40.2;157.5;0.0;6.708333333333333;14.708333333333334;5.333333333333333;86.08333333333333;
2014-04-09;14.8;21.9;18.8;17.2;59.5;157.5;0.0;6.166666666666667;16.333333333333332;6.5;109.625;
2014-04-10;14.1;24.8;19.7;18.2;56.3;157.5;0.0;5.5;14.083333333333334;5.833333333333333;118.91666666666667;
2014-04-11;15.8;25.4;21.4;13.5;62.8;157.5;0.0;6.3478260869565215;15.956521739130435;5.826086956521739;113.56521739130434;
2014-04-12;10.4;21.3;15.7;5.8;37.0;292.5;0.0;8.0;16.541666666666668;5.708333333333333;76.20833333333333;
2014-04-13;9.0;22.3;16.1;11.4;48.3;157.5;0.0;5.25;14.208333333333334;5.916666666666667;90.875;
2014-04-14;13.2;20.8;16.7;19.0;51.5;157.5;0.0;5.083333333333333;14.0;5.875;115.33333333333333;
2014-04-15;14.1;24.5;18.4;10.1;43.5;157.5;0.0;7.086956521739131;15.434782608695652;5.304347826086956;118.54545454545455;
2014-04-16;8.2;26.2;17.8;4.7;30.6;135.0;0.0;9.458333333333334;16.625;4.541666666666667;85.16666666666667;
2014-04-17;9.2;25.8;18.4;8.7;35.4;157.5;0.0;9.583333333333334;18.083333333333332;5.416666666666667;101.625;
2014-04-18;8.5;24.3;17.6;5.0;29.0;292.5;0.0;7.0;14.291666666666666;4.666666666666667;95.04166666666667;
2014-04-19;12.4;19.3;15.3;8.0;43.5;292.5;0.0;5.5;13.125;5.125;89.875;
2014-04-20;10.3;14.2;12.3;9.5;32.2;157.5;7.6;4.75;10.825000000000001;4.083333333333333;78.33333333333333;
2014-04-21;10.3;13.6;11.7;6.3;32.2;225.0;19.6;5.375;10.804166666666667;3.5416666666666665;81.375;
2014-04-22;9.8;18.5;14.1;4.7;33.8;292.5;0.0;5.3478260869565215;11.282608695652174;3.5217391304347827;74.0;
2014-04-23;9.1;20.1;14.9;3.9;25.7;315.0;0.0;6.458333333333333;13.666666666666666;4.5;74.75;
2014-04-24;9.8;18.3;14.1;8.2;41.8;270.0;1.2;7.25;14.833333333333334;5.041666666666667;73.83333333333333;
2014-04-25;7.8;17.7;12.7;8.0;32.2;292.5;0.0;5.291666666666667;11.549999999999999;3.9166666666666665;99.33333333333333;
2014-04-26;8.2;21.8;16.0;6.4;35.4;292.5;0.0;7.208333333333333;14.75;4.791666666666667;87.75;
2014-04-27;11.4;22.7;17.3;7.4;33.8;292.5;0.0;5.166666666666667;13.375;5.291666666666667;86.625;
2014-04-28;8.6;25.9;18.9;4.7;22.5;292.5;0.0;7.041666666666667;15.041666666666666;5.041666666666667;82.16666666666667;
2014-04-29;10.1;27.7;19.8;3.9;24.1;225.0;0.0;8.304347826086957;15.591304347826087;4.739130434782608;76.1304347826087;
2014-04-30;11.0;28.7;21.2;3.9;25.7;292.5;0.0;7.916666666666667;15.916666666666666;5.208333333333333;87.95833333333333;
2014-05-01;11.1;28.6;21.0;4.0;25.7;225.0;0.0;6.375;14.708333333333334;5.291666666666667;93.08333333333333;
2014-05-02;10.3;29.3;20.8;7.2;35.4;22.5;0.0;8.083333333333334;15.591666666666667;5.0;102.04166666666667;
2014-05-03;14.1;25.5;19.1;13.2;43.5;157.5;0.0;5.166666666666667;13.291666666666666;5.083333333333333;114.20833333333333;
2014-05-04;12.1;25.4;18.9;11.1;40.2;157.5;0.0;5.333333333333333;13.5;5.333333333333333;113.91666666666667;
2014-05-05;14.8;24.2;19.1;18.5;53.1;157.5;0.0;5.791666666666667;13.958333333333334;5.333333333333333;124.66666666666667;
2014-05-06;15.6;26.1;20.6;20.1;51.5;157.5;0.0;4.458333333333333;12.333333333333334;5.125;131.5;
2014-05-07;10.2;30.8;22.3;4.2;22.5;292.5;0.0;8.958333333333334;17.541666666666668;5.166666666666667;116.70833333333333;
2014-05-08;16.1;27.6;21.1;9.5;40.2;157.5;0.0;7.913043478260869;15.26086956521739;4.869565217391305;125.33333333333333;
2014-05-09;12.9;28.2;20.3;7.2;35.4;157.5;0.0;8.541666666666666;16.041666666666668;4.958333333333333;113.41666666666667;
2014-05-10;17.1;30.9;23.6;8.9;33.8;202.5;0.0;5.875;13.283333333333333;4.625;134.3125;
2014-05-11;14.6;31.9;24.3;3.9;30.6;292.5;0.0;7.916666666666667;15.958333333333334;5.333333333333333;89.625;
2014-05-12;13.3;30.1;22.5;10.9;46.7;157.5;0.0;7.666666666666667;15.25;4.791666666666667;107.70833333333333;
2014-05-13;12.6;24.8;19.7;12.9;56.3;157.5;0.0;10.26086956521739;18.52173913043478;5.565217391304348;92.52173913043478;
2014-05-14;14.9;21.2;17.7;31.5;74.0;157.5;0.0;4.541666666666667;12.375;5.041666666666667;103.54166666666667;
2014-05-15;14.2;20.6;16.6;35.7;75.6;157.5;0.0;4.5;12.375;4.958333333333333;109.6086956521739;
2014-05-16;13.3;20.8;16.9;28.5;66.0;157.5;0.0;4.458333333333333;12.666666666666666;5.375;126.61111111111111;
2014-05-17;13.5;20.3;16.4;20.1;51.5;157.5;0.0;5.166666666666667;13.791666666666666;5.5;125.70833333333333;
2014-05-18;12.7;21.6;16.9;16.3;48.3;157.5;0.0;4.875;13.083333333333334;5.291666666666667;125.66666666666667;
2014-05-19;12.9;25.7;18.2;17.4;53.1;157.5;0.0;5.041666666666667;13.125;5.375;124.45833333333333;
2014-05-20;12.6;21.1;16.4;9.5;35.4;270.0;0.0;4.208333333333333;12.458333333333334;5.291666666666667;101.125;
2014-05-21;10.7;19.3;15.4;15.6;51.5;247.5;4.2;4.583333333333333;12.666666666666666;5.083333333333333;98.875;
2014-05-22;7.9;19.5;14.6;6.8;33.8;292.5;0.0;5.375;12.775;4.75;92.20833333333333;
2014-05-23;5.7;20.6;14.6;5.3;32.2;292.5;0.0;6.166666666666667;12.9625;4.25;82.41666666666667;
2014-05-24;7.2;22.1;14.7;4.7;35.4;202.5;2.2;6.958333333333333;14.458333333333334;4.75;77.95833333333333;
2014-05-25;7.6;22.7;15.9;5.6;32.2;225.0;0.0;6.791666666666667;13.583333333333334;4.416666666666667;87.95833333333333;
2014-05-26;7.0;23.3;16.5;4.8;29.0;292.5;0.0;5.833333333333333;13.129166666666668;4.583333333333333;100.41666666666667;
2014-05-27;7.6;24.6;16.8;7.1;41.8;270.0;0.0;7.166666666666667;14.291666666666666;4.583333333333333;91.875;
2014-05-28;12.6;20.1;16.3;11.3;41.8;270.0;0.0;5.0;13.25;5.25;77.91666666666667;
2014-05-29;9.7;25.0;18.6;6.0;32.2;292.5;0.0;5.625;13.541666666666666;5.083333333333333;87.75;
2014-05-30;13.4;25.8;20.7;6.8;35.4;292.5;0.0;6.136363636363637;14.118181818181819;5.181818181818182;81.6086956521739;
2014-05-31;12.7;25.4;19.6;12.9;40.2;157.5;3.2;5.458333333333333;13.625;5.166666666666667;99.16666666666667;
2014-06-01;12.8;21.9;16.3;7.9;54.7;202.5;11.6;6.25;14.416666666666666;5.041666666666667;101.83333333333333;
2014-06-02;9.6;27.3;19.4;4.7;30.6;292.5;0.0;10.473684210526315;18.094117647058823;4.842105263157895;91.79166666666667;
2014-06-03;14.1;29.3;21.9;5.8;37.0;202.5;0.0;;;;106.70833333333333;
2014-06-04;10.8;27.8;21.2;5.8;30.6;292.5;0.0;;;;76.45833333333333;
2014-06-05;11.8;30.6;21.6;8.7;49.9;157.5;0.0;;;;76.58333333333333;
2014-06-06;17.1;28.7;22.8;18.0;64.4;157.5;0.0;;;;101.15384615384616;
2014-06-07;11.8;26.9;19.2;6.0;25.7;292.5;0.0;;;;;
2014-06-08;12.6;27.7;20.7;5.6;32.2;292.5;0.0;;;;;
2014-06-09;10.7;27.5;20.4;5.6;27.4;292.5;0.0;;;;;
2014-06-10;12.5;26.9;21.4;4.0;25.7;292.5;0.0;6.416666666666667;15.571428571428571;6.25;;
2014-06-11;18.0;27.0;21.4;15.4;48.3;157.5;0.0;6.583333333333333;15.541666666666666;5.833333333333333;;
2014-06-12;16.4;29.2;23.4;17.4;51.5;157.5;0.0;5.541666666666667;14.208333333333334;5.708333333333333;;
2014-06-13;20.1;32.2;26.2;13.7;35.4;157.5;0.0;5.041666666666667;13.708333333333334;5.5;96.66666666666667;
2014-06-14;16.0;36.4;27.9;3.9;24.1;225.0;0.0;7.375;17.958333333333332;6.666666666666667;79.5;
2014-06-15;18.2;33.7;26.6;8.0;37.0;157.5;0.0;8.0;16.916666666666668;5.916666666666667;80.33333333333333;
2014-06-16;18.2;26.9;21.7;19.2;48.3;157.5;0.0;5.75;15.333333333333334;6.041666666666667;90.33333333333333;
2014-06-17;17.9;27.6;22.1;15.9;37.0;157.5;0.0;6.583333333333333;16.375;6.25;92.54166666666667;
2014-06-18;13.7;30.7;22.5;4.7;24.1;292.5;0.0;9.08695652173913;18.73913043478261;6.217391304347826;117.95454545454545;
2014-06-19;15.5;27.1;21.4;8.7;41.8;157.5;0.0;7.0;16.375;6.125;96.25;
2014-06-20;14.7;26.3;20.6;7.2;32.2;292.5;0.0;6.25;15.333333333333334;5.916666666666667;82.29166666666667;
2014-06-21;13.4;25.8;19.9;6.8;32.2;292.5;0.0;5.0;14.416666666666666;6.083333333333333;68.0;
2014-06-22;12.5;25.8;19.9;6.3;30.6;292.5;0.0;4.791666666666667;14.254166666666668;6.083333333333333;76.70833333333333;
2014-06-23;11.6;26.4;19.3;4.7;29.0;292.5;5.0;6.333333333333333;15.566666666666668;5.916666666666667;71.29166666666667;
2014-06-24;13.3;21.5;16.9;6.1;35.4;270.0;6.0;6.695652173913044;16.869565217391305;6.608695652173913;69.33333333333333;
2014-06-25;11.7;25.1;18.7;5.8;30.6;292.5;0.0;7.5;17.166666666666668;6.083333333333333;91.125;
2014-06-26;13.3;28.9;21.6;4.8;27.4;292.5;0.0;7.708333333333333;16.875;6.0;97.83333333333333;
2014-06-27;13.7;32.1;24.0;5.1;29.0;225.0;0.0;9.5;18.875;6.0;99.66666666666667;
2014-06-28;15.9;31.1;25.1;7.4;38.6;270.0;0.0;6.875;15.125;5.583333333333333;84.79166666666667;
2014-06-29;17.3;28.3;22.9;8.2;33.8;292.5;0.0;6.083333333333333;15.083333333333334;5.833333333333333;82.5;
2014-06-30;11.7;30.6;23.1;5.5;33.8;270.0;0.0;7.916666666666667;17.916666666666668;5.916666666666667;88.83333333333333;
2014-07-01;12.9;27.7;21.3;7.2;40.2;292.5;0.0;7.739130434782608;16.695652173913043;6.3478260869565215;83.30434782608695;
2014-07-02;15.3;23.8;19.2;8.5;33.8;270.0;0.0;5.583333333333333;14.791666666666666;5.958333333333333;58.833333333333336;
2014-07-03;11.6;25.9;19.4;6.3;33.8;292.5;0.0;6.333333333333333;15.916666666666666;6.083333333333333;64.125;
2014-07-04;12.6;29.6;22.3;4.5;27.4;292.5;0.0;6.416666666666667;15.5;5.875;77.16666666666667;
2014-07-05;14.6;32.0;24.7;5.8;33.8;270.0;0.0;6.458333333333333;15.416666666666666;5.833333333333333;81.75;
2014-07-06;17.3;25.4;21.4;10.0;43.5;270.0;0.0;4.708333333333333;13.875;5.916666666666667;57.0;
2014-07-07;17.8;28.3;22.7;7.9;33.8;292.5;0.0;4.75;13.291666666666666;5.541666666666667;58.875;
2014-07-08;13.6;32.2;23.9;6.1;27.4;135.0;0.0;8.208333333333334;17.73913043478261;6.0;75.79166666666667;
2014-07-09;18.6;30.7;24.5;14.8;49.9;157.5;0.0;5.208333333333333;14.5;5.869565217391305;73.5;
2014-07-10;18.8;31.6;24.2;16.9;51.5;157.5;0.0;5.954545454545454;16.545454545454547;6.7272727272727275;74.23809523809524;
2014-07-11;16.5;34.2;26.8;5.0;30.6;270.0;0.0;9.5;19.791666666666668;6.583333333333333;92.0;
2014-07-12;16.2;33.0;26.6;5.6;33.8;292.5;0.0;8.25;16.675;5.375;93.45833333333333;
2014-07-13;15.5;33.6;25.6;5.3;32.2;292.5;0.0;8.041666666666666;16.233333333333334;5.5;90.70833333333333;
2014-07-14;16.2;36.8;27.6;5.5;29.0;157.5;0.0;9.208333333333334;18.083333333333332;5.666666666666667;99.375;
2014-07-15;20.6;31.4;26.0;13.8;46.7;157.5;0.0;7.875;16.041666666666668;5.5;113.0;
2014-07-16;22.1;32.9;27.2;20.8;53.1;157.5;0.0;6.208333333333333;14.521739130434783;5.478260869565218;105.45833333333333;
2014-07-17;23.8;34.7;28.9;21.1;46.7;157.5;0.0;5.916666666666667;14.333333333333334;5.25;115.875;
2014-07-18;22.5;33.7;27.9;11.3;38.6;292.5;0.0;9.041666666666666;18.375;6.125;114.91666666666667;
2014-07-19;13.9;25.8;21.7;8.7;33.8;270.0;0.0;5.875;13.916666666666666;5.5;64.0;
2014-07-20;14.8;28.2;21.9;7.9;38.6;292.5;0.0;5.208333333333333;13.375;5.416666666666667;73.45833333333333;
2014-07-21;13.5;31.0;23.9;9.8;43.5;157.5;0.0;7.25;15.491666666666667;5.333333333333333;84.20833333333333;
2014-07-22;16.4;33.5;26.7;11.1;40.2;157.5;0.0;7.173913043478261;16.330434782608698;5.869565217391305;94.9090909090909;
2014-07-23;17.2;35.9;28.0;5.0;27.4;292.5;0.0;8.652173913043478;17.91304347826087;5.956521739130435;100.26086956521739;
2014-07-24;16.8;33.1;26.0;5.8;32.2;292.5;0.0;7.916666666666667;16.875;5.875;92.83333333333333;
2014-07-25;14.8;33.2;25.6;4.8;24.1;292.5;0.0;8.125;17.041666666666668;5.833333333333333;92.54166666666667;
2014-07-26;16.6;32.0;25.8;7.6;33.8;157.5;0.0;7.333333333333333;15.416666666666666;5.208333333333333;102.79166666666667;
2014-07-27;18.5;34.6;26.4;5.3;29.0;292.5;0.0;8.416666666666666;17.625;5.916666666666667;90.875;
2014-07-28;16.2;32.2;24.7;6.1;30.6;292.5;0.0;8.083333333333334;17.0;5.875;84.70833333333333;
2014-07-29;15.8;30.7;23.5;6.1;30.6;315.0;0.0;7.217391304347826;16.0;5.913043478260869;93.8695652173913;
2014-07-30;21.5;31.8;25.6;14.8;41.8;157.5;0.0;5.5;13.791666666666666;5.166666666666667;95.79166666666667;
2014-07-31;17.3;30.4;24.0;5.8;27.4;292.5;0.0;7.5;16.291666666666668;5.666666666666667;82.625;
2014-08-01;15.8;25.6;20.4;8.5;37.0;292.5;0.0;5.166666666666667;13.75;5.708333333333333;82.75;
2014-08-02;14.7;26.4;20.8;7.4;32.2;292.5;0.0;4.875;13.25;5.333333333333333;72.20833333333333;
2014-08-03;13.8;32.4;23.8;3.9;27.4;270.0;0.0;6.666666666666667;16.625;6.208333333333333;67.75;
2014-08-04;15.9;32.6;25.6;4.7;33.8;292.5;0.0;8.416666666666666;18.041666666666668;6.375;68.08333333333333;
2014-08-05;14.2;32.8;25.6;4.2;29.0;292.5;0.0;7.833333333333333;16.5;5.583333333333333;97.5;
2014-08-06;17.3;34.9;27.0;4.8;33.8;292.5;0.0;8.363636363636363;17.818181818181817;6.045454545454546;100.21739130434783;
2014-08-07;16.3;36.1;28.1;4.8;35.4;157.5;0.0;7.708333333333333;15.4;5.25;101.79166666666667;
2014-08-08;17.4;35.2;28.4;4.3;33.8;292.5;0.0;7.0;15.191666666666668;5.416666666666667;105.58333333333333;
2014-08-09;18.6;35.0;27.6;5.3;33.8;292.5;0.0;5.666666666666667;13.966666666666667;5.416666666666667;74.04166666666667;
2014-08-10;15.9;34.5;26.2;5.1;33.8;292.5;0.0;4.956521739130435;13.165217391304349;5.260869565217392;72.56521739130434;
2014-08-11;16.7;32.9;25.8;4.8;29.0;292.5;0.0;6.125;13.658333333333333;4.958333333333333;74.20833333333333;
2014-08-12;17.3;33.4;26.8;4.5;32.2;292.5;0.0;6.416666666666667;14.424999999999999;5.333333333333333;79.83333333333333;
2014-08-13;18.6;31.7;26.3;7.1;35.4;292.5;0.0;5.095238095238095;14.19047619047619;5.476190476190476;82.6;
2014-08-14;14.4;32.8;25.1;7.7;33.8;157.5;0.0;7.75;16.88888888888889;5.95;90.15;
2014-08-15;20.7;32.3;25.6;12.2;33.8;157.5;0.0;;;;;
2014-08-16;20.3;29.3;24.4;17.4;49.9;157.5;0.0;;;;;
2014-08-17;21.2;26.2;23.3;28.5;62.8;157.5;0.0;;;;;
2014-08-18;21.6;31.8;25.6;20.9;61.2;157.5;0.0;;;;;
2014-08-19;17.1;30.4;23.6;6.1;32.2;292.5;0.0;5.375;13.819999999999999;5.125;;
2014-08-20;12.3;31.1;22.7;4.5;30.6;292.5;0.0;6.791666666666667;12.733333333333334;3.9583333333333335;;
2014-08-21;13.8;32.9;24.8;5.6;40.2;270.0;0.0;7.958333333333333;14.0;4.041666666666667;;
2014-08-22;12.4;30.6;22.8;5.0;32.2;292.5;0.0;6.625;11.983333333333334;3.5833333333333335;;
2014-08-23;14.2;32.9;23.9;8.2;38.6;157.5;0.0;5.458333333333333;11.358333333333334;3.75;;
2014-08-24;20.1;30.6;25.0;13.7;43.5;157.5;0.0;4.333333333333333;9.508333333333333;3.5;;
2014-08-25;18.6;33.3;26.2;10.0;35.4;157.5;0.0;4.708333333333333;10.079166666666667;3.5416666666666665;;
2014-08-26;15.9;35.6;27.6;4.0;32.2;292.5;0.0;7.958333333333333;15.454166666666666;4.583333333333333;65.18181818181819;
2014-08-27;18.2;36.6;28.8;3.9;38.6;292.5;0.0;8.045454545454545;15.79090909090909;5.454545454545454;55.38095238095238;
2014-08-28;18.3;36.4;28.6;4.8;33.8;225.0;0.0;8.416666666666666;15.841666666666667;4.583333333333333;60.791666666666664;
2014-08-29;17.6;34.9;27.2;3.9;29.0;292.5;0.0;7.375;13.958333333333334;4.0;49.541666666666664;
2014-08-30;20.4;30.3;25.4;12.1;40.2;157.5;0.0;5.125;9.7625;3.4583333333333335;76.91666666666667;
2014-08-31;20.1;30.2;25.0;14.2;41.8;157.5;0.0;3.9166666666666665;8.7;3.125;92.0;
2014-09-01;21.3;32.2;26.3;16.6;48.3;157.5;0.0;3.9130434782608696;10.226086956521739;3.9565217391304346;97.27272727272727;
2014-09-02;19.7;35.2;28.1;8.9;45.1;157.5;0.0;5.75;12.391666666666666;4.333333333333333;96.08333333333333;
2014-09-03;16.4;33.5;25.7;4.8;29.0;292.5;0.0;5.875;13.354166666666666;4.5;73.75;
2014-09-04;16.6;32.6;24.7;4.3;33.8;292.5;0.0;7.083333333333333;14.25;4.75;68.95833333333333;
2014-09-05;15.3;31.9;24.5;5.0;27.4;292.5;0.0;8.125;15.308333333333332;4.625;69.45833333333333;
2014-09-06;14.3;30.3;22.9;5.0;29.0;292.5;0.0;6.333333333333333;13.245833333333332;4.583333333333333;52.916666666666664;
2014-09-07;15.5;27.9;22.1;5.3;27.4;292.5;0.0;5.666666666666667;13.012500000000001;4.916666666666667;52.0;
2014-09-08;15.5;28.6;22.7;4.5;30.6;292.5;0.0;6.25;13.754166666666668;4.791666666666667;56.625;
2014-09-09;14.6;30.5;23.5;3.4;32.2;225.0;0.0;8.041666666666666;15.424999999999999;4.625;64.54166666666667;
2014-09-10;14.0;29.9;22.6;3.7;32.2;292.5;0.0;9.125;15.887500000000001;4.625;68.54166666666667;
2014-09-11;15.6;26.9;21.7;6.4;30.6;292.5;0.0;5.958333333333333;13.291666666666666;4.875;64.41666666666667;
2014-09-12;13.8;28.9;22.2;5.0;27.4;292.5;0.0;7.3478260869565215;15.91304347826087;5.6521739130434785;63.91304347826087;
2014-09-13;13.4;29.8;22.7;3.9;32.2;292.5;0.0;5.416666666666667;14.25;5.75;62.666666666666664;
2014-09-14;13.9;28.4;22.2;5.3;29.0;292.5;0.0;5.208333333333333;12.970833333333333;5.0;61.708333333333336;
2014-09-15;13.9;29.3;21.8;3.1;22.5;225.0;0.0;6.0;15.041666666666666;5.458333333333333;65.83333333333333;
2014-09-16;18.3;27.4;22.8;14.3;57.9;202.5;0.0;6.136363636363637;13.727272727272727;5.2727272727272725;79.91304347826087;
2014-09-17;17.2;22.0;19.3;6.4;32.2;202.5;8.6;7.083333333333333;16.5;5.166666666666667;57.75;
2014-09-18;12.9;24.4;18.3;4.3;33.8;202.5;0.2;12.75;25.3;8.3;40.52173913043478;
2014-09-19;12.8;25.8;18.9;5.1;30.6;225.0;0.0;10.375;20.833333333333332;7.25;53.916666666666664;
2014-09-20;15.2;28.9;21.3;4.8;32.2;157.5;0.0;7.75;17.166666666666668;6.416666666666667;52.291666666666664;
2014-09-21;14.9;28.0;21.6;6.1;33.8;225.0;0.0;6.2;16.15;6.05;64.05;
2014-09-22;15.3;24.3;19.6;5.6;37.0;292.5;0.0;7.75;18.041666666666668;7.0;67.91666666666667;
2014-09-23;13.3;23.7;18.3;3.2;29.0;225.0;0.2;5.958333333333333;15.791666666666666;6.333333333333333;63.708333333333336;
2014-09-24;10.4;23.7;17.8;3.2;33.8;225.0;0.0;8.166666666666666;19.5;7.25;60.041666666666664;
2014-09-25;11.2;26.2;18.6;3.5;29.0;225.0;0.0;8.791666666666666;19.291666666666668;7.041666666666667;69.5;
2014-09-26;15.6;24.4;19.7;11.7;40.2;157.5;0.0;6.090909090909091;14.818181818181818;5.863636363636363;92.76190476190476;
2014-09-27;16.4;22.2;18.9;10.1;41.8;157.5;5.4;5.708333333333333;15.916666666666666;6.5;84.91666666666667;
2014-09-28;16.2;22.8;18.7;6.0;33.8;157.5;20.8;5.458333333333333;16.541666666666668;6.958333333333333;80.54166666666667;
2014-09-29;15.4;24.6;19.3;2.6;20.9;157.5;0.0;7.416666666666667;18.125;7.041666666666667;59.791666666666664;
2014-09-30;14.1;25.3;19.7;5.1;25.7;157.5;0.0;5.958333333333333;16.541666666666668;6.833333333333333;72.66666666666667;
2014-10-01;19.3;24.1;20.9;15.3;45.1;157.5;0.0;4.875;15.875;7.0;87.04166666666667;
2014-10-02;18.9;24.9;21.3;15.9;41.8;157.5;0.0;5.5;16.272727272727273;6.863636363636363;88.76190476190476;
2014-10-03;18.8;25.3;21.2;14.5;35.4;157.5;0.0;6.625;17.375;6.833333333333333;90.625;
2014-10-04;15.9;26.7;21.5;4.8;27.4;202.5;0.0;7.5;17.916666666666668;6.625;87.33333333333333;
2014-10-05;13.4;27.8;21.1;3.4;22.5;292.5;0.0;8.416666666666666;18.708333333333332;6.708333333333333;66.70833333333333;
2014-10-06;12.1;23.7;18.2;3.5;32.2;292.5;0.0;10.375;22.125;7.708333333333333;65.79166666666667;
2014-10-07;10.2;26.1;18.5;2.6;24.1;315.0;0.0;10.666666666666666;21.708333333333332;7.041666666666667;71.83333333333333;
2014-10-08;9.6;26.0;18.8;3.5;27.4;292.5;0.0;10.833333333333334;22.125;7.333333333333333;44.958333333333336;
2014-10-09;13.6;25.6;19.6;4.2;30.6;270.0;0.0;6.458333333333333;17.666666666666668;7.208333333333333;17.041666666666668;
2014-10-10;12.8;21.4;17.2;3.1;27.4;225.0;6.6;8.695652173913043;19.956521739130434;7.043478260869565;11.681818181818182;
2014-10-11;12.6;23.2;17.7;11.4;49.9;157.5;0.2;7.333333333333333;18.458333333333332;7.541666666666667;16.75;
2014-10-12;12.3;18.2;15.7;9.3;62.8;157.5;10.8;5.5;16.041666666666668;6.875;28.708333333333332;
2014-10-13;9.6;17.3;14.0;5.0;27.4;157.5;0.0;6.708333333333333;16.375;5.916666666666667;50.875;
2014-10-14;11.7;18.3;14.7;7.1;35.4;292.5;18.2;7.125;16.708333333333332;6.291666666666667;71.1304347826087;
2014-10-15;10.4;21.3;15.7;2.9;25.7;270.0;0.2;7.304347826086956;17.434782608695652;6.739130434782608;55.69565217391305;
2014-10-16;11.7;25.7;18.2;2.3;25.7;315.0;0.2;8.25;20.0;7.333333333333333;40.208333333333336;
2014-10-17;12.7;26.5;19.9;6.0;38.6;157.5;0.2;6.458333333333333;17.5625;6.458333333333333;46.541666666666664;
2014-10-18;18.3;27.1;22.2;11.7;43.5;157.5;0.0;5.933333333333334;;6.333333333333333;69.86666666666666;
2014-10-19;20.4;27.4;23.6;14.6;41.8;157.5;0.0;;;;;
2014-10-20;19.4;28.0;24.2;14.5;49.9;157.5;0.0;;;;;
2014-10-21;11.9;31.3;21.8;4.5;27.4;22.5;0.0;;;;;
2014-10-22;12.9;29.7;21.2;6.3;41.8;0.0;0.0;8.777777777777779;59.76923076923077;5.666666666666667;70.63636363636364;
2014-10-23;12.6;22.7;17.3;3.2;30.6;202.5;0.0;9.416666666666666;18.166666666666668;5.583333333333333;84.58333333333333;
2014-10-24;9.01215372792035;27.4604750782767;18.3507104003251;;-999.0;;0.0;12.173913043478262;22.91304347826087;6.956521739130435;63.95652173913044;
2014-10-25;17.8472475627165;25.2141962913242;21.6117147655102;;-999.0;;0.0;8.75;19.130434782608695;6.916666666666667;102.66666666666667;
2014-10-26;16.9;24.7;19.9;9.0;25.7;202.5;0.0;7.380952380952381;16.666666666666668;5.9523809523809526;97.0952380952381;
2014-10-27;16.3;24.1;19.9;13.5;43.5;157.5;0.0;7.0;20.0;6.875;92.58333333333333;
2014-10-28;15.9;21.4;18.2;23.8;59.5;157.5;0.0;6.25;17.541666666666668;7.375;88.25;
2014-10-29;16.5;21.9;18.3;23.2;59.5;157.5;0.0;6.416666666666667;17.555555555555557;7.5;85.625;
2014-10-30;15.1;23.7;19.6;18.5;46.7;157.5;0.0;5.791666666666667;16.22222222222222;7.083333333333333;87.625;
2014-10-31;16.1;21.2;18.2;23.0;54.7;157.5;0.0;6.416666666666667;17.333333333333332;7.083333333333333;94.75;
2014-11-01;15.8;21.4;17.7;18.7;46.7;157.5;0.0;5.5;15.416666666666666;6.333333333333333;85.95833333333333;
2014-11-02;14.8;21.7;17.5;14.5;43.5;157.5;0.0;5.333333333333333;15.666666666666666;6.666666666666667;83.20833333333333;
2014-11-03;10.1;20.0;15.5;6.6;33.8;225.0;0.0;6.291666666666667;17.125;7.083333333333333;62.791666666666664;
2014-11-04;9.6;16.6;12.7;15.6;56.3;292.5;14.8;6.083333333333333;17.25;7.166666666666667;83.6;
2014-11-05;6.2;13.5;10.2;7.9;29.0;292.5;0.0;6.791666666666667;15.483333333333334;5.583333333333333;;
2014-11-06;3.7;15.6;10.7;4.5;33.8;292.5;0.0;8.571428571428571;17.285714285714285;5.523809523809524;75.1;
2014-11-07;10.3;18.2;14.3;4.3;30.6;270.0;1.0;6.166666666666667;17.125;7.0;62.625;
2014-11-08;12.0;16.2;14.1;5.8;29.0;292.5;1.2;6.625;18.0;7.25;77.83333333333333;
2014-11-09;8.8;13.8;11.2;7.4;33.8;292.5;12.4;5.958333333333333;17.125;7.166666666666667;80.83333333333333;
2014-11-10;3.7;14.6;10.0;2.4;20.9;292.5;0.0;8.625;19.958333333333332;7.333333333333333;68.20833333333333;
2014-11-11;10.5;17.4;13.1;14.2;54.7;157.5;8.8;7.791666666666667;19.208333333333332;7.416666666666667;79.25;
2014-11-12;11.5;17.9;14.4;3.1;27.4;270.0;1.8;7.666666666666667;18.625;7.125;68.70833333333333;
2014-11-13;10.1;18.3;14.4;5.3;25.7;157.5;0.2;7.625;18.333333333333332;6.875;51.5;
2014-11-14;11.7;19.3;15.4;8.9;41.8;225.0;16.0;6.291666666666667;17.666666666666668;7.458333333333333;71.04166666666667;
2014-11-15;9.3;15.8;12.4;5.3;33.8;270.0;0.4;5.666666666666667;15.333333333333334;6.291666666666667;79.625;
2014-11-16;7.0;15.2;11.2;3.4;20.9;315.0;0.0;4.958333333333333;12.137500000000001;4.75;72.20833333333333;
2014-11-17;3.5;14.8;9.2;3.7;27.4;22.5;0.2;5.916666666666667;11.933333333333332;3.875;62.875;
2014-11-18;1.2;17.0;9.5;3.7;29.0;157.5;0.2;7.291666666666667;13.56086956521739;3.9583333333333335;54.083333333333336;
2014-11-19;6.0;18.4;13.2;10.8;41.8;157.5;0.0;7.208333333333333;14.754166666666668;4.833333333333333;71.04166666666667;
2014-11-20;13.1;17.3;15.6;16.4;61.2;157.5;0.0;8.272727272727273;17.636363636363637;6.045454545454546;82.0;
2014-11-21;15.7;21.0;18.2;13.5;54.7;157.5;0.0;6.291666666666667;16.791666666666668;6.583333333333333;73.45833333333333;
2014-11-22;15.6;22.1;19.4;13.7;70.8;157.5;0.0;6.583333333333333;16.541666666666668;6.708333333333333;60.47826086956522;
2014-11-23;13.3;20.8;18.0;12.2;66.0;157.5;0.2;5.583333333333333;16.75;7.0;75.125;
2014-11-24;11.6;20.1;15.4;5.3;27.4;157.5;0.0;6.625;17.375;7.0;73.04166666666667;
2014-11-25;8.9;16.4;12.7;2.1;22.5;270.0;0.0;7.708333333333333;17.791666666666668;6.583333333333333;61.958333333333336;
2014-11-26;8.9;16.9;12.8;3.4;25.7;225.0;0.6;7.086956521739131;16.304347826086957;5.913043478260869;64.17391304347827;
2014-11-27;9.5;13.2;11.2;16.6;54.7;157.5;24.6;6.75;14.280000000000001;5.333333333333333;96.70833333333333;
2014-11-28;7.2;13.7;10.8;11.6;70.8;135.0;1.6;6.416666666666667;13.416666666666666;4.791666666666667;80.91304347826087;
2014-11-29;5.1;13.7;9.4;2.1;20.9;225.0;0.2;4.666666666666667;9.316666666666666;3.0833333333333335;51.125;
2014-11-30;7.3;14.6;10.8;3.1;20.9;292.5;0.0;4.875;10.612499999999999;3.6666666666666665;66.20833333333333;
2014-12-01;10.3;17.1;13.4;6.9;29.0;292.5;0.0;5.333333333333333;12.554166666666667;4.541666666666667;73.375;
2014-12-02;7.6;14.1;11.3;7.6;33.8;315.0;0.0;6.0;11.620833333333332;3.75;70.54166666666667;
2014-12-03;3.4;13.1;8.8;2.3;17.7;157.5;0.0;9.238095238095237;14.442857142857143;3.1904761904761907;53.17391304347826;
2014-12-04;5.3;13.3;9.5;3.5;27.4;270.0;0.0;9.5;20.0;6.708333333333333;45.541666666666664;
2014-12-05;2.7;12.9;8.2;2.6;19.3;45.0;0.0;11.173913043478262;21.652173913043477;6.826086956521739;48.91304347826087;
2014-12-06;0.0;12.1;6.4;4.3;29.0;315.0;0.2;10.541666666666666;18.0;4.833333333333333;28.916666666666668;
2014-12-07;-0.0999999999999996;10.7;6.2;5.5;32.2;0.0;0.0;9.0;16.355;4.75;;
2014-12-08;-2.1;13.6;6.7;2.4;19.3;292.5;0.0;14.458333333333334;26.004166666666666;7.583333333333333;;
2014-12-09;0.800000000000001;12.1;6.6;2.6;32.2;225.0;0.0;12.875;21.166666666666668;5.208333333333333;;
2014-12-10;0.0999999999999996;14.7;7.2;2.1;17.7;45.0;0.0;16.08695652173913;24.73913043478261;5.6521739130434785;54.583333333333336;
2014-12-11;-0.9;15.6;6.8;1.6;22.5;45.0;0.0;17.791666666666668;29.291666666666668;7.416666666666667;34.291666666666664;
2014-12-12;-0.0999999999999996;16.9;8.2;1.3;11.7;247.5;0.0;14.666666666666666;23.583333333333332;5.75;40.375;
2014-12-13;6.6;13.8;11.2;12.1;49.9;157.5;1.2;8.75;18.958333333333332;6.666666666666667;58.833333333333336;
2014-12-14;6.7;11.6;9.1;7.7;40.2;135.0;3.0;7.791666666666667;17.958333333333332;6.625;78.20833333333333;
2014-12-15;4.8;11.8;9.1;5.5;27.4;292.5;0.0;6.833333333333333;16.291666666666668;6.041666666666667;61.666666666666664;
2014-12-16;4.7;10.2;8.7;3.7;25.7;292.5;0.0;7.791666666666667;18.208333333333332;6.625;50.541666666666664;
2014-12-17;1.6;15.0;9.3;3.4;29.0;292.5;0.0;9.916666666666666;19.625;6.25;41.583333333333336;
2014-12-18;1.7;17.1;9.2;1.4;17.7;292.5;0.0;12.956521739130435;23.0;6.608695652173913;32.34782608695652;
2014-12-19;1.8;20.2;9.7;0.8;12.9;90.0;0.0;14.166666666666666;24.166666666666668;6.541666666666667;;
2014-12-20;0.699999999999999;20.2;10.2;1.0;17.7;225.0;0.0;12.08695652173913;17.35217391304348;3.347826086956522;;
2014-12-21;9.4;14.3;11.9;15.0;45.1;157.5;0.0;14.791666666666666;20.5;3.625;;
2014-12-22;10.3;13.9;11.9;16.6;48.3;157.5;0.0;15.166666666666666;20.75;3.5416666666666665;;
2014-12-23;5.8;14.1;11.2;10.6;40.2;135.0;0.0;12.333333333333334;16.214285714285715;3.142857142857143;;
2014-12-24;1.9;17.1;8.9;1.3;17.7;315.0;0.0;7.25;12.345454545454546;3.2916666666666665;;
2014-12-25;1.6;14.1;7.7;2.6;22.5;225.0;0.0;5.739130434782608;8.18;3.1739130434782608;;
2014-12-26;-0.300000000000001;14.7;7.1;1.9;16.1;225.0;0.0;9.5;14.940000000000001;2.9166666666666665;;
2014-12-27;-0.199999999999999;12.7;7.2;3.5;24.1;292.5;0.0;7.473684210526316;15.533333333333333;2.8947368421052633;;
2014-12-28;2.8;10.9;8.7;7.1;38.6;292.5;0.0;4.75;9.1;2.6666666666666665;;
2014-12-29;1.9;10.7;6.2;11.9;48.3;22.5;0.0;6.875;9.694736842105263;2.0833333333333335;;
2014-12-30;-1.7;10.8;5.7;6.1;33.8;157.5;0.0;9.68421052631579;17.82;2.210526315789474;91.77777777777777;
2014-12-31;0.9;13.3;7.1;3.2;16.1;45.0;0.0;2.1904761904761907;5.528571428571428;2.5238095238095237;78.0;
2015-01-01;-3.4;13.0;7.2;10.8;53.1;157.5;0.0;;5.1;;48.0;
2015-01-02;0.4;14.8;8.8;5.5;29.0;157.5;0.0;;;;;
2015-01-03;2.2;17.1;9.8;4.0;29.0;157.5;0.0;;;;;
2015-01-04;-0.9;22.0;9.9;1.6;17.7;225.0;0.0;;;;;
2015-01-05;-1.3;17.0;8.0;1.3;16.1;225.0;0.0;;;;;
2015-01-06;3.1;12.1;7.5;1.8;17.7;315.0;0.0;;;;;
2015-01-07;-0.0999999999999996;14.6;7.8;3.4;22.5;225.0;0.0;;;;;
2015-01-08;1.6;14.6;8.7;5.1;29.0;157.5;0.0;;;;;
2015-01-09;2.8;13.9;10.1;11.4;46.7;157.5;0.0;;;;;
2015-01-10;2.9;19.1;11.3;5.8;40.2;157.5;0.0;;;;;
2015-01-11;0.800000000000001;18.7;9.1;2.1;19.3;202.5;0.0;;;;;
2015-01-12;2.3;14.8;10.4;13.7;53.1;157.5;0.0;;;;;
2015-01-13;7.8;19.3;12.8;5.3;40.2;157.5;0.0;;;;;
2015-01-14;4.6;18.1;11.1;1.0;12.9;225.0;0.0;;;;;
2015-01-15;3.8;15.9;11.3;4.8;33.8;270.0;0.0;;;;;
2015-01-16;5.5;11.9;8.5;9.0;46.7;292.5;5.8;;;;;
2015-01-17;-0.0999999999999996;9.9;5.3;2.9;16.1;315.0;0.0;;;;;
2015-01-18;-0.199999999999999;7.2;5.3;12.1;48.3;157.5;8.8;;;;;
2015-01-19;4.2;8.6;6.6;10.6;48.3;337.5;2.4;;;;;
2015-01-20;0.800000000000001;9.2;3.8;3.2;27.4;292.5;18.8;;;;;
2015-01-21;3.1;8.6;6.3;9.7;48.3;292.5;0.0;;;;;
2015-01-22;4.7;9.5;7.1;11.3;45.1;292.5;0.0;;;;;
2015-01-23;2.5;10.5;6.8;4.5;22.5;292.5;0.0;;;;;
2015-01-24;-0.199999999999999;11.6;5.5;4.3;32.2;22.5;0.0;;;;;
2015-01-25;-1.9;15.4;7.6;6.0;40.2;0.0;0.0;;;;;
2015-01-26;0.300000000000001;16.1;9.1;4.2;29.0;225.0;0.0;;;;;
2015-01-27;0.300000000000001;16.6;9.3;3.5;32.2;315.0;0.0;;;;;
2015-01-28;2.2;15.4;9.8;3.5;25.7;292.5;0.0;;;;;
2015-01-29;1.7;13.3;9.3;7.6;41.8;292.5;0.0;;;;;
2015-01-30;10.0;13.6;12.1;14.5;54.7;270.0;0.2;;;;;
2015-01-31;5.9;12.7;10.2;19.3;66.0;292.5;0.2;;;;;
2015-02-01;1.8;9.9;6.3;9.3;38.6;292.5;0.0;;;;;
2015-02-02;2.3;9.6;7.1;10.3;51.5;292.5;0.0;;;;;
2015-02-03;7.5;10.4;9.1;14.5;57.9;270.0;1.0;;;;;
2015-02-04;3.9;8.4;6.3;14.2;53.1;292.5;0.2;;;;;
2015-02-05;0.800000000000001;8.1;4.4;10.3;40.2;292.5;0.0;;;;;
2015-02-06;-0.699999999999999;9.1;4.8;4.5;30.6;292.5;0.0;;;;;
2015-02-07;-0.6;8.3;4.4;3.2;20.9;135.0;0.0;;;;;
2015-02-08;0.0;10.3;5.6;4.3;27.4;157.5;0.0;;;;;
2015-02-09;0.541393659507506;13.3538442962152;7.0277785767659;;-999.0;;0.0;;;;;
2015-02-10;8.46565307834532;12.4553327814342;10.5605333057164;;-999.0;;0.0;;;;;
2015-02-11;8.28348619515365;14.8813138713429;11.6475347607781;;-999.0;;5.2;;;;;
2015-02-12;6.55290080483275;13.2639931447371;10.0170325781855;;-999.0;;0.8;;;;;
2015-02-13;4.64014853132017;14.971165022821;9.83586566900859;;-999.0;;0.0;;;;;
2015-02-14;10.8;14.2;12.2;13.4;43.5;270.0;0.0;;;;;
2015-02-15;9.6;12.1;10.5;12.6;54.7;292.5;0.2;;;;;
2015-02-16;6.7;11.3;8.9;7.9;30.6;292.5;0.0;;;;;
2015-02-17;4.9;11.3;8.2;10.9;59.5;22.5;0.0;;;;;
2015-02-18;3.0;15.4;9.2;4.0;37.0;22.5;0.0;;;;;
2015-02-19;1.7;15.7;8.8;4.0;20.9;202.5;0.0;;;;;
2015-02-20;-0.4;15.3;8.7;2.7;17.7;225.0;0.0;;;;;
2015-02-21;5.3;11.8;8.6;4.5;35.4;292.5;0.4;;;;;
2015-02-22;4.7;13.4;9.4;6.1;35.4;292.5;0.2;;;;;
2015-02-23;3.7;12.4;9.6;6.0;32.2;292.5;0.0;;;;;
2015-02-24;4.7;13.3;9.6;10.1;41.8;292.5;0.0;;;;;
2015-02-25;4.7;13.6;9.4;7.2;37.0;292.5;0.0;;;;;
2015-02-26;3.3;17.8;11.9;6.0;27.4;292.5;0.0;;;;;
2015-02-27;7.4;16.1;11.7;7.9;38.6;292.5;0.0;;;;;
2015-02-28;4.3;15.9;11.4;5.3;32.2;292.5;0.0;;;;;
2015-03-01;4.27581476493682;18.8347645363792;11.6475347607781;;-999.0;;0.0;;;;;
2015-03-02;5.79006750362599;20.8042725281267;13.5494077104855;;-999.0;;0.0;;;;;
2015-03-03;7.5;21.8;17.7;4.7;20.9;292.5;0.0;;;;;
2015-03-04;6.8;20.4;14.3;5.1;29.0;0.0;0.0;;;;;
2015-03-05;7.5;12.7;10.5;19.0;53.1;135.0;0.0;;;;;
2015-03-06;6.2;14.7;10.5;22.2;57.9;157.5;0.0;;;;;
2015-03-07;5.1;16.6;11.4;18.5;57.9;157.5;0.0;;;;;
2015-03-08;-0.0999999999999996;24.2;12.4;4.7;30.6;202.5;0.0;;;;;
2015-03-09;8.0;19.0;12.8;8.7;30.6;202.5;0.0;;;;;
2015-03-10;2.2;23.2;13.6;3.1;20.9;225.0;0.0;;;;;
2015-03-11;2.2;25.5;14.4;1.9;17.7;247.5;0.0;;;;;
2015-03-12;3.8;22.3;13.3;4.0;30.6;247.5;0.0;;;;;
2015-03-13;3.3;18.2;11.1;3.5;27.4;45.0;0.0;;;;;
2015-03-14;2.3;18.7;10.8;4.0;24.1;247.5;0.0;;;;;
2015-03-15;6.0;16.7;11.1;1.3;17.7;247.5;0.2;;;;;
2015-03-16;0.300000000000001;18.1;9.8;4.0;33.8;225.0;0.0;;;;;
2015-03-17;6.3;14.2;10.2;17.5;57.9;202.5;7.4;;;;;
2015-03-18;6.4;12.1;8.3;4.3;22.5;225.0;6.2;;;;;
2015-03-19;5.4;16.1;10.1;4.0;22.4;315.0;19.0;;;;;
2015-03-20;9.1;12.7;10.0;4.3;24.1;247.5;6.8;;;;;
2015-03-21;8.7;13.0;9.9;3.2;17.7;225.0;6.8;;;;;
2015-03-22;7.9;11.3;9.6;4.5;24.1;225.0;9.6;;;;;
2015-03-23;8.9;14.2;11.0;6.8;30.6;247.5;10.8;;;;;
2015-03-24;2.7;12.7;8.3;6.8;40.2;292.5;0.6;;;;;
2015-03-25;7.7;13.3;9.7;17.2;61.2;45.0;0.0;;;;;
2015-03-26;3.4;15.5;10.4;7.9;35.4;337.5;0.0;;;;;
2015-03-27;7.8;20.3;14.7;7.6;33.8;315.0;0.0;;;;;
2015-03-28;7.9;25.1;16.9;5.1;33.8;45.0;0.0;;;;;
2015-03-29;8.5;24.9;18.3;5.3;32.2;337.5;0.0;;;;;
2015-03-30;7.6;26.6;18.4;5.0;26.4;315.0;0.0;;;;;
2015-03-31;9.1;23.9;14.1;0.5;6.4;247.5;0.0;;;;;
2015-04-01;14.7;22.4;18.1;16.3;35.4;225.0;0.0;;;;;
2015-04-02;12.1;19.0;15.3;20.6;51.5;225.0;0.0;;;;;
2015-04-03;10.8;21.1;15.4;12.7;41.8;225.0;0.0;;;;;
2015-04-04;7.8;25.6;16.1;6.1;41.8;225.0;0.0;;;;;
2015-04-05;10.7;24.2;16.7;9.0;46.7;225.0;0.0;;;;;
2015-04-06;11.3;16.4;13.4;16.6;43.5;225.0;0.0;;;;;
2015-04-07;10.7;14.5;12.1;22.2;57.9;202.5;0.0;;;;;
2015-04-08;9.4;13.9;11.4;23.3;56.3;202.5;0.0;;;;;
2015-04-09;9.3;14.2;11.4;18.0;46.7;225.0;2.8;;;;;
2015-04-10;10.3;17.1;13.0;15.9;43.5;225.0;0.0;;;;;
2015-04-11;9.1;16.0;11.8;7.6;32.2;225.0;7.2;;;;;
2015-04-12;9.3;17.5;13.3;10.6;40.2;225.0;0.0;;;;;
2015-04-13;9.4;21.7;15.8;11.3;45.1;202.5;0.0;;;;;
2015-04-14;12.9;22.4;17.5;16.4;54.7;225.0;0.2;;;;;
2015-04-15;9.4;18.9;13.9;10.9;45.1;202.5;0.4;;;;;
2015-04-16;11.6;19.1;14.7;5.3;29.0;315.0;8.2;;;;;
2015-04-17;7.0;23.1;15.4;2.4;20.9;270.0;0.0;;;;;
2015-04-18;8.7;21.0;15.9;5.8;33.8;315.0;0.0;;;;;
2015-04-19;6.6;21.5;14.8;5.0;27.4;315.0;0.0;;;;;
2015-04-20;5.4;20.9;13.6;11.1;54.7;225.0;0.0;;;;;
2015-04-21;12.4;19.3;15.2;19.8;61.2;225.0;0.0;;;;;
2015-04-22;12.4;23.7;16.8;13.8;59.5;225.0;0.0;;;;;
2015-04-23;6.1;25.6;16.5;3.1;20.9;247.5;0.0;;;;;
2015-04-24;7.8;23.2;16.1;4.0;25.7;315.0;0.0;;;;;
2015-04-25;7.9;19.6;14.3;4.0;25.7;315.0;0.0;;;;;
2015-04-26;12.7;17.4;14.4;7.6;51.5;270.0;16.2;;;;;
2015-04-27;10.8;17.4;13.8;10.1;38.6;315.0;1.0;;;;;
2015-04-28;5.9;22.4;14.9;3.1;20.9;247.5;0.0;;;;;
2015-04-29;8.5;22.7;16.4;5.5;33.8;315.0;0.0;;;;;
2015-04-30;9.9;25.7;17.9;3.7;24.1;247.5;0.0;;;;;
2015-05-01;9.7;28.2;19.7;3.5;30.6;247.5;0.0;;;;;
2015-05-02;11.4;31.3;21.7;4.8;30.6;270.0;0.0;;;;;
2015-05-03;13.1;28.2;18.8;1.8;22.5;247.5;0.0;;;;;
2015-05-04;14.9653065689714;27.8243904660158;21.4786530687678;;-999.0;;0.0;;;;;
2015-05-05;15.2;22.5;19.7;7.9;25.7;315.0;0.0;;;;;
2015-05-06;8.3;26.7;17.9;3.7;27.4;45.0;0.0;;;;;
2015-05-07;15.6;25.5;20.4;17.1;53.1;225.0;0.0;;;;;
2015-05-08;9.6;23.9;18.1;7.2;30.6;315.0;0.0;;;;;
2015-05-09;9.5;27.6;20.2;8.7;45.1;225.0;0.0;;;;;
2015-05-10;17.6;27.5;22.4;17.4;54.7;202.5;0.0;;;;;
2015-05-11;12.7;30.1;22.5;13.8;43.5;225.0;0.0;;;;;
2015-05-12;15.2;30.6;23.1;10.5;38.6;202.5;0.0;;;;;
2015-05-13;19.7;33.3;26.8;12.7;45.1;225.0;0.0;;;;;
2015-05-14;21.1;35.9;29.1;8.5;30.6;315.0;0.0;;;;;
2015-05-15;15.1;27.7;21.6;7.9;27.4;315.0;0.0;;;;;
2015-05-16;12.4;27.1;20.3;10.5;41.8;225.0;0.0;;;;;
2015-05-17;15.6;25.1;20.3;23.2;49.9;225.0;0.0;;;;;
2015-05-18;16.8;26.1;21.0;18.8;48.3;225.0;0.0;;;;;
2015-05-19;11.8;26.7;20.7;6.8;38.6;315.0;0.0;;;;;
2015-05-20;10.6;23.6;17.8;8.5;35.4;225.0;0.0;;;;;
2015-05-21;13.9;21.7;17.6;16.4;41.8;225.0;0.0;;;;;
2015-05-22;13.1;22.7;17.3;16.9;41.8;225.0;0.0;;;;;
2015-05-23;13.4;22.9;17.4;17.2;43.5;225.0;0.0;;;;;
2015-05-24;13.8;18.1;15.6;12.7;35.4;225.0;0.0;;;;;
2015-05-25;13.3;23.7;17.8;9.2;38.6;225.0;0.0;;;;;
2015-05-26;9.8;28.4;19.1;5.5;29.0;270.0;0.0;;;;;
2015-05-27;11.1;27.4;20.8;10.9;43.5;225.0;0.0;;;;;
2015-05-28;15.8;26.3;21.1;18.8;51.5;225.0;0.0;;;;;
2015-05-29;14.2;28.9;22.1;9.8;37.0;225.0;0.0;;;;;
2015-05-30;13.4;29.9;22.0;5.5;27.4;247.5;0.0;;;;;
2015-05-31;15.5;30.0;22.3;7.6;38.6;225.0;0.0;;;;;
2015-06-01;16.7;28.4;22.2;9.5;49.9;225.0;0.0;;;;;
2015-06-02;13.9;28.1;22.1;10.8;43.5;225.0;0.0;;;;;
2015-06-03;17.2;27.8;22.9;18.7;57.9;225.0;0.0;;;;;
2015-06-04;18.4;26.9;22.2;19.2;48.3;225.0;0.0;;;;;
2015-06-05;17.4;28.3;22.6;20.0;45.1;225.0;0.0;;;;;
2015-06-06;19.2;27.5;23.2;21.6;54.7;225.0;0.0;;;;;
2015-06-07;18.6;27.0;22.7;21.9;56.3;225.0;0.0;;;;;
2015-06-08;19.2;28.1;23.1;17.9;48.3;225.0;0.0;;;;;
2015-06-09;17.6;30.1;24.1;10.3;38.6;225.0;0.0;;;;;
2015-06-10;19.6;22.8;21.2;1.6;6.4;270.0;0.0;;;;;
2015-06-11;15.0661333718873;21.344281600272;18.0804050580754;;-999.0;;0.0;;;;;
2015-06-12;12.2429828902425;20.9842755521751;16.5700726088788;;-999.0;;0.0;;;;;
2015-06-13;10.8314076494202;21.7042876483689;16.3812810527292;;-999.0;;0.0;;;;;
2015-06-14;12.3438096931584;22.2442967205142;17.3252388334771;;-999.0;;0.0;;;;;
2015-06-15;12.7471169048219;23.0543103287322;17.8916135019258;;-999.0;;0.8;;;;;
2015-06-16;11.1338880581678;26.3843662736283;18.9299670607485;;-999.0;;0.2;;;;;
2015-06-17;13.1504241164855;29.4444176824517;21.4786530687678;;-999.0;;0.0;;;;;
2015-06-18;17.9383310043124;26.2924101090614;22.155215493041;;-999.0;;0.0;;;;;
2015-06-19;15.5702673864667;32.1444630431783;24.0273390767871;;-999.0;;0.0;;;;;
2015-06-20;19.0992054885226;33.3144826994932;26.2928377505821;;-999.0;;0.0;;;;;
2015-06-21;19.9058199118497;32.3244660672267;26.1984419725073;;-999.0;;0.0;;;;;
2015-06-22;15.8727477952143;30.4344343147181;23.2721728521888;;-999.0;;0.0;;;;;
2015-06-23;14.5682436652664;29.1676469563606;21.9740485838641;;-999.0;;0.0;;;;;
2015-06-24;13.9570385398125;30.5244358267424;22.4226108495157;;-999.0;;0.0;;;;;
2015-06-25;16.981842627289;30.794440362815;23.9329432987123;;-999.0;;0.0;;;;;
2015-06-26;18.6958982768591;33.4944857235416;26.1984419725073;;-999.0;;0.0;;;;;
2015-06-27;20.2083003205973;35.5645205000986;27.9919617559283;;-999.0;;0.0;;;;;
2015-06-28;19.7041663060179;37.6345552766557;28.8415237586014;;-999.0;;0.0;;;;;
2015-06-29;19.603339503102;35.5645205000986;27.7087744217039;;-999.0;;0.0;;;;;
2015-06-30;21.5816686681459;33.5703533787875;27.6808062229379;;-999.0;;0.0;;;;;
2015-07-01;15.9735745981302;33.7644902596142;25.0656926356098;;-999.0;;0.0;;;;;
2015-07-02;18.3026647706957;34.5587160450465;26.5032213132877;;-999.0;;0.0;;;;;
2015-07-03;21.6727521097417;32.4022884095722;27.137305495407;;-999.0;;0.0;;;;;
2015-07-04;20.8132611380926;36.1045295722439;28.558336424377;;-999.0;;0.0;;;;;
2015-07-05;21.0351680185708;35.5470787113056;28.4054738596457;;-999.0;;0.0;;;;;
2015-07-06;24.5438528459803;38.0845628367768;31.2958139885459;;-999.0;;0.0;;;;;
2015-07-07;22.8568368504876;38.6918690130391;30.8512271335345;;-999.0;;0.0;;;;;
2015-07-08;19.4867495114416;38.9614224674734;29.4018918601189;;-999.0;;0.0;;;;;
2015-07-09;19.3008590943544;36.8245416684377;28.2751490901527;;-999.0;;0.0;;;;;
2015-07-10;20.2154170442083;34.9181206509589;27.6808062229379;;-999.0;;0.0;;;;;
2015-07-11;16.5720793803748;37.2542505893895;27.0467220408186;;-999.0;;0.0;;;;;
2015-07-12;18.5759150954832;36.5354413775647;27.6808062229379;;-999.0;;0.0;;;;;
2015-07-13;19.3045826282499;37.7933574982581;28.6772242234111;;-999.0;;0.0;;;;;
2015-07-14;18.8491654202707;36.9846971349552;28.0431400412918;;-999.0;;0.0;;;;;
2015-07-15;19.0313323034624;36.2658879231304;27.7713896775264;;-999.0;;0.0;;;;;
2015-07-16;21.7638355513375;35.2775252568713;28.6772242234111;;-999.0;;0.0;;;;;
2015-07-17;23.3122540584668;34.9181206509589;29.2207249509419;;-999.0;;0.0;;;;;
2015-07-18;19.1224157450583;35.0978229539151;27.2278889499955;;-999.0;;0.0;;;;;
2015-07-19;19.7599998362291;35.6369298627837;27.7713896775264;;-999.0;;0.0;;;;;
2015-07-20;18.8491654202707;37.3441017408676;28.2243069504687;;-999.0;;0.0;;;;;
2015-07-21;20.2083003205973;36.6445386443893;28.558336424377;;-999.0;;0.0;;;;;
2015-07-22;21.9223559701673;36.1045295722439;29.030315314751;;-999.0;;0.0;;;;;
2015-07-23;21.4182219555879;36.2845325962924;28.9359195366762;;-999.0;;0.0;;;;;
2015-07-24;19.2000322914385;33.1344796754447;26.1984419725073;;-999.0;;0.0;;;;;
2015-07-25;20.6116075322608;33.0444781634205;26.8592124190308;;-999.0;;0.0;;;;;
2015-07-26;19.3008590943544;34.484502355808;26.9536081971056;;-999.0;;0.0;;;;;
2015-07-27;21.317395152672;36.6445386443893;29.030315314751;;-999.0;;0.0;;;;;
2015-07-28;20.3091271235132;39.1645809810674;29.9742730954989;;-999.0;;0.0;;;;;
2015-07-29;22.5273167876626;36.1945310842682;29.4078984270501;;-999.0;;0.0;;;;;
2015-07-30;21.9223559701673;33.67448874759;27.8031701997787;;-999.0;;0.0;;;;;
2015-07-31;22.3;31.7;28.0;11.3;37.0;315.0;0.0;;;;;
2015-08-01;15.3;33.8;24.5;7.9;38.6;225.0;0.0;;;;;
2015-08-02;23.1;30.1;26.1;21.9;57.9;225.0;0.0;;;;;
2015-08-03;23.2;33.5;27.3;16.4;43.5;225.0;0.0;;;;;
2015-08-04;19.0;36.5;27.4;4.3;25.7;45.0;0.0;;;;;
2015-08-05;19.3;36.1;28.9;5.8;29.0;225.0;0.0;;;;;
2015-08-06;21.6;36.5;29.4;6.9;43.5;225.0;0.0;;;;;
2015-08-07;26.1;37.8;31.3;7.9;40.2;225.0;0.0;;;;;
2015-08-08;23.6;34.3;27.9;9.2;56.3;225.0;0.2;;;;;
2015-08-09;24.5;35.6;28.6;15.1;48.3;225.0;0.0;;;;;
2015-08-10;23.5;35.3;29.1;10.3;35.4;225.0;0.0;;;;;
2015-08-11;22.9;34.9;28.2;5.8;29.0;315.0;0.0;;;;;
2015-08-12;19.4;37.0;29.0;6.1;43.5;315.0;0.0;;;;;
2015-08-13;21.7;30.9;26.3;8.7;35.4;315.0;0.0;;;;;
2015-08-14;15.5;28.6;22.9;9.2;32.2;315.0;0.0;;;;;
2015-08-15;13.4;28.4;22.3;7.4;33.8;315.0;0.0;;;;;
2015-08-16;15.8;30.7;24.2;5.8;37.0;315.0;0.0;;;;;
2015-08-17;17.0;30.9;24.6;5.1;30.6;315.0;0.0;;;;;
2015-08-18;15.4;31.2;24.1;4.7;27.4;315.0;0.0;;;;;
2015-08-19;16.7;30.4;24.2;10.3;41.8;225.0;0.0;;;;;
2015-08-20;22.1;30.3;25.7;18.3;43.5;225.0;0.0;;;;;
2015-08-21;22.0;30.8;26.2;16.9;49.9;225.0;0.0;;;;;
2015-08-22;16.4;28.6;23.7;6.6;33.8;315.0;0.0;;;;;
2015-08-23;16.7;25.9;21.2;8.7;37.0;315.0;0.0;;;;;
2015-08-24;14.8;24.7;20.6;6.9;32.2;315.0;0.0;;;;;
2015-08-25;12.0;31.4;22.8;7.1;35.4;225.0;0.0;;;;;
2015-08-26;18.7;30.6;24.6;11.7;38.6;225.0;0.0;;;;;
2015-08-27;17.4;34.8;26.2;4.3;48.3;225.0;0.0;;;;;
2015-08-28;20.7;31.1;25.4;10.6;41.8;225.0;0.0;;;;;
2015-08-29;21.8;28.1;24.0;24.8;59.5;225.0;0.0;;;;;
2015-08-30;22.4;28.3;24.3;23.2;64.4;225.0;0.0;;;;;
2015-08-31;22.4;32.0;25.9;12.4;15.1;225.0;0.0;;;;;
2015-09-01;13.9;30.6;23.1;5.1;38.6;315.0;0.0;;;;;
2015-09-02;12.2;28.9;21.6;4.7;30.6;315.0;0.0;;;;;
2015-09-03;12.3;19.4;15.9;2.1;19.3;315.0;0.0;;;;;
2015-09-04;14.2039098988831;25.7533032001928;20.0717960375061;;-999.0;;0.0;;;;;
2015-09-05;12.2911576253705;25.933005503149;19.2565449462098;;-999.0;;0.0;;;;;
2015-09-06;14.8414939900539;25.7533032001928;20.3435464012715;;-999.0;;0.2;;;;;
2015-09-07;17.7;19.9;19.3;6.1;27.4;225.0;0.0;;;;;
2015-09-08;14.2;28.6;21.1;2.6;22.5;270.0;0.0;;;;;
2015-09-09;17.9;31.2;23.5;6.9;25.7;225.0;0.0;;;;;
2015-09-10;13.9;31.2;23.4;5.1;29.0;67.5;0.0;;;;;
2015-09-11;13.7;31.0;22.9;6.1;32.2;225.0;0.0;;;;;
2015-09-12;18.4;30.6;23.4;6.8;32.2;315.0;0.0;;;;;
2015-09-13;13.2;26.8;19.9;6.1;33.8;315.0;0.0;;;;;
2015-09-14;14.3;17.8;16.0;1.0;14.5;112.5;0.0;;;;;
2015-09-15;16.8;25.2;21.7;11.3;33.8;292.5;0.0;;;;;
2015-09-16;13.3;24.7;19.2;9.3;41.8;247.5;0.0;;;;;
2015-09-17;14.3;22.4;18.3;7.2;33.8;337.5;0.8;;;;;
2015-09-18;8.0;25.0;17.7;10.8;41.8;225.0;0.0;;;;;
2015-09-19;17.8;26.3;21.3;17.7;51.5;225.0;0.0;;;;;
2015-09-20;18.3;26.9;21.9;18.8;43.5;225.0;0.0;;;;;
2015-09-21;16.8;30.6;23.7;3.2;25.7;315.0;0.0;;;;;
2015-09-22;13.9;29.8;23.2;6.6;37.0;315.0;0.0;;;;;
2015-09-23;10.4;29.5;21.3;3.9;24.1;337.5;0.0;;;;;
2015-09-24;13.0;28.2;20.2;4.5;27.4;225.0;0.0;;;;;
2015-09-25;19.6;27.1;24.6;8.2;27.4;225.0;0.0;;;;;
2015-09-26;11.1;29.4;20.6;4.3;40.2;225.0;0.0;;;;;
2015-09-27;12.8;27.3;20.2;7.2;33.8;225.0;0.0;;;;;
2015-09-28;17.2;24.2;20.2;19.5;45.1;225.0;0.0;;;;;
2015-09-29;15.0;22.5;18.9;10.6;41.8;225.0;2.2;;;;;
2015-09-30;11.9;25.3;18.1;3.1;24.1;270.0;6.2;;;;;
2015-10-01;10.2;28.7;19.1;2.1;17.7;270.0;0.0;;;;;
2015-10-02;11.2;29.6;20.7;2.6;22.5;247.5;0.0;;;;;
2015-10-03;17.1;26.2;21.4;5.3;37.0;292.5;0.0;;;;;
2015-10-04;13.9;30.1;22.0;2.6;24.1;67.5;0.0;;;;;
2015-10-05;18.6;23.8;21.9;5.1;33.8;292.5;0.6;;;;;
2015-10-06;16.2;23.1;19.8;7.7;32.2;292.5;1.2;;;;;
2015-10-07;11.8;24.3;18.0;3.2;20.9;67.5;0.0;;;;;
2015-10-08;10.1;23.2;17.3;3.4;27.4;247.5;0.0;;;;;
2015-10-09;10.1;22.6;16.8;7.6;37.0;247.5;0.0;;;;;
2015-10-10;14.8;22.1;17.9;13.8;33.8;225.0;0.0;;;;;
2015-10-11;15.8;20.4;17.8;6.0;30.6;225.0;0.8;;;;;
2015-10-12;15.1;20.4;17.4;2.6;29.0;225.0;4.2;;;;;
2015-10-13;9.8;22.4;16.7;3.5;29.0;225.0;6.2;;;;;
2015-10-14;11.7;22.0;16.6;2.1;22.5;247.5;0.2;;;;;
2015-10-15;9.1;24.4;17.0;1.8;20.9;247.5;0.0;;;;;
2015-10-16;11.1;23.1;17.2;9.8;41.8;202.5;0.2;;;;;
2015-10-17;16.1;22.0;18.2;15.4;54.7;225.0;4.6;;;;;
2015-10-18;15.1;18.5;17.0;10.8;48.3;225.0;22.2;;;;;
2015-10-19;12.7;17.8;15.9;7.6;29.0;225.0;1.2;;;;;
2015-10-20;15.7;20.1;17.4;8.9;43.5;225.0;0.0;;;;;
2015-10-21;11.7;22.7;16.9;3.2;29.0;337.5;0.0;;;;;
2015-10-22;9.8;23.3;15.9;2.1;25.7;270.0;0.0;;;;;
2015-10-23;10.8;23.7;16.7;6.4;24.1;225.0;0.0;;;;;
2015-10-24;15.6;19.4;16.9;13.0;35.4;225.0;0.0;;;;;
2015-10-25;15.4;19.2;16.8;12.7;40.2;225.0;0.0;;;;;
2015-10-26;15.1;20.2;16.9;7.6;30.6;225.0;9.6;;;;;
2015-10-27;11.7;17.5;15.0;6.8;30.6;225.0;3.0;;;;;
2015-10-28;9.1;18.2;13.3;2.9;25.7;315.0;0.6;;;;;
2015-10-29;7.7;20.8;13.9;3.7;27.4;225.0;0.0;;;;;
2015-10-30;12.2;20.9;16.8;18.3;48.3;225.0;0.0;;;;;
2015-10-31;15.3;19.6;16.9;18.0;51.5;225.0;0.0;;;;;
2015-11-01;12.0;18.8;15.8;14.3;59.5;157.5;28.6;;;;;
2015-11-02;10.6;15.6;12.7;10.5;40.2;225.0;2.6;;;;;
2015-11-03;12.3;17.1;13.3;17.5;51.5;225.0;0.0;;;;;
2015-11-04;12.8376582749455;19.553573748204;16.2672909447902;;-999.0;;0.0;;;;;
2015-11-05;12.4;22.2;17.9;2.4;16.1;45.0;0.0;;;;;
2015-11-06;9.4;22.1;16.0;9.2;37.0;225.0;0.2;;;;;
2015-11-07;15.6;20.7;17.4;17.2;45.1;225.0;0.0;;;;;
2015-11-08;15.2;19.2;16.6;23.5;53.1;225.0;0.0;;;;;
2015-11-09;14.2;21.2;16.8;13.8;43.5;225.0;0.0;;;;;
2015-11-10;13.9;22.2;17.4;11.7;32.2;225.0;0.0;;;;;
2015-11-11;12.3;21.3;15.7;2.4;17.7;270.0;0.0;;;;;
2015-11-12;11.0;19.3;14.6;8.7;40.2;225.0;0.0;;;;;
2015-11-13;7.0;21.8;14.3;5.1;25.7;225.0;0.2;;;;;
2015-11-14;12.8;18.4;15.2;13.8;45.1;225.0;0.0;;;;;
2015-11-15;9.1;19.1;15.1;13.2;41.8;225.0;0.0;;;;;
2015-11-16;5.1;20.1;12.1;1.8;17.7;337.5;0.0;;;;;
2015-11-17;5.1;21.1;12.2;1.9;22.5;45.0;0.0;;;;;
2015-11-18;2.2;20.1;11.3;4.2;30.6;225.0;0.0;;;;;
2015-11-19;3.3;22.2;11.6;1.4;17.7;225.0;0.0;;;;;
2015-11-20;4.2;25.2;13.4;1.4;16.1;247.5;0.0;;;;;
2015-11-21;6.7;16.7;12.4;8.5;45.1;315.0;0.0;;;;;
2015-11-22;4.1;12.0;8.4;8.5;32.2;337.5;0.0;;;;;
2015-11-23;0.5;12.4;6.8;7.6;48.3;45.0;0.0;;;;;
2015-11-24;-2.4;13.1;5.3;3.9;33.8;45.0;0.0;;;;;
2015-11-25;0.300000000000001;14.7;7.6;3.7;30.6;315.0;0.0;;;;;
2015-11-26;1.9;18.2;10.2;6.8;33.8;45.0;0.0;;;;;
2015-11-27;5.5;19.1;11.1;4.7;29.0;67.5;0.0;;;;;
2015-11-28;1.4;18.7;9.6;2.3;20.9;45.0;0.0;;;;;
2015-11-29;2.7;16.8;11.0;10.0;41.8;225.0;0.0;;;;;
2015-11-30;10.7;16.7;12.9;15.4;45.1;225.0;0.0;;;;;
2015-12-01;5.3;17.9;11.4;4.2;29.0;225.0;0.0;;;;;
2015-12-02;4.6;20.6;11.0;0.8;16.1;45.0;0.0;;;;;
2015-12-03;2.7;17.8;10.9;6.3;38.6;225.0;0.0;;;;;
2015-12-04;10.1;18.1;13.8;13.8;35.4;225.0;0.0;;;;;
2015-12-05;11.4;16.0;13.1;16.3;46.7;225.0;0.0;;;;;
2015-12-06;11.4;15.9;13.0;20.8;46.7;225.0;0.0;;;;;
2015-12-07;11.5;15.1;12.8;17.5;43.5;225.0;0.0;;;;;
2015-12-08;11.1;14.9;12.5;10.8;30.6;225.0;0.0;;;;;
2015-12-09;8.647819961537;16.5884857494267;12.7345362158397;;-999.0;;0.0;;;;;
2015-12-10;6.46181736323691;15.9595276890801;11.2852009424242;;-999.0;;0.0;;;;;
2015-12-11;11.4;14.2;12.5;8.5;27.4;202.5;0.0;;;;;
2015-12-12;8.4;16.0;12.3;8.5;32.2;225.0;0.0;;;;;
2015-12-13;9.0;16.3;11.8;2.3;16.1;225.0;0.2;;;;;
2015-12-14;8.4;17.6;13.1;6.1;29.0;225.0;0.0;;;;;
2015-12-15;3.1;21.8;11.0;1.1;17.7;225.0;0.0;;;;;
2015-12-16;3.9;20.5;8.7;3.7;32.2;225.0;0.0;;;;;
2015-12-17;6.79833553278482;20.4442664800298;13.7381992666351;;-999.0;;0.0;;;;;
2015-12-18;3.7;20.9;13.3;2.1;16.1;67.5;0.0;;;;;
2015-12-19;1.2;21.8;10.9;2.7;24.1;247.5;0.0;;;;;
2015-12-20;2.9;18.6;10.7;2.1;29.0;247.5;0.0;;;;;
2015-12-21;4.4;17.6;11.5;7.4;38.6;225.0;0.0;;;;;
2015-12-22;11.6;15.6;12.8;24.9;59.5;225.0;0.0;;;;;
2015-12-23;9.9;15.8;12.4;14.0;33.8;225.0;0.0;;;;;
2015-12-24;4.4;16.3;10.5;2.6;20.9;225.0;0.0;;;;;
2015-12-25;0.300000000000001;15.6;8.4;9.0;38.6;225.0;0.0;;;;;
2015-12-26;11.2;15.1;12.6;22.2;48.3;225.0;0.0;;;;;
2015-12-27;11.4;16.1;12.8;24.5;59.5;225.0;0.0;;;;;
2015-12-28;11.2;15.7;12.9;20.3;48.3;225.0;0.0;;;;;
2015-12-29;6.3;17.2;12.4;5.6;25.7;225.0;1.4;;;;;
2015-12-30;1.8;15.6;8.8;2.1;25.7;22.5;0.2;;;;;
2015-12-31;9.9;18.4;14.0;2.1;20.9;270.0;0.0;;;;;
2016-01-01;8.4;18.8;13.8;3.9;30.6;292.5;0.0;;;;42.69565217391305;
2016-01-02;10.9;13.9;12.4;4.2;25.7;315.0;2.2;;;;67.625;
2016-01-03;10.3;15.4;12.5;4.8;46.7;292.5;3.4;;;;64.125;
2016-01-04;13.3;15.4;14.3;14.6;46.7;270.0;0.6;;;;59.541666666666664;
2016-01-05;5.4;13.7;9.6;12.7;48.3;315.0;13.4;;;;73.1304347826087;
2016-01-06;3.4;12.1;7.9;4.7;30.6;315.0;0.0;;;;72.04166666666667;
2016-01-07;8.3;14.3;11.9;4.7;25.7;315.0;0.0;;;;77.625;
2016-01-08;4.6;17.7;11.8;3.7;40.2;247.5;0.0;;;;56.166666666666664;
2016-01-09;6.8;14.9;12.2;10.0;43.5;247.5;6.2;;;;75.875;
2016-01-10;6.0;16.9;11.3;6.0;37.0;270.0;0.0;;;;65.54166666666667;
2016-01-11;9.6;14.5;12.1;8.7;45.1;247.5;5.2;;;;78.75;
2016-01-12;4.6;13.6;9.4;5.8;27.4;22.5;0.2;;;;68.0;
2016-01-13;2.0;14.3;9.4;15.0;46.7;225.0;0.0;;;;71.29166666666667;
2016-01-14;4.8;17.8;10.7;4.7;22.5;247.5;0.0;;;;59.416666666666664;
2016-01-15;6.8;13.3;10.4;7.2;32.2;315.0;0.0;;;;57.166666666666664;
2016-01-16;2.0;13.9;7.2;5.5;25.7;45.0;0.0;;;;63.208333333333336;
2016-01-17;2.0;12.0;8.2;9.8;35.4;225.0;0.0;;;;74.91666666666667;
2016-01-18;2.6;14.9;8.4;3.1;30.6;315.0;0.0;;;;62.25;
2016-01-19;3.3;12.0;8.0;2.1;14.5;0.0;0.2;;;;64.79166666666667;
2016-01-20;3.6;14.6;9.4;4.3;32.2;315.0;3.0;;;;62.625;
2016-01-21;7.1;15.2;11.1;1.4;16.1;270.0;0.2;;;;64.08695652173913;
2016-01-22;9.8;18.1;13.1;1.1;12.9;67.5;0.0;;;;62.375;
2016-01-23;8.6;17.8;13.4;15.4;43.5;225.0;0.0;;;;84.20833333333333;
2016-01-24;11.9;17.7;13.8;18.7;46.7;225.0;0.0;;;;92.33333333333333;
2016-01-25;8.3;15.9;12.3;12.1;46.7;225.0;0.0;;;;87.0;
2016-01-26;6.3;16.6;10.3;2.7;24.1;270.0;1.4;;;;51.166666666666664;
2016-01-27;1.4;16.7;8.1;1.4;16.1;247.5;0.0;;;;52.208333333333336;
2016-01-28;1.9;13.8;8.2;1.4;14.5;247.5;0.0;;;;45.083333333333336;
2016-01-29;1.2;12.9;7.6;3.5;27.4;247.5;22.6;;;;56.31818181818182;
2016-01-30;3.1;15.8;8.7;2.3;16.1;247.5;2.6;;;;72.04166666666667;
2016-01-31;2.1;15.7;8.7;2.9;22.5;45.0;0.0;;;;52.583333333333336;
2016-02-01;3.1;21.1;11.6;3.4;22.5;247.5;0.2;;;;53.291666666666664;
2016-02-02;4.3;21.1;11.8;2.1;19.3;247.5;0.0;;;;48.77272727272727;
2016-02-03;3.2;15.5;9.3;3.4;24.1;45.0;0.0;;;;41.708333333333336;
2016-02-04;9.3;14.3;11.7;15.1;48.3;202.5;0.0;;;;82.08333333333333;
2016-02-05;10.3;15.1;11.8;20.6;53.1;225.0;0.0;;;;87.95833333333333;
2016-02-06;9.1;18.4;12.6;10.5;45.1;225.0;0.0;;;;81.45833333333333;
2016-02-07;7.4;14.2;12.0;12.7;56.3;315.0;0.2;;;;82.375;
2016-02-08;5.6;13.9;9.6;5.0;33.8;337.5;0.0;;;;75.58333333333333;
2016-02-09;4.2;15.3;11.2;8.0;45.1;315.0;0.0;;;;74.20833333333333;
2016-02-10;11.8;15.8;13.3;11.7;43.5;315.0;0.8;;;;74.75;
2016-02-11;13.2;15.7;14.1;8.9;38.6;292.5;10.8;;;;65.95454545454545;
2016-02-12;11.3;15.3;13.3;12.6;49.9;292.5;0.0;;;;69.33333333333333;
2016-02-13;12.6;15.2;13.7;13.4;59.5;292.5;0.4;;;;58.625;
2016-02-14;4.3;13.7;10.1;22.7;66.0;315.0;0.0;;;;79.875;
2016-02-15;3.7;11.1;6.9;13.8;54.7;315.0;0.0;;;;78.91666666666667;
2016-02-16;0.6;9.2;5.0;12.1;45.1;45.0;0.0;;;;77.58333333333333;
2016-02-17;-3.2;11.1;4.0;3.5;30.6;247.5;0.0;;;;63.875;
2016-02-18;4.1;10.3;6.6;2.7;24.1;67.5;4.0;;;;65.83333333333333;
2016-02-19;5.8;11.8;7.2;2.9;20.9;67.5;0.2;;;;57.291666666666664;
2016-02-20;4.82231541451184;12.9045885388247;8.93003112312385;;-999.0;;0.0;;;;60.416666666666664;
2016-02-21;10.2;16.2;13.4;16.4;53.1;225.0;0.0;;;;89.375;
2016-02-22;3.6;17.8;11.2;5.0;25.7;315.0;0.0;;;;62.375;
2016-02-23;2.7;17.7;10.2;4.0;29.0;315.0;0.0;;;;70.4090909090909;
2016-02-24;1.6;14.0;8.4;6.6;40.2;292.5;0.8;;;;62.208333333333336;
2016-02-25;8.3;13.8;10.4;10.8;43.5;315.0;0.0;;;;83.25;
2016-02-26;6.2;13.2;9.0;10.9;48.3;247.5;9.8;;;;80.66666666666667;
2016-02-27;3.7;8.6;5.6;16.4;54.7;315.0;0.2;;;;83.375;
2016-02-28;3.1;12.0;7.1;12.6;45.1;315.0;0.0;;;;77.0;
2016-02-29;4.9;14.3;10.2;7.2;30.6;337.5;0.0;;;;75.41666666666667;
2016-03-01;2.5;12.0;7.6;3.7;19.3;270.0;0.0;;;;83.70833333333333;
2016-03-02;11.4;19.3;16.2;9.3;29.0;337.5;0.0;;;;69.625;
2016-03-03;1.45222807546588;19.1043179908135;10.3793663965394;3.2;17.7;315.0;0.0;;;;71.75;
2016-03-04;4.82231541451184;16.9478903553391;10.9228671240703;;-999.0;;0.0;;;;59.130434782608695;
2016-03-05;3.54714723217013;18.7449133849011;11.2852009424242;;-999.0;;0.0;;;;78.41666666666667;
2016-03-06;7.9;13.0;10.5;6.3;24.1;315.0;0.0;;;;77.91666666666667;
2016-03-07;2.3;12.1;7.1;10.8;61.2;315.0;3.8;;;;75.95833333333333;
2016-03-08;4.9;12.7;8.4;10.8;49.9;45.0;0.0;;;;81.08333333333333;
2016-03-09;0.905727425890854;13.8929512050838;7.48069584970827;;-999.0;;0.0;;;;60.208333333333336;
2016-03-10;-0.4605241980467;15.6001230831677;7.66186275888522;;-999.0;;0.0;;;;77.58333333333333;
2016-03-11;5.36881606408687;15.4204207802115;10.4699498511279;;-999.0;;0.0;;;;71.33333333333333;
2016-03-12;4.0;14.7;9.4;1.9;11.3;270.0;0.0;;;;70.95833333333333;
2016-03-13;0.0;18.8;9.7;2.9;20.9;247.5;0.0;;;;79.75;
2016-03-14;2.6;17.2;10.6;3.1;22.5;270.0;0.0;;;;79.79166666666667;
2016-03-15;6.3;14.4;10.3;5.6;30.6;315.0;0.0;;;;83.91666666666667;
2016-03-16;9.7;15.6;12.1;6.8;30.6;315.0;6.0;;;;83.41666666666667;
2016-03-17;1.8;18.6;11.3;3.1;20.9;315.0;0.0;;;;56.25;
2016-03-18;5.6;17.4;11.9;4.7;24.1;247.5;0.0;;;;77.04166666666667;
2016-03-19;7.7;15.8;11.7;7.1;35.4;292.5;2.4;;;;77.75;
2016-03-20;1.9;14.1;8.4;3.5;25.7;247.5;0.2;;;;55.875;
2016-03-21;3.9;13.5;8.2;6.0;37.0;225.0;3.4;;;;30.75;
2016-03-22;2.4;14.4;8.3;4.8;33.8;315.0;0.4;;;;;
2016-03-23;5.6;14.6;10.6;5.6;29.0;315.0;0.0;;;;88.6;
2016-03-24;2.1;17.3;10.2;4.8;32.2;337.5;0.0;;;;81.08333333333333;
2016-03-25;2.1;19.3;11.8;4.0;30.6;315.0;0.0;;;;80.25;
2016-03-26;2.5;18.9;11.4;4.8;32.2;315.0;0.0;;;;84.54166666666667;
2016-03-27;9.8;17.3;13.3;5.6;30.6;315.0;0.2;;;;77.25;
2016-03-28;2.6;17.6;11.5;4.0;30.6;247.5;0.0;;;;74.70833333333333;
2016-03-29;2.2;23.6;13.2;3.9;24.1;247.5;0.0;;;;74.375;
2016-03-30;9.1;23.8;16.6;10.8;46.7;225.0;0.0;;;;93.58333333333333;
2016-03-31;6.4;14.1;10.8;12.6;43.5;315.0;0.0;;;;87.16666666666667;
2016-04-01;2.3;16.0;10.1;8.4;41.8;45.0;0.0;;;;76.08333333333333;
2016-04-02;0.5;18.3;10.0;8.4;37.0;247.5;0.0;;;;85.91666666666667;
2016-04-03;3.2;18.4;11.1;6.6;43.5;270.0;0.0;;;;80.375;
2016-04-04;8.2;15.2;11.8;12.9;56.3;247.5;13.2;;;;83.08333333333333;
2016-04-05;7.2;16.7;11.3;13.8;41.8;315.0;0.0;;;;83.75;
2016-04-06;7.1;20.1;14.1;5.5;27.4;337.5;0.0;;;;88.25;
2016-04-07;6.1;22.0;15.4;4.0;27.4;247.5;0.0;;;;79.20833333333333;
2016-04-08;7.2;16.8;13.5;11.1;56.3;45.0;0.0;;;;92.875;
2016-04-09;3.2;19.8;12.4;3.9;25.7;315.0;0.0;;;;78.16666666666667;
2016-04-10;4.4;14.8;10.1;5.5;32.2;292.5;1.4;;;;69.0;
2016-04-11;8.3;15.3;10.9;6.9;41.8;247.5;3.6;;;;75.20833333333333;
2016-04-12;8.3;15.0;11.4;8.5;35.4;247.5;1.8;;;;81.5;
2016-04-13;6.6;17.6;12.0;4.2;29.0;270.0;0.2;;;;73.58333333333333;
2016-04-14;4.0;22.0;13.7;3.2;35.4;315.0;0.0;;;;65.83333333333333;
2016-04-15;5.9;19.6;13.8;5.5;41.8;292.5;0.0;;;;60.56521739130435;
2016-04-16;8.6;20.4;15.4;12.6;49.9;247.5;0.0;;;;60.083333333333336;
2016-04-17;11.0;19.6;15.1;4.3;29.0;315.0;3.4;;;;68.58333333333333;
2016-04-18;6.9;20.5;14.7;9.0;45.1;225.0;0.0;;;;68.08333333333333;
2016-04-19;12.8;17.2;14.4;18.3;57.9;225.0;0.2;;;;93.08333333333333;
2016-04-20;9.2;16.3;12.4;10.5;59.5;225.0;10.8;;;;93.0;
2016-04-21;3.9;20.1;12.4;2.7;20.9;45.0;0.0;;;;71.58333333333333;
2016-04-22;11.1;20.8;16.1;3.4;27.4;337.5;0.0;;;;78.20833333333333;
2016-04-23;7.9;21.4;15.3;5.1;33.8;315.0;0.0;;;;61.208333333333336;
2016-04-24;10.2;23.4;17.2;4.8;30.6;67.5;0.0;;;;71.95833333333333;
2016-04-25;6.6;21.6;15.3;8.2;41.8;225.0;0.0;;;;75.70833333333333;
2016-04-26;9.9;25.6;18.1;4.5;25.7;315.0;0.0;;;;96.52380952380952;
2016-04-27;8.6;23.4;17.1;5.6;37.0;315.0;0.0;;;;83.04166666666667;
2016-04-28;9.9;22.7;17.3;5.0;33.8;315.0;0.0;;;;78.08333333333333;
2016-04-29;13.0;18.6;15.7;15.9;49.9;225.0;0.0;;;;96.625;
2016-04-30;13.2;24.9;18.2;6.0;29.0;225.0;0.0;;;;91.95833333333333;
2016-05-01;13.3841589245205;25.4837497457585;19.5282953099753;;-999.0;;0.0;;;;88.41666666666667;
2016-05-02;10.0140715854746;24.8547916854119;17.5354593090288;;-999.0;;0.0;;;;107.91666666666667;
2016-05-03;12.4733245085622;20.9911921718536;16.8107916723211;;-999.0;;0.0;;;;122.58333333333333;
2016-05-04;12.1089907421788;23.5070244132404;17.8977931273827;;-999.0;;0.0;;;;127.95833333333333;
2016-05-05;15.934495289204;22.7882152014156;19.4377118553868;;-999.0;;2.0;;;;124.70833333333333;
2016-05-06;13.7484926909039;21.2607456262879;17.6260427636173;;-999.0;;14.4;;;;99.31818181818181;
2016-05-07;12.564407950158;18.7449133849011;15.7237902172594;;-999.0;;1.6;;;;68.41666666666667;
2016-05-08;11.9268238589871;18.655062233423;15.3614563989055;;-999.0;;5.8;;;;80.08333333333333;
2016-05-09;12.1089907421788;15.3305696287334;13.8215376709014;;-999.0;;6.2;;;;93.33333333333333;
2016-05-10;9.74082126068704;18.4753599304668;14.1838714892553;;-999.0;;5.6;;;;86.95833333333333;
2016-05-11;9.46757093589953;15.9595276890801;12.7345362158397;;-999.0;;3.8;;;;79.125;
2016-05-12;6.73506768802442;16.9478903553391;11.9192851245435;;-999.0;;8.8;;;;80.83333333333333;
2016-05-13;9.83190470228288;16.4087834464705;13.1874534887821;;-999.0;;1.4;;;;93.29166666666667;
2016-05-14;8.55673651994116;18.2058064760325;13.4592038525475;;-999.0;;0.0;;;;85.34782608695652;
2016-05-15;7.6;23.3;18.0;5.6;29.0;45.0;0.0;;;;79.70833333333333;
2016-05-16;8.8;25.6;18.3;5.6;29.0;247.5;0.0;;;;80.04166666666667;
2016-05-17;12.7;25.3;19.2;9.8;38.6;225.0;0.0;;;;103.58333333333333;
2016-05-18;13.4;26.8;20.7;10.0;33.8;225.0;0.0;;;;121.16666666666667;
2016-05-19;11.3;27.7;20.9;4.8;29.0;247.5;0.0;;;;103.82608695652173;
2016-05-20;11.6;25.4;19.6;12.9;41.8;225.0;0.0;;;;102.0;
2016-05-21;16.6;26.0;20.6;21.9;51.5;225.0;0.0;;;;109.875;
2016-05-22;11.1;24.6;19.2;7.2;30.6;315.0;0.0;;;;81.41666666666667;
2016-05-23;10.1;24.1;18.9;14.3;56.3;202.5;0.0;;;;89.0;
2016-05-24;15.3;27.9;20.5;12.6;40.2;225.0;0.0;;;;91.20833333333333;
2016-05-25;12.3;24.8;19.1;6.6;25.7;315.0;0.0;;;;84.20833333333333;
2016-05-26;9.7;23.9;17.7;6.1;30.6;315.0;0.0;;;;83.0;
2016-05-27;9.2;24.3;18.2;5.3;30.6;315.0;0.0;;;;84.625;
2016-05-28;9.8;19.1;13.8;1.9;24.1;270.0;0.0;;;;82.66666666666667;
2016-05-29;11.2892397678163;23.4171732617623;17.4448758544404;;-999.0;;0.0;;;;90.125;
2016-05-30;19.1;24.1;21.8;7.2;25.7;337.5;0.0;;;;87.125;
2016-05-31;10.1;28.8;20.3;6.4;30.6;225.0;0.0;;;;101.04166666666667;
2016-06-01;15.6;28.9;22.2;10.3;32.2;225.0;0.0;;;;113.16666666666667;
2016-06-02;12.1;29.3;22.3;8.7;35.4;225.0;0.0;;;;103.125;
2016-06-03;13.4;25.6;20.6;6.4;38.6;315.0;0.0;;;;96.45454545454545;
2016-06-04;10.2;24.7;17.9;6.9;45.1;315.0;0.0;;;;94.79166666666667;
2016-06-05;10.7;27.9;20.6;8.5;41.8;225.0;0.0;;;;100.16666666666667;
2016-06-06;12.8;29.7;22.8;8.2;33.8;247.5;0.0;;;;106.45833333333333;
2016-06-07;13.3;28.9;23.2;12.4;46.7;225.0;0.0;;;;105.20833333333333;
2016-06-08;20.8;33.3;26.4;18.3;46.7;225.0;0.0;;;;116.70833333333333;
2016-06-09;15.5;37.3;27.6;5.3;33.8;315.0;0.0;;;;97.29166666666667;
2016-06-10;20.4;29.6;25.1;8.4;35.4;315.0;0.0;;;;85.625;
2016-06-11;16.8;30.1;23.9;5.8;33.8;315.0;0.0;;;;99.45833333333333;
2016-06-12;13.6;32.7;24.8;4.7;29.0;247.5;0.0;;;;91.16666666666667;
2016-06-13;21.2;33.9;28.1;9.3;41.8;315.0;0.0;;;;74.16666666666667;
2016-06-14;20.4;30.7;25.8;11.4;37.0;337.5;0.0;;;;79.58333333333333;
2016-06-15;16.4;23.6;19.9;13.5;48.3;292.5;0.0;;;;65.08333333333333;
2016-06-16;12.3;21.3;17.1;11.1;38.6;315.0;0.0;;;;70.875;
2016-06-17;10.3;26.4;19.3;4.7;24.1;315.0;0.0;;;;75.41666666666667;
2016-06-18;10.9;28.8;21.8;4.8;29.0;247.5;0.0;;;;84.66666666666667;
2016-06-19;16.8;29.1;22.4;13.5;41.8;225.0;0.0;;;;100.125;
2016-06-20;12.1;29.8;22.2;10.8;43.5;225.0;0.0;;;;94.41666666666667;
2016-06-21;17.5;26.3;21.7;24.5;57.9;225.0;0.0;;;;106.66666666666667;
2016-06-22;17.7;27.6;22.4;28.0;59.5;225.0;0.0;;;;111.0;
2016-06-23;18.7;31.7;24.3;19.3;49.9;225.0;0.0;;;;115.125;
2016-06-24;20.3;34.7;26.9;9.7;32.2;225.0;0.0;;;;121.25;
2016-06-25;15.3;34.1;25.8;5.0;32.2;315.0;0.0;;;;80.875;
2016-06-26;11.8;29.4;22.9;6.4;35.4;247.5;0.0;;;;87.91666666666667;
2016-06-27;15.4;30.2;23.3;10.3;56.3;225.0;0.0;;;;97.25;
2016-06-28;20.6;34.5;25.2;8.7;53.1;247.5;0.2;;;;98.875;
2016-06-29;17.5;34.8;26.4;6.8;41.8;247.5;0.0;;;;96.33333333333333;
2016-06-30;18.2;33.1;26.6;5.5;30.6;315.0;0.0;;;;87.875;
2016-07-01;16.7;34.0;26.4;4.5;29.0;315.0;0.0;;;;92.0;
2016-07-02;18.2;35.8;27.3;6.4;33.8;225.0;0.0;;;;92.875;
2016-07-03;22.2;35.0;29.3;16.6;53.1;225.0;0.0;;;;111.5;
2016-07-04;16.8;33.3;25.4;4.3;29.0;315.0;0.0;;;;94.54166666666667;
2016-07-05;19.6;34.6;26.5;7.7;33.8;225.0;0.0;;;;103.125;
2016-07-06;20.8;30.7;25.7;16.9;46.7;225.0;0.0;;;;103.29166666666667;
2016-07-07;20.6;30.6;23.9;5.8;46.7;315.0;0.4;;;;92.95833333333333;
2016-07-08;16.2;34.7;25.8;6.0;32.2;67.5;0.0;;;;95.0;
2016-07-09;20.9;35.8;28.3;9.2;41.8;225.0;0.0;;;;108.04166666666667;
2016-07-10;22.4;34.1;28.1;16.3;40.2;225.0;0.0;;;;111.41666666666667;
2016-07-11;20.2;36.6;29.7;6.1;30.6;315.0;0.0;;;;98.29166666666667;
2016-07-12;18.6;35.2;28.7;6.1;35.4;315.0;0.0;;;;90.81818181818181;
2016-07-13;19.9;32.6;27.3;10.5;48.3;225.0;0.0;;;;98.58333333333333;
2016-07-14;21.0;28.7;23.7;23.2;54.7;225.0;0.0;;;;86.29166666666667;
2016-07-15;20.7;28.5;23.8;24.6;59.5;225.0;0.0;;;;97.16666666666667;
2016-07-16;19.3;27.1;22.3;27.8;64.4;225.0;0.0;;;;100.375;
2016-07-17;19.1;25.5;20.5;24.9;56.3;225.0;0.0;;;;111.625;
2016-07-18;19.3045826282499;28.1792842901015;23.7857176756335;;-999.0;;0.0;;;;111.125;
2016-07-19;24.7;35.2;28.6;15.9;48.3;225.0;0.4;;;;108.83333333333333;
2016-07-20;24.4;25.9;28.8;13.5;57.9;225.0;0.0;;;;113.125;
2016-07-21;20.2;36.3;29.1;6.0;32.2;315.0;0.0;;;;100.16666666666667;
2016-07-22;18.2;32.8;26.7;6.9;38.6;315.0;0.0;;;;94.17391304347827;
2016-07-23;18.1;32.1;24.9;13.4;43.5;225.0;0.0;;;;101.20833333333333;
2016-07-24;20.7;30.7;25.0;22.4;49.9;225.0;0.0;;;;114.20833333333333;
2016-07-25;21.4;31.7;26.1;23.3;51.5;225.0;0.0;;;;110.91666666666667;
2016-07-26;23.4;33.5;28.1;19.2;48.3;225.0;0.0;;;;108.375;
2016-07-27;17.9;36.7;28.6;4.5;25.7;247.5;0.0;;;;107.66666666666667;
2016-07-28;19.2;33.6;27.9;11.6;43.5;225.0;0.0;;;;114.25;
2016-07-29;21.6;32.9;27.4;19.0;45.1;225.0;0.0;;;;118.08333333333333;
2016-07-30;18.2;35.2;26.3;5.3;37.0;315.0;0.0;;;;87.5;
2016-07-31;21.8;35.6;28.1;4.8;30.6;315.0;0.0;;;;71.625;
2016-08-01;15.9;35.6;26.2;8.5;41.8;225.0;0.0;;;;91.79166666666667;
2016-08-02;20.6;32.2;26.1;16.4;46.7;225.0;0.0;;;;100.83333333333333;
2016-08-03;20.1;35.9;28.4;8.7;38.6;225.0;0.0;;;;102.47619047619048;
2016-08-04;17.1;35.6;27.9;4.8;29.0;315.0;0.0;;;;96.79166666666667;
2016-08-05;20.7;35.7;27.6;12.6;51.5;225.0;0.0;;;;81.33333333333333;
2016-08-06;22.2;29.6;25.1;24.3;56.3;225.0;0.0;;;;91.91666666666667;
2016-08-07;20.9;28.1;23.9;27.0;54.7;225.0;0.0;;;;95.91666666666667;
2016-08-08;20.4;28.2;24.1;21.4;49.9;225.0;0.0;;;;108.125;
2016-08-09;21.3;31.7;25.8;20.0;45.1;225.0;0.0;;;;121.16666666666667;
2016-08-10;21.7;26.9;23.7;24.5;53.1;225.0;0.0;;;;115.47826086956522;
2016-08-11;20.4;27.9;23.0;23.0;49.9;225.0;0.0;;;;97.25;
2016-08-12;20.1;26.1;22.7;26.2;59.5;225.0;0.0;;;;107.54166666666667;
2016-08-13;19.2;27.7;22.7;24.0;53.1;225.0;0.0;;;;105.08333333333333;
2016-08-14;19.9;27.1;22.6;26.7;64.4;225.0;0.0;;;;101.58333333333333;
2016-08-15;20.1;27.9;23.2;19.3;54.7;225.0;0.0;;;;97.75;
2016-08-16;18.9;31.9;25.4;13.5;40.2;225.0;0.0;;;;96.66666666666667;
2016-08-17;15.0;33.9;26.2;4.8;33.8;270.0;0.0;;;;79.41666666666667;
2016-08-18;19.4;34.2;27.6;4.5;32.2;315.0;0.0;;;;72.0;
2016-08-19;17.1;34.6;26.9;4.8;33.8;315.0;0.0;;;;71.45833333333333;
2016-08-20;19.5;33.4;26.8;5.3;30.6;315.0;0.0;;;;62.625;
2016-08-21;15.6;29.5;24.1;15.8;49.9;225.0;0.0;;;;79.70833333333333;
2016-08-22;21.8;27.2;23.9;22.5;56.3;225.0;0.0;;;;85.75;
2016-08-23;20.7;28.9;23.8;25.3;51.5;225.0;0.0;;;;94.41666666666667;
2016-08-24;20.4;27.6;23.2;26.2;54.7;225.0;0.0;;;;102.29166666666667;
2016-08-25;20.1;27.3;23.1;25.7;56.3;225.0;0.0;;;;104.0;
2016-08-26;20.8;28.8;23.8;25.4;56.3;225.0;0.0;;;;105.66666666666667;
2016-08-27;21.1;31.3;25.7;17.5;48.3;225.0;0.0;;;;102.20833333333333;
2016-08-28;23.4;37.3;29.6;8.9;35.4;247.5;0.0;;;;99.625;
2016-08-29;16.2;36.4;27.7;4.5;30.6;315.0;0.0;;;;75.26086956521739;
2016-08-30;20.8;31.2;26.0;11.7;43.5;225.0;0.0;;;;89.79166666666667;
2016-08-31;20.3;30.6;24.8;10.3;30.6;225.0;0.0;;;;93.54166666666667;
2016-09-01;20.6;27.7;23.6;17.7;51.5;135.0;0.0;;;;88.58333333333333;
2016-09-02;21.0;31.1;25.1;15.8;40.2;135.0;0.0;;;;94.43478260869566;
2016-09-03;20.2;32.7;25.3;14.5;46.7;135.0;0.0;;;;100.375;
2016-09-04;20.5797508105916;32.8515441669627;26.8655551316416;;-999.0;;0.0;;;;92.54166666666667;
2016-09-05;24.5874222408085;36.0861856201742;30.4888933151806;;-999.0;;0.0;;;;105.88888888888889;
2016-09-06;19.3045826282499;39.2309759219077;29.4018918601189;;-999.0;;0.0;;;;76.57142857142857;
2016-09-07;19.0313323034624;40.1294874366887;29.7642256784728;;-999.0;;0.0;;;;74.29411764705883;
2016-09-08;20.1243336026125;38.3324644071267;29.4018918601189;;-999.0;;0.0;;;;97.86666666666666;
2016-09-09;17.8472475627165;33.3007999243532;25.6879702219915;;-999.0;;0.0;;;;77.08695652173913;
2016-09-10;17.2096634715457;32.7616930154846;25.0538860398722;;-999.0;;0.0;;;;85.69565217391305;
2016-09-11;14.0217430156914;31.9530326521817;23.0610500389257;;-999.0;;0.0;;;;86.45833333333333;
2016-09-12;14.8414939900539;30.5154142285321;22.7892996751603;;-999.0;;0.0;;;;99.75;
2016-09-13;20.7619176937833;30.3357119255759;25.597386767403;;-999.0;;2.0;;;;71.95652173913044;
2016-09-14;15.1147443148414;27.1010704723643;21.2493809471563;;-999.0;;0.0;;;;66.69565217391305;
2016-09-15;12.564407950158;21.4404479292441;17.0825420360865;;-999.0;;0.0;;;;71.875;
2016-09-16;9.83190470228288;23.0577686558499;16.5390413085556;;-999.0;;0.0;;;;78.17391304347827;
2016-09-17;11.2892397678163;27.1909216238424;19.3471284007983;;-999.0;;0.0;;;;81.83333333333333;
2016-09-18;11.6535735341996;28.8980935019263;20.3435464012715;;-999.0;;0.0;;;;83.5;
2016-09-19;12.7465748333497;31.2342234403569;22.155215493041;;-999.0;;0.0;;;;87.66666666666667;
2016-09-20;13.9306595740955;27.4604750782767;20.7964636742139;;-999.0;;0.0;;;;92.20833333333333;
2016-09-21;16.3899124971831;29.1676469563606;22.8798831297488;;-999.0;;0.0;;;;78.33333333333333;
2016-09-22;11.4714066510079;30.2458607740978;20.9776305833908;;-999.0;;0.0;;;;67.26086956521739;
2016-09-23;14.6593271068622;27.2807727753205;21.0682140379793;;-999.0;;0.0;;;;73.08333333333333;
2016-09-24;12.4733245085622;27.9097308356672;20.3435464012715;;-999.0;;0.0;;;;95.20833333333333;
2016-09-25;14.8414939900539;27.2807727753205;21.1587974925678;;-999.0;;0.0;;;;85.58333333333333;
2016-09-26;15.1147443148414;28.1792842901015;21.7928816746871;;-999.0;;0.0;;;;97.91666666666667;
2016-09-27;17.9383310043124;28.628540047492;23.4233838572796;;-999.0;;0.0;;;;99.82608695652173;
2016-09-28;17.7561641211207;27.6401773812329;22.7892996751603;;-999.0;;0.0;;;;97.70833333333333;
2016-09-29;17.8472475627165;25.4837497457585;21.7928816746871;;-999.0;;0.0;;;;96.70833333333333;
2016-09-30;13.110908599733;27.1010704723643;20.1623794920946;;-999.0;;0.0;;;;97.45833333333333;
2016-10-01;14.1128264572872;26.0228566546271;20.1623794920946;;-999.0;;0.0;;;;97.95833333333333;
2016-10-02;18.8;28.2;25.0;4.3;30.6;315.0;0.0;;;;76.45833333333333;
2016-10-03;11.8;26.7;20.4;12.1;48.3;225.0;0.0;;;;84.5;
2016-10-04;19.0;28.2;22.9;14.2;38.6;225.0;0.0;;;;103.5909090909091;
2016-10-05;17.8;25.3;20.9;18.2;54.7;225.0;0.0;;;;90.95652173913044;
2016-10-06;16.9;28.9;22.2;9.0;37.0;225.0;0.0;;;;86.25;
2016-10-07;11.3;29.9;20.9;2.3;29.0;270.0;0.0;;;;63.208333333333336;
2016-10-08;11.2;30.1;21.2;2.7;22.5;315.0;0.0;;;;57.5;
2016-10-09;10.2;27.1;19.6;3.5;27.4;315.0;0.0;;;;64.08333333333333;
2016-10-10;8.3;26.2;17.4;3.1;25.7;247.5;0.0;;;;61.041666666666664;
2016-10-11;8.4;23.8;15.9;3.7;27.4;315.0;0.0;;;;69.58333333333333;
2016-10-12;10.1;17.2;14.1;5.3;33.8;225.0;7.8;;;;63.75;
2016-10-13;12.7;19.1;15.3;6.9;35.4;247.5;8.6;;;;65.69565217391305;
2016-10-14;11.9;19.9;15.2;5.1;29.0;315.0;0.0;;;;73.20833333333333;
2016-10-15;5.8;22.6;14.3;5.5;30.6;202.5;0.0;;;;64.0;
2016-10-16;13.2;23.4;18.2;9.0;37.0;225.0;0.0;;;;93.66666666666667;
2016-10-17;15.1;25.7;19.4;3.9;20.9;270.0;0.0;;;;80.20833333333333;
2016-10-18;13.1;26.8;19.2;4.2;30.6;225.0;0.0;;;;61.0;
2016-10-19;17.9;24.3;21.1;13.8;45.1;225.0;0.0;;;;87.1;
2016-10-20;16.7;24.2;19.7;8.2;25.7;225.0;0.0;;;;80.5;
2016-10-21;15.7;21.4;18.2;11.6;38.6;225.0;0.0;;;;78.79166666666667;
2016-10-22;16.2;21.4;17.8;9.2;40.2;225.0;1.4;;;;64.25;
2016-10-23;13.1;18.8;15.9;9.3;40.2;225.0;19.4;;;;65.08333333333333;
2016-10-24;11.6;21.6;15.7;4.7;38.6;67.5;15.2;;;;66.54166666666667;
2016-10-25;14.9;23.8;18.7;4.2;27.4;225.0;0.0;;;;48.25;
2016-10-26;15.2;26.0;20.7;5.5;32.2;225.0;0.0;;;;53.416666666666664;
2016-10-27;18.8;24.0;21.0;17.2;48.3;225.0;0.0;;;;75.29166666666667;
2016-10-28;17.6;23.0;19.5;25.6;57.9;225.0;0.0;;;;80.77272727272727;
2016-10-29;15.7;20.8;17.9;21.7;51.5;225.0;0.0;;;;94.45833333333333;
2016-10-30;14.6;21.9;17.3;15.3;38.6;225.0;0.0;;;;93.73684210526316;
2016-10-31;14.1;20.4;16.8;21.4;53.1;225.0;0.0;;;;98.21052631578948;
2016-11-01;15.5;20.6;17.3;18.2;48.3;225.0;0.0;;;;100.3913043478261;
2016-11-02;13.0;24.7;18.2;5.3;27.4;225.0;0.0;;;;84.17391304347827;
2016-11-03;10.9;24.4;18.1;9.5;45.1;225.0;0.6;;;;56.95652173913044;
2016-11-04;14.4;22.2;17.7;4.8;27.4;315.0;0.8;;;;58.5;
2016-11-05;12.9;18.7;16.5;9.8;38.6;270.0;11.0;;;;61.625;
2016-11-06;7.4;14.8;11.2;5.0;25.7;315.0;4.4;;;;73.70833333333333;
2016-11-07;5.4;12.3;8.8;7.4;35.4;315.0;0.0;;;;68.83333333333333;
2016-11-08;3.2;13.4;8.2;4.0;25.7;315.0;0.0;;;;65.3913043478261;
2016-11-09;3.2;15.4;9.7;6.8;46.7;315.0;0.0;;;;66.58333333333333;
2016-11-10;4.9;14.7;11.3;6.4;27.4;337.5;0.2;;;;67.16666666666667;
2016-11-11;1.8;16.4;8.2;2.1;22.5;337.5;0.0;;;;48.916666666666664;
2016-11-12;2.1;18.4;9.9;1.4;17.7;247.5;0.0;;;;51.5;
2016-11-13;4.9;17.7;10.4;3.2;30.6;247.5;0.0;;;;55.541666666666664;
2016-11-14;2.7;19.6;11.3;7.1;38.6;45.0;0.0;;;;57.958333333333336;
2016-11-15;7.4;13.5;10.8;3.5;22.5;247.5;0.0;;;;73.33333333333333;
2016-11-16;2.2;19.9;10.6;1.8;12.9;247.5;0.0;;;;53.666666666666664;
2016-11-17;1.3;20.7;10.8;1.6;19.3;270.0;0.0;;;;52.40909090909091;
2016-11-18;2.1;19.7;11.1;1.8;20.9;315.0;0.0;;;;53.375;
2016-11-19;6.4;18.5;11.6;2.4;22.5;315.0;0.0;;;;58.583333333333336;
2016-11-20;3.7;17.1;11.1;5.8;32.2;247.5;0.0;;;;57.291666666666664;
2016-11-21;11.6;16.5;14.4;12.6;40.2;247.5;5.8;;;;61.333333333333336;
2016-11-22;9.7;12.5;10.8;1.8;14.5;225.0;6.4;;;;64.0;
2016-11-23;6.9;11.9;9.3;4.7;30.6;292.5;7.0;;;;66.70833333333333;
2016-11-24;1.6;11.4;6.7;2.9;27.4;292.5;0.0;;;;44.5625;
2016-11-25;5.5;12.1;8.9;10.5;41.8;225.0;7.4;;;;62.75;
2016-11-26;9.5;12.1;10.6;9.5;41.8;225.0;17.6;;;;74.875;
2016-11-27;8.3;10.7;9.2;5.1;40.2;225.0;16.0;;;;74.45833333333333;
2016-11-28;5.2;13.3;9.7;3.1;20.9;45.0;0.0;;;;63.61904761904762;
2016-11-29;3.2;15.1;9.2;7.7;37.0;202.5;0.2;;;;36.857142857142854;
2016-11-30;11.4;16.3;13.6;13.0;38.6;202.5;0.0;;;;83.5;
2016-12-01;11.6;14.4;12.7;10.5;35.4;225.0;1.0;;;;79.33333333333333;
2016-12-02;10.8;15.3;12.7;11.7;30.6;225.0;0.0;;;;73.125;
2016-12-03;10.8;13.6;12.4;14.3;43.5;225.0;3.2;;;;76.625;
2016-12-04;10.7;12.8;11.8;8.2;32.2;225.0;40.8;;;;79.45833333333333;
2016-12-05;11.5;15.0;12.9;7.2;30.6;225.0;0.8;;;;61.916666666666664;
2016-12-06;7.4;20.3;12.9;0.6;8.0;67.5;0.2;;;;39.791666666666664;
2016-12-07;7.1;15.7;11.6;7.7;33.8;225.0;0.2;;;;56.26086956521739;
2016-12-08;10.9;15.9;13.1;12.2;46.7;157.5;0.0;;;;84.95833333333333;
2016-12-09;11.7;15.7;13.4;15.0;38.6;135.0;0.0;;;;80.83333333333333;
2016-12-10;10.7;16.4;13.4;12.7;37.0;135.0;0.0;;;;74.52173913043478;
2016-12-11;6.9;16.7;11.9;5.3;32.2;135.0;0.0;;;;65.66666666666667;
2016-12-12;2.9;18.3;8.8;1.3;19.3;180.0;0.2;;;;33.18181818181818;
2016-12-13;2.0;15.1;8.7;3.7;27.4;135.0;0.2;;;;34.529411764705884;
2016-12-14;7.4;13.1;10.0;7.7;48.3;135.0;6.0;;;;65.0625;
2016-12-15;6.5;10.3;8.3;3.7;24.1;225.0;0.2;;;;68.88235294117646;
2016-12-16;6.4;10.2;8.1;4.5;22.5;202.5;7.6;;;;70.08333333333333;
2016-12-17;3.6;13.3;7.8;5.5;35.4;337.5;0.4;;;;59.0;
2016-12-18;8.1;13.3;10.2;6.8;37.0;337.5;1.0;;;;69.0;
2016-12-19;5.2;10.7;8.4;4.8;35.4;247.5;0.0;;;;58.25;
2016-12-20;3.1;13.0;8.3;3.2;24.1;247.5;0.0;;;;63.541666666666664;
2016-12-21;1.5;12.4;6.8;5.8;41.8;315.0;0.0;;;;50.291666666666664;
2016-12-22;0.4;16.1;6.8;1.4;14.5;337.5;0.0;;;;35.5;
2016-12-23;1.1;16.2;8.2;3.1;25.7;135.0;0.0;;;;43.857142857142854;
2016-12-24;1.4;15.1;8.4;6.0;25.7;135.0;0.0;;;;54.333333333333336;
2016-12-25;9.3;14.5;11.5;11.7;37.0;135.0;0.0;;;;80.95833333333333;
2016-12-26;7.37265177919528;15.5102719316896;11.4663678516011;;-999.0;135.0;0.0;;;;60.083333333333336;
2016-12-27;10.6;14.7;12.4;17.5;38.6;135.0;0.0;;;;65.83333333333333;
2016-12-28;10.2;15.5;12.1;12.2;41.8;135.0;0.0;;;;72.875;
2016-12-29;10.1;14.6;12.0;12.6;41.8;135.0;0.0;;;;75.52380952380952;
2016-12-30;9.3;13.6;11.0;15.6;45.1;135.0;0.0;;;;80.875;
2016-12-31;8.8;12.2;10.0;19.0;45.1;135.0;0.0;;;;83.45833333333333;
2017-01-01;3.8;13.1;9.1;8.4;38.6;135.0;0.0;5.173913043478261;13.347826086956522;10.91304347826087;77.75;
2017-01-02;4.8;12.7;9.3;14.8;56.3;135.0;0.0;5.958333333333333;13.833333333333334;10.916666666666666;80.20833333333333;
2017-01-03;3.9;17.2;9.7;2.4;24.1;157.5;0.0;8.958333333333334;17.125;11.416666666666666;53.541666666666664;
2017-01-04;2.4;16.7;9.4;2.3;17.7;247.5;0.0;9.166666666666666;18.375;12.166666666666666;44.833333333333336;
2017-01-05;4.1;15.7;10.5;4.0;27.4;315.0;0.0;7.833333333333333;15.666666666666666;11.208333333333334;51.416666666666664;
2017-01-06;1.7;14.3;8.8;10.9;40.2;135.0;0.2;5.565217391304348;13.565217391304348;11.0;66.52173913043478;
2017-01-07;7.8;13.8;10.3;9.5;33.8;135.0;0.0;5.1;13.15;10.85;82.85;
2017-01-08;1.9;16.4;8.3;4.3;33.8;135.0;0.0;8.095238095238095;15.619047619047619;10.904761904761905;72.95238095238095;
2017-01-09;-1.9;15.3;5.8;1.4;19.3;315.0;0.0;9.208333333333334;17.416666666666668;11.708333333333334;40.416666666666664;
2017-01-10;-1.1;13.7;6.4;4.5;33.8;247.5;0.0;7.041666666666667;15.625;11.5;47.0;
2017-01-11;3.3;15.8;9.8;5.3;29.0;337.5;0.0;9.416666666666666;17.375;11.375;53.041666666666664;
2017-01-12;3.6;18.8;10.6;3.4;25.7;180.0;0.0;6.826086956521739;15.0;11.173913043478262;57.95652173913044;
2017-01-13;2.2;12.1;7.5;4.7;30.6;247.5;0.0;7.208333333333333;15.041666666666666;11.0;53.708333333333336;
2017-01-14;-0.4;12.0;5.2;9.2;40.2;337.5;0.0;5.25;13.541666666666666;11.125;58.791666666666664;
2017-01-15;-3.4;11.5;4.8;6.3;41.8;315.0;0.0;4.541666666666667;12.708333333333334;10.958333333333334;60.916666666666664;
2017-01-16;-1.9;13.4;5.7;5.1;35.4;337.5;0.0;6.25;14.75;11.291666666666666;56.833333333333336;
2017-01-17;1.1;14.5;8.3;5.1;32.2;247.5;0.0;6.416666666666667;14.583333333333334;11.083333333333334;59.541666666666664;
2017-01-18;-1.3;7.6;2.7;9.5;30.6;315.0;0.0;5.875;13.833333333333334;11.041666666666666;69.79166666666667;
2017-01-19;0.300000000000001;5.7;2.5;7.2;40.2;315.0;5.4;5.041666666666667;12.958333333333334;10.875;67.29166666666667;
2017-01-20;1.4;8.3;4.2;2.7;16.1;225.0;0.0;6.826086956521739;14.73913043478261;10.91304347826087;55.21739130434783;
2017-01-21;-1.4;10.1;4.7;4.3;27.4;247.5;0.0;6.416666666666667;14.291666666666666;11.125;49.416666666666664;
2017-01-22;2.0;12.8;7.6;5.1;27.4;225.0;0.0;6.041666666666667;14.166666666666666;11.0;72.75;
2017-01-23;-1.6;11.8;5.6;3.4;25.7;247.5;0.0;7.458333333333333;15.333333333333334;11.041666666666666;65.54166666666667;
2017-01-24;-1.9;12.6;5.7;3.1;25.7;225.0;0.0;6.833333333333333;15.166666666666666;11.375;59.166666666666664;
2017-01-25;-3.4;13.7;5.0;1.9;17.7;225.0;0.0;7.125;15.208333333333334;11.333333333333334;58.5;
2017-01-26;-0.300000000000001;12.5;6.3;9.0;54.7;135.0;0.4;6.625;14.5;11.125;65.16666666666667;
2017-01-27;7.0;11.6;8.8;13.7;54.7;225.0;11.6;5.285714285714286;13.333333333333334;10.904761904761905;83.14285714285714;
2017-01-28;5.1;12.3;8.3;6.3;27.4;225.0;0.0;4.916666666666667;12.875;10.958333333333334;81.04166666666667;
2017-01-29;2.2;15.8;8.2;1.0;16.1;315.0;0.0;7.75;15.583333333333334;11.041666666666666;53.166666666666664;
2017-01-30;1.8;17.1;9.1;5.1;30.6;135.0;0.0;8.041666666666666;16.291666666666668;11.625;57.833333333333336;
2017-01-31;8.2;16.1;11.7;10.0;41.8;135.0;0.0;6.291666666666667;14.25;11.0;92.625;
2017-02-01;5.5;16.3;10.7;4.7;30.6;225.0;0.0;9.833333333333334;17.5;11.166666666666666;62.333333333333336;
2017-02-02;4.4;15.2;9.9;6.1;40.2;180.0;0.2;8.363636363636363;16.045454545454547;10.909090909090908;49.869565217391305;
2017-02-03;7.3;15.4;12.1;7.4;37.0;202.5;0.0;6.625;14.583333333333334;11.0;68.875;
2017-02-04;10.8;15.4;12.9;11.4;43.5;202.5;0.0;4.458333333333333;12.833333333333334;10.958333333333334;78.08333333333333;
2017-02-05;7.7;14.4;12.5;15.0;51.5;225.0;0.2;4.791666666666667;13.125;10.958333333333334;79.5;
2017-02-06;3.6;16.3;9.7;4.0;27.4;247.5;0.0;7.0;14.916666666666666;10.958333333333334;78.54166666666667;
2017-02-07;2.8;17.3;10.2;5.0;30.6;247.5;0.0;8.75;16.791666666666668;11.25;66.5;
2017-02-08;1.8;13.9;9.4;9.2;43.5;315.0;0.0;6.130434782608695;13.782608695652174;10.91304347826087;79.34782608695652;
2017-02-09;-3.7;14.4;6.6;10.1;48.3;135.0;0.0;7.125;15.333333333333334;11.375;69.875;
2017-02-10;5.7;9.3;7.3;7.1;33.8;135.0;7.4;5.708333333333333;13.458333333333334;10.916666666666666;89.0;
2017-02-11;6.6;12.1;9.2;10.9;48.3;67.5;0.0;5.666666666666667;13.75;11.041666666666666;88.08333333333333;
2017-02-12;8.9;12.9;10.8;18.5;48.3;135.0;2.8;6.791666666666667;14.625;11.041666666666666;81.45833333333333;
2017-02-13;5.1;14.4;10.8;10.0;61.2;202.5;1.0;5.541666666666667;13.833333333333334;11.041666666666666;84.70833333333333;
2017-02-14;2.1;16.4;8.7;1.3;16.1;180.0;0.2;8.541666666666666;17.0;11.541666666666666;50.833333333333336;
2017-02-15;7.2;15.6;11.8;16.9;57.9;135.0;0.0;6.5;14.454545454545455;11.090909090909092;88.54545454545455;
2017-02-16;9.6;13.7;11.2;21.4;54.7;135.0;0.0;5.208333333333333;13.541666666666666;10.958333333333334;93.16666666666667;
2017-02-17;8.8;13.9;11.3;16.1;40.2;135.0;0.0;5.583333333333333;14.0;11.125;90.54166666666667;
2017-02-18;3.2;16.8;10.6;3.2;20.9;180.0;0.0;7.625;15.541666666666666;11.041666666666666;65.875;
2017-02-19;7.4;12.0;9.6;6.3;35.4;135.0;5.0;6.333333333333333;14.333333333333334;11.0;80.04166666666667;
2017-02-20;7.2;15.2;10.2;4.0;20.9;135.0;0.0;8.125;16.166666666666668;11.333333333333334;67.20833333333333;
2017-02-21;5.8;15.7;10.7;6.0;37.0;135.0;0.0;7.458333333333333;15.5;11.208333333333334;66.95833333333333;
2017-02-22;6.6;18.3;12.8;4.7;30.6;135.0;0.0;9.208333333333334;17.25;11.291666666666666;67.25;
2017-02-23;8.7;16.4;11.6;3.4;29.0;180.0;18.0;8.833333333333334;16.5;11.25;52.708333333333336;
2017-02-24;8.3;16.8;12.1;2.9;20.9;247.5;0.0;7.166666666666667;15.375;11.25;54.5;
2017-02-25;9.1;15.4;11.8;3.4;19.3;225.0;0.0;6.75;15.125;11.166666666666666;52.541666666666664;
2017-02-26;7.4;16.9;12.2;2.7;22.5;180.0;0.0;6.458333333333333;14.791666666666666;11.333333333333334;59.083333333333336;
2017-02-27;7.1;14.5;11.0;4.3;24.1;225.0;0.0;6.708333333333333;14.708333333333334;11.25;66.375;
2017-02-28;7.8;12.7;10.6;7.1;33.8;225.0;0.0;5.208333333333333;13.583333333333334;11.0;83.70833333333333;
2017-03-01;4.0;20.1;11.7;1.9;17.7;0.0;0.0;8.636363636363637;16.636363636363637;11.227272727272727;67.81818181818181;
2017-03-02;2.8;19.3;11.2;5.0;27.4;135.0;0.0;8.0;16.583333333333332;11.541666666666666;61.208333333333336;
2017-03-03;6.4;13.4;9.7;13.2;69.2;135.0;1.0;5.208333333333333;13.291666666666666;10.916666666666666;92.29166666666667;
2017-03-04;7.4;14.7;9.9;10.9;57.9;135.0;8.2;4.333333333333333;12.708333333333334;11.125;80.95833333333333;
2017-03-05;5.3;14.9;10.5;3.4;27.4;225.0;0.4;4.5;12.916666666666666;11.125;69.95833333333333;
2017-03-06;11.0;16.9;13.9;6.4;30.6;247.5;0.0;4.625;13.166666666666666;10.958333333333334;73.625;
2017-03-07;5.3;22.7;13.9;2.7;20.9;247.5;0.0;8.521739130434783;16.91304347826087;11.565217391304348;57.166666666666664;
2017-03-08;4.9;22.4;14.4;9.7;37.0;135.0;0.0;6.791666666666667;15.0;11.25;69.95833333333333;
2017-03-09;13.2;22.1;17.3;11.9;38.6;135.0;0.0;6.583333333333333;14.458333333333334;10.958333333333334;95.04166666666667;
2017-03-10;11.7;26.7;19.3;5.8;27.4;135.0;0.0;7.875;16.083333333333332;11.25;69.83333333333333;
2017-03-11;6.8;27.2;16.8;2.7;32.2;225.0;0.0;8.666666666666666;16.833333333333332;11.375;61.791666666666664;
2017-03-12;11.3;20.7;15.2;11.1;45.1;247.5;0.0;5.958333333333333;14.416666666666666;11.083333333333334;79.125;
2017-03-13;6.4;11.3;8.2;16.4;54.7;315.0;4.2;5.5;13.875;11.083333333333334;77.70833333333333;
2017-03-14;5.9;9.6;7.4;6.0;25.7;0.0;11.2;7.291666666666667;15.166666666666666;11.083333333333334;74.70833333333333;
2017-03-15;5.8;15.3;10.8;10.8;40.2;135.0;0.0;6.708333333333333;14.916666666666666;11.041666666666666;82.45833333333333;
2017-03-16;9.5;14.4;12.0;11.7;37.0;135.0;0.0;5.583333333333333;13.75;11.0;114.25;
2017-03-17;7.8;16.4;12.4;11.3;51.5;135.0;0.0;6.95;15.35;11.2;108.05;
2017-03-18;4.1;19.9;12.4;6.0;29.0;157.5;0.0;6.25;14.708333333333334;11.166666666666666;86.33333333333333;
2017-03-19;4.6;22.8;14.1;2.7;17.7;180.0;0.0;6.583333333333333;14.833333333333334;11.125;83.875;
2017-03-20;6.2;21.6;13.9;5.1;37.0;225.0;0.0;7.916666666666667;15.958333333333334;11.25;70.875;
2017-03-21;7.6;15.1;11.4;8.2;41.8;225.0;0.0;5.541666666666667;13.916666666666666;11.125;79.58333333333333;
2017-03-22;4.3;14.1;10.1;8.2;40.2;225.0;1.4;4.875;13.416666666666666;11.125;86.125;
2017-03-23;1.7;11.5;7.1;8.5;43.5;225.0;0.6;4.458333333333333;12.958333333333334;11.041666666666666;86.41666666666667;
2017-03-24;0.199999999999999;11.9;6.1;3.9;22.5;135.0;0.0;5.041666666666667;13.5;11.208333333333334;67.375;
2017-03-25;1.0;13.1;7.7;8.7;38.6;135.0;0.0;4.958333333333333;12.958333333333334;11.0;81.75;
2017-03-26;4.3;15.3;10.2;13.7;54.7;135.0;1.6;4.5;12.75;11.041666666666666;89.125;
2017-03-27;5.8;16.5;11.2;5.1;33.8;157.5;0.2;5.125;13.541666666666666;11.0;88.75;
2017-03-28;4.4;20.9;11.9;3.1;22.5;135.0;0.0;6.541666666666667;14.666666666666666;11.083333333333334;70.0;
2017-03-29;7.6;19.6;14.1;11.3;46.7;135.0;0.0;5.375;13.625;11.0;89.91666666666667;
2017-03-30;11.7;19.0;15.0;19.2;51.5;135.0;0.0;4.916666666666667;13.416666666666666;11.041666666666666;109.45833333333333;
2017-03-31;5.7;22.9;15.0;5.5;33.8;225.0;0.0;6.090909090909091;14.363636363636363;11.318181818181818;77.81818181818181;
2017-04-01;9.2;18.9;14.1;8.4;35.4;247.5;0.0;5.041666666666667;13.541666666666666;11.041666666666666;91.25;
2017-04-02;3.1;24.3;13.9;2.7;20.9;180.0;0.0;6.0;14.25;11.125;72.0;
2017-04-03;6.6;19.0;13.8;12.4;41.8;135.0;0.0;6.458333333333333;14.875;11.25;99.83333333333333;
2017-04-04;8.4;20.7;14.7;9.2;33.8;135.0;0.0;5.0;13.708333333333334;11.083333333333334;98.33333333333333;
2017-04-05;7.0;23.6;16.1;7.7;46.7;180.0;0.0;5.833333333333333;14.125;11.291666666666666;102.625;
2017-04-06;10.8;13.9;11.8;11.9;37.0;135.0;0.0;5.75;14.25;11.166666666666666;110.29166666666667;
2017-04-07;11.6535735341996;18.4;15.7237902172594;25.9;54.7;135.0;0.0;5.956521739130435;14.347826086956522;11.130434782608695;115.78260869565217;
2017-04-08;8.55673651994116;19.3738714452478;14.0027045800784;;-999.0;;0.0;5.666666666666667;13.833333333333334;11.083333333333334;118.58333333333333;
2017-04-09;10.7427391182412;19.0144668393354;14.9085391259631;;-999.0;;0.0;4.416666666666667;13.291666666666666;11.125;112.83333333333333;
2017-04-10;12.1089907421788;19.3738714452478;15.8143736718478;;-999.0;;0.0;4.541666666666667;13.25;11.083333333333334;114.20833333333333;
2017-04-11;12.017907300583;20.5419364144631;16.3578743993787;;-999.0;;0.0;5.083333333333333;13.875;11.25;110.625;
2017-04-12;11.5624900926038;25.4837497457585;18.6224607640905;;-999.0;;0.0;7.913043478260869;16.304347826086957;11.391304347826088;75.3913043478261;
2017-04-13;7.37265177919528;27.9995819871453;17.8072096727943;;-999.0;;0.0;6.541666666666667;14.916666666666666;11.208333333333334;77.79166666666667;
2017-04-14;9.64973781909121;27.8198796841891;18.894211127856;;-999.0;;0.0;5.695652173913044;14.130434782608695;11.08695652173913;77.04347826086956;
2017-04-15;11.1981563262204;25.0344939883681;18.1695434911482;;-999.0;;0.0;5.35;13.95;11.25;79.3;
2017-04-16;10.5605722350496;26.3822612605395;18.5318773095021;;-999.0;;0.0;5.916666666666667;14.125;11.083333333333334;90.66666666666667;
2017-04-17;11.5624900926038;23.4171732617623;17.6260427636173;;-999.0;;0.0;6.791666666666667;15.25;11.25;86.83333333333333;
2017-04-18;9.55865437749537;28.3589865930577;19.0753780370329;;-999.0;;0.0;5.625;14.25;11.166666666666666;102.5;
2017-04-19;11.8357404173913;27.6401773812329;19.8000456737407;;-999.0;;0.0;5.380952380952381;14.047619047619047;11.047619047619047;108.85714285714286;
2017-04-20;13.0495973135696;17.8342226313275;15.3429274939065;;-999.0;;0.0;5.117647058823529;15.882352941176471;13.176470588235293;108.4;
2017-04-21;11.9405024814949;17.4742165832306;14.682157047383;;-999.0;;0.2;;;;;
2017-04-22;11.7446569757955;18.0261041730763;14.9085391259631;;-999.0;;0.0;7.2727272727272725;20.181818181818183;15.363636363636363;113.81818181818181;
2017-04-23;11.0159894430288;18.9246156878573;15.0897060351401;;-999.0;;0.0;6.866666666666666;19.266666666666666;15.133333333333333;112.13333333333334;
2017-04-24;13.0198251581372;22.6085128984594;17.8977931273827;;-999.0;;0.0;;;;;
2017-04-25;12.017907300583;22.7882152014156;17.4448758544404;;-999.0;;0.0;;;;;
2017-04-26;10.7427391182412;24.1359824735871;17.5354593090288;;-999.0;;0.0;8.75;20.7;14.95;80.4;
2017-04-27;10.3784053518579;22.6085128984594;16.5390413085556;;-999.0;;11.0;6.0;17.0;14.0;88.0;
2017-04-28;11.9268238589871;22.0694059895908;17.0825420360865;;-999.0;;7.4;7.083333333333333;18.75;14.875;90.25;
2017-04-29;11.5624900926038;14.2523558109962;12.9157031250167;;-999.0;;1.2;7.125;19.25;14.958333333333334;91.08333333333333;
2017-04-30;11.4714066510079;16.4087834464705;14.0027045800784;;-999.0;;0.0;6.625;18.958333333333332;15.083333333333334;89.79166666666667;
2017-05-01;8.8;21.4;15.0;6.8;29.0;247.5;0.0;6.875;18.666666666666668;14.958333333333334;99.79166666666667;
2017-05-02;11.4;21.3;16.1;15.9;56.3;135.0;0.0;7.5;19.583333333333332;14.875;107.86363636363636;
2017-05-03;13.4;22.7;17.6;22.9;56.3;135.0;0.0;7.708333333333333;19.916666666666668;14.875;113.1304347826087;
2017-05-04;14.9;23.7;19.1;20.0;59.5;135.0;0.0;7.75;19.958333333333332;15.083333333333334;112.83333333333333;
2017-05-05;10.8;22.0;16.8;10.3;43.5;202.5;0.0;7.454545454545454;19.863636363636363;15.272727272727273;82.27272727272727;
2017-05-06;6.3;24.2;16.1;3.7;37.0;315.0;0.0;6.666666666666667;18.833333333333332;14.875;78.25;
2017-05-07;8.3;24.5;17.9;12.1;51.5;135.0;0.0;7.041666666666667;19.416666666666668;15.166666666666666;90.70833333333333;
2017-05-08;15.9;26.1;20.8;16.9;46.7;135.0;0.0;7.583333333333333;19.75;15.208333333333334;105.79166666666667;
2017-05-09;14.0;26.8;20.0;9.7;45.1;202.5;0.0;7.826086956521739;20.304347826086957;15.434782608695652;94.5;
2017-05-10;14.1;19.9;16.9;10.1;54.7;157.5;1.6;;;;65.72727272727273;
2017-05-11;12.6;20.1;15.8;10.5;49.9;202.5;2.6;;;;78.83333333333333;
2017-05-12;9.8;21.2;15.0;7.7;45.1;180.0;4.6;;;;64.20833333333333;
2017-05-13;10.1;21.2;16.4;5.1;30.6;225.0;0.0;;;;65.79166666666667;
2017-05-14;8.0;26.1;18.0;4.0;27.4;337.5;0.0;;;;67.83333333333333;
2017-05-15;14.6;25.4;20.1;12.4;45.1;135.0;0.0;;;;89.625;
2017-05-16;17.3;25.0;21.0;19.8;49.9;135.0;0.0;;;;99.41666666666667;
2017-05-17;17.3;26.7;21.0;19.6;46.7;135.0;0.0;;;;103.33333333333333;
2017-05-18;12.7;24.5;19.7;8.4;40.2;225.0;0.0;3.1538461538461537;8.76923076923077;7.076923076923077;84.95238095238095;
2017-05-19;8.0;24.3;17.8;7.7;37.0;135.0;0.0;4.083333333333333;9.25;7.333333333333333;94.5;
2017-05-20;14.3;23.8;18.8;21.7;53.1;135.0;0.0;3.375;9.083333333333334;7.458333333333333;106.625;
2017-05-21;17.4;24.2;20.5;25.3;70.8;135.0;0.0;3.0833333333333335;8.541666666666666;7.291666666666667;121.91666666666667;
2017-05-22;15.4;29.8;21.8;10.0;35.4;135.0;0.0;4.208333333333333;9.208333333333334;7.166666666666667;113.33333333333333;
2017-05-23;12.3;25.3;19.0;17.5;57.9;135.0;0.0;4.708333333333333;10.0;7.625;98.08333333333333;
2017-05-24;17.1;27.1;21.2;19.8;54.7;135.0;0.0;3.8333333333333335;9.291666666666666;7.5;117.25;
2017-05-25;17.6;29.9;23.6;11.6;38.6;135.0;0.0;3.7916666666666665;9.291666666666666;7.416666666666667;119.5;
2017-05-26;13.8;30.7;22.3;5.1;32.2;135.0;0.0;5.0;10.0;7.5;93.33333333333333;
2017-05-27;12.9;26.5;20.4;11.7;48.3;135.0;0.0;4.375;9.666666666666666;7.5;91.33333333333333;
2017-05-28;16.8;27.0;21.2;10.9;40.2;135.0;0.0;3.0833333333333335;8.625;7.416666666666667;108.875;
2017-05-29;14.9;24.7;19.5;7.2;33.8;225.0;0.0;3.375;8.791666666666666;7.458333333333333;73.08333333333333;
2017-05-30;10.8;28.6;20.3;6.6;37.0;135.0;0.0;3.5833333333333335;9.083333333333334;7.375;81.29166666666667;
2017-05-31;16.6;26.4;21.2;15.6;41.8;135.0;0.0;3.1666666666666665;8.75;7.434782608695652;107.625;
2017-06-01;17.1;27.4;22.2;15.8;40.2;135.0;0.0;3.1666666666666665;8.958333333333334;7.416666666666667;111.45833333333333;
2017-06-02;17.4;29.4;23.9;14.8;45.1;135.0;0.0;3.4583333333333335;9.166666666666666;7.833333333333333;107.16666666666667;
2017-06-03;16.7;30.9;24.7;5.6;37.0;225.0;0.0;3.7083333333333335;9.291666666666666;7.583333333333333;84.29166666666667;
2017-06-04;14.7;28.3;22.8;7.7;45.1;225.0;0.0;3.2083333333333335;8.708333333333334;7.541666666666667;88.33333333333333;
2017-06-05;14.4;28.3;22.7;8.0;30.6;225.0;0.0;4.5;9.875;7.708333333333333;98.83333333333333;
2017-06-06;12.5;30.4;23.2;4.5;32.2;225.0;0.0;4.333333333333333;9.916666666666666;7.708333333333333;87.29166666666667;
2017-06-07;13.6;28.4;22.7;13.7;49.9;135.0;0.0;5.545454545454546;11.181818181818182;7.954545454545454;91.45454545454545;
2017-06-08;19.2;28.9;24.1;21.1;61.2;135.0;0.0;3.0416666666666665;8.958333333333334;7.666666666666667;121.125;
2017-06-09;16.5;32.5;24.7;5.8;41.8;157.5;0.0;4.583333333333333;9.958333333333334;7.708333333333333;107.33333333333333;
2017-06-10;16.9;28.4;23.1;14.2;51.5;135.0;0.0;4.208333333333333;9.541666666666666;7.625;96.91666666666667;
2017-06-11;18.6;30.2;24.7;19.2;51.5;135.0;0.0;3.5;9.041666666666666;7.708333333333333;93.70833333333333;
2017-06-12;20.9;30.2;25.6;15.9;51.5;135.0;0.0;3.2916666666666665;8.875;7.375;111.95833333333333;
2017-06-13;20.4;32.1;25.8;15.3;38.6;180.0;0.0;3.4166666666666665;8.833333333333334;7.625;119.125;
2017-06-14;16.4;34.3;26.1;5.8;27.4;135.0;0.0;4.875;10.125;7.583333333333333;107.5;
2017-06-15;18.7;37.1;28.2;6.9;33.8;135.0;0.0;5.583333333333333;10.458333333333334;7.541666666666667;101.875;
2017-06-16;24.2;36.1;29.3;14.0;54.7;135.0;0.0;4.0;9.375;7.708333333333333;120.20833333333333;
2017-06-17;22.2;33.8;28.4;15.0;45.1;135.0;0.0;3.25;8.791666666666666;7.708333333333333;123.33333333333333;
2017-06-18;22.6;32.6;27.6;17.7;53.1;135.0;0.0;3.1666666666666665;9.041666666666666;7.541666666666667;128.0;
2017-06-19;22.6;32.3;26.8;20.6;53.1;135.0;0.0;3.4166666666666665;9.083333333333334;7.625;124.04166666666667;
2017-06-20;19.9;31.1;25.3;21.6;49.9;135.0;0.0;3.0416666666666665;8.916666666666666;7.625;112.45833333333333;
2017-06-21;21.4;32.7;27.3;15.4;48.3;135.0;0.0;3.2916666666666665;8.958333333333334;7.541666666666667;132.04166666666666;
2017-06-22;16.5;34.2;27.1;9.0;37.0;225.0;0.0;4.458333333333333;9.958333333333334;7.416666666666667;121.45833333333333;
2017-06-23;15.1;37.3;27.8;3.9;30.6;135.0;0.0;5.458333333333333;10.458333333333334;7.625;101.0;
2017-06-24;18.7;38.1;29.0;8.4;45.1;135.0;0.0;4.375;9.625;7.708333333333333;101.625;
2017-06-25;24.1;33.4;28.9;10.3;53.1;202.5;0.0;3.2916666666666665;9.083333333333334;7.625;103.5;
2017-06-26;17.0;33.3;26.9;6.8;35.4;225.0;0.0;4.791666666666667;9.791666666666666;7.625;75.83333333333333;
2017-06-27;15.9;28.9;23.8;8.2;41.8;225.0;0.0;4.208333333333333;9.583333333333334;7.791666666666667;74.0;
2017-06-28;17.1;25.7;21.6;13.4;45.1;225.0;0.0;3.125;8.875;7.666666666666667;56.625;
2017-06-29;14.8;25.3;20.2;11.9;48.3;247.5;0.0;3.2;8.85;7.7;82.6;
2017-06-30;13.7;24.8;19.4;11.3;43.5;135.0;0.0;3.125;8.75;7.666666666666667;76.16666666666667;
2017-07-01;12.5;28.6;21.6;8.2;41.8;135.0;0.0;3.7083333333333335;9.291666666666666;7.541666666666667;86.08333333333333;
2017-07-02;13.8;26.7;21.4;14.8;46.7;135.0;0.0;3.25;9.083333333333334;7.416666666666667;103.25;
2017-07-03;19.8;28.2;23.4;21.4;56.3;135.0;0.0;3.0416666666666665;8.916666666666666;7.625;98.79166666666667;
2017-07-04;20.0;28.9;23.6;24.6;57.9;135.0;0.0;3.0833333333333335;8.875;7.541666666666667;96.66666666666667;
2017-07-05;18.6;29.1;22.9;20.4;56.3;135.0;0.0;3.4166666666666665;9.166666666666666;7.75;84.375;
2017-07-06;18.3;25.3;22.3;9.8;48.3;225.0;1.0;3.5;9.25;7.791666666666667;86.04166666666667;
2017-07-07;15.8;27.5;22.6;6.6;35.4;225.0;0.0;3.7916666666666665;9.291666666666666;7.625;80.33333333333333;
2017-07-08;13.9;28.7;22.7;6.3;37.0;225.0;0.0;3.5416666666666665;9.125;7.541666666666667;98.0;
2017-07-09;16.1;32.6;25.2;4.8;24.1;135.0;0.0;3.25;9.0;7.583333333333333;107.75;
2017-07-10;16.2;35.8;26.8;5.0;32.2;135.0;0.0;4.75;10.125;7.791666666666667;103.70833333333333;
2017-07-11;17.6;34.6;27.7;8.7;38.6;135.0;0.0;4.708333333333333;10.291666666666666;7.875;115.875;
2017-07-12;23.1;39.8;31.4;7.9;37.0;135.0;0.0;4.391304347826087;9.695652173913043;7.434782608695652;121.21739130434783;
2017-07-13;21.4;39.6;31.7;9.5;45.1;157.5;0.0;5.75;10.583333333333334;7.791666666666667;90.66666666666667;
2017-07-14;21.8549189929334;40.0396362852106;31.0323940427114;;-999.0;;0.0;6.666666666666667;11.333333333333334;7.833333333333333;89.66666666666667;
2017-07-15;19.4867495114416;37.5238040438238;28.6772242234111;;-999.0;;0.0;3.8333333333333335;9.5;7.791666666666667;87.95833333333333;
2017-07-16;21.3995017849542;33.3906510758313;27.4996393137609;;-999.0;;0.0;3.4583333333333335;9.0;7.583333333333333;91.70833333333333;
2017-07-17;22.4014196425084;33.3007999243532;27.9525565867033;;-999.0;;0.0;3.25;8.958333333333334;7.583333333333333;112.70833333333333;
2017-07-18;22.6746699672959;33.4805022273094;28.1337234958803;;-999.0;;0.0;3.4545454545454546;8.909090909090908;7.545454545454546;114.54545454545455;
2017-07-19;23.7676712664459;34.6485671965246;29.3113084055304;;-999.0;;0.0;4.5;9.833333333333334;7.708333333333333;85.875;
2017-07-20;21.3084183433583;34.6485671965246;28.1337234958803;;-999.0;;0.0;3.7083333333333335;9.166666666666666;7.541666666666667;78.375;
2017-07-21;18.6669985370791;32.7616930154846;25.7785536765799;;-999.0;;0.0;3.75;9.208333333333334;7.666666666666667;82.45833333333333;
2017-07-22;16.9364131467582;31.2342234403569;24.1480514939874;;-999.0;;0.0;4.0;9.5;7.75;84.08333333333333;
2017-07-23;15.5701615228206;35.0978229539151;25.4162198582261;;-999.0;;0.0;3.7083333333333335;9.166666666666666;7.625;90.125;
2017-07-24;18.6669985370791;36.4455902260866;27.6808062229379;;-999.0;;0.0;4.916666666666667;9.958333333333334;7.666666666666667;94.875;
2017-07-25;17.9383310043124;37.1643994379114;27.6808062229379;;-999.0;;0.0;5.291666666666667;10.375;7.708333333333333;102.58333333333333;
2017-07-26;19.9421667194208;35.4572275598275;27.7713896775264;;-999.0;;0.0;3.9166666666666665;9.375;7.625;93.08333333333333;
2017-07-27;20.6708342521875;35.9963344686961;28.4960573142342;;-999.0;;0.0;4.541666666666667;9.916666666666666;7.583333333333333;94.20833333333333;
2017-07-28;20.4886673689958;37.0745482864333;28.858391132588;;-999.0;;0.0;5.375;10.583333333333334;7.958333333333333;93.95833333333333;
2017-07-29;19.5778329530374;39.7700828307763;29.7642256784728;;-999.0;;0.0;4.5;9.916666666666666;7.958333333333333;93.5;
2017-07-30;18.8491654202707;39.6802316792982;29.4018918601189;;-999.0;;0.0;4.916666666666667;10.083333333333334;7.875;102.25;
2017-07-31;20.0332501610166;39.1411247704296;29.7642256784728;;-999.0;;0.0;5.333333333333333;10.708333333333334;7.958333333333333;78.16666666666667;
2017-08-01;20.944084576975;36.5354413775647;28.858391132588;;-999.0;;0.0;4.75;10.208333333333334;7.958333333333333;75.18181818181819;
2017-08-02;17.8472475627165;32.5819907125284;25.3256364036376;;-999.0;;0.0;5.041666666666667;10.416666666666666;7.833333333333333;90.04166666666667;
2017-08-03;16.9364131467582;37.0745482864333;27.137305495407;;-999.0;;0.0;5.5;10.833333333333334;7.958333333333333;92.70833333333333;
2017-08-04;18.3026647706957;39.3208270733858;28.9489745871765;;-999.0;;0.0;6.045454545454546;10.954545454545455;7.909090909090909;112.63636363636364;
2017-08-05;19.5778329530374;41.1178501029478;30.4888933151806;;-999.0;;0.0;3.9583333333333335;9.708333333333334;7.791666666666667;124.75;
2017-08-06;22.6746699672959;40.0396362852106;31.4853113156538;;-999.0;;0.0;4.958333333333333;10.166666666666666;7.958333333333333;88.625;
2017-08-07;21.1262514601667;40.1294874366887;30.760643678946;;-999.0;;0.0;4.458333333333333;9.958333333333334;7.958333333333333;98.41666666666667;
2017-08-08;24.2230884744251;37.2542505893895;30.8512271335345;;-999.0;;0.0;6.083333333333333;11.0;8.0;90.58333333333333;
2017-08-09;20.8530011353792;35.2775252568713;28.1337234958803;;-999.0;;0.0;4.541666666666667;10.083333333333334;7.875;93.5;
2017-08-10;17.027496588354;34.109460287656;25.6879702219915;;-999.0;;0.0;4.541666666666667;10.166666666666666;7.958333333333333;83.58333333333333;
2017-08-11;16.9364131467582;29.7067538652292;23.4233838572796;;-999.0;;0.0;3.125;8.958333333333334;7.958333333333333;94.5;
2017-08-12;22.037085876125;30.6951165314883;26.5032213132877;;-999.0;;0.0;3.125;9.083333333333334;7.958333333333333;96.16666666666667;
2017-08-13;21.3995017849542;31.1443722888788;26.3220544041108;;-999.0;;0.0;3.0;8.916666666666666;7.833333333333333;92.125;
2017-08-14;20.7619176937833;30.0661584711416;25.5068033128145;;-999.0;;0.0;3.0833333333333335;9.0;7.916666666666667;93.25;
2017-08-15;22.1281693177209;30.8748188344445;26.5938047678762;;-999.0;;0.0;3.9166666666666665;9.541666666666666;7.958333333333333;88.29166666666667;
2017-08-16;20.944084576975;35.4572275598275;28.3148904050572;;-999.0;;0.0;5.5;10.75;8.041666666666666;75.29166666666667;
2017-08-17;20.7619176937833;38.7817201645172;29.9453925876497;;-999.0;;0.0;4.363636363636363;9.818181818181818;7.7727272727272725;83.63636363636364;
2017-08-18;19.3956660698458;35.3673764083494;27.4996393137609;;-999.0;;0.0;3.3333333333333335;9.083333333333334;7.75;90.70833333333333;
2017-08-19;22.7657534088917;37.3441017408676;30.1265594968267;;-999.0;;0.0;4.333333333333333;10.0;7.708333333333333;80.16666666666667;
2017-08-20;20.944084576975;36.3557390746085;28.7678076779996;;-999.0;;0.0;3.25;8.958333333333334;7.791666666666667;88.375;
2017-08-21;23.7676712664459;32.6718418640065;28.3148904050572;;-999.0;;0.0;3.125;9.083333333333334;7.833333333333333;88.375;
2017-08-22;23.8587547080418;31.9530326521817;27.9525565867033;;-999.0;;0.0;3.125;9.0;7.75;95.125;
2017-08-23;23.6765878248501;34.6485671965246;29.2207249509419;;-999.0;;0.0;3.9583333333333335;9.625;7.875;85.79166666666667;
2017-08-24;18.6669985370791;36.2658879231304;27.5902227683494;;-999.0;;0.0;4.166666666666667;9.625;7.791666666666667;92.25;
2017-08-25;20.0332501610166;36.4455902260866;28.3148904050572;;-999.0;;0.0;3.5833333333333335;9.5;7.708333333333333;95.875;
2017-08-26;21.5816686681459;35.4572275598275;28.6772242234111;;-999.0;;0.0;3.4166666666666665;9.208333333333334;7.958333333333333;99.58333333333333;
2017-08-27;25.2250063319793;34.6485671965246;30.0359760422382;;-999.0;;4.8;4.291666666666667;9.833333333333334;8.0;92.33333333333333;
2017-08-28;23.4944209416584;31.5037768947912;27.5902227683494;;-999.0;;0.6;7.0;12.166666666666666;8.0;54.52173913043478;
2017-08-29;19.0313323034624;26.2924101090614;22.6987162205718;;-999.0;;0.4;5.75;11.041666666666666;8.0;59.416666666666664;
2017-08-30;18.6669985370791;26.3822612605395;22.6081327659834;;-999.0;;0.6;6.0;11.208333333333334;7.833333333333333;68.66666666666667;
2017-08-31;19.851083277825;28.2691354415796;24.1480514939874;;-999.0;;0.6;7.291666666666667;12.541666666666666;8.125;63.666666666666664;
2017-09-01;20.3;28.6;23.9;;-999.0;135.0;0.0;4.166666666666667;10.0;7.916666666666667;85.66666666666667;
2017-09-02;21.1;27.2;23.6;;-999.0;135.0;0.0;3.5;9.625;7.833333333333333;85.875;
2017-09-03;19.603339503102;30.794440362815;25.2544841917594;;-999.0;;0.0;4.458333333333333;10.333333333333334;8.0;86.25;
2017-09-04;18.7967250797749;30.3444328026939;24.5937137452359;;-999.0;;0.0;6.625;11.75;8.083333333333334;72.16666666666667;
2017-09-05;18.4942446710273;29.984426754597;24.3105264110115;;-999.0;;0.0;4.0;10.041666666666666;7.916666666666667;93.875;
2017-09-06;19.9058199118497;33.0444781634205;26.5760250848065;;-999.0;;0.0;4.583333333333333;10.333333333333334;7.875;98.16666666666667;
2017-09-07;21.5190487585038;31.604453971033;26.5760250848065;;-999.0;;0.0;3.6666666666666665;9.733333333333333;7.933333333333334;101.13333333333334;
2017-09-08;20.6116075322608;32.6844721153236;26.6704208628812;;-999.0;;0.0;5.636363636363637;10.909090909090908;7.818181818181818;109.81818181818181;
2017-09-09;14.3603457514761;24.5843360331439;19.4963417291972;;-999.0;;0.0;5.333333333333333;10.708333333333334;7.666666666666667;85.41666666666667;
2017-09-10;14.0578653427284;24.7643390571923;19.4019459511224;;-999.0;;0.0;3.6666666666666665;9.375;7.583333333333333;81.25;
2017-09-11;12.9487705106537;31.7844569950814;22.6114024056653;;-999.0;;0.0;7.041666666666667;11.916666666666666;7.833333333333333;78.41666666666667;
2017-09-12;16.3768818097937;31.4244509469846;24.0273390767871;;-999.0;;0.0;8.583333333333334;13.5;7.916666666666667;68.41666666666667;
2017-09-13;18.9983786856067;30.7044388507908;24.8769010794602;;-999.0;;0.0;3.375;9.208333333333334;7.666666666666667;95.91666666666667;
2017-09-14;15.7719209922984;30.6144373387666;23.3665686302636;;-999.0;;0.0;5.583333333333333;11.208333333333334;8.083333333333334;73.5;
2017-09-15;16.2760550068779;26.2043632495798;21.2898615126182;;-999.0;;0.0;4.916666666666667;10.5;7.791666666666667;84.08333333333333;
2017-09-16;10.6297540435884;24.5843360331439;17.7028219457762;;-999.0;;0.0;4.875;10.375;7.583333333333333;82.75;
2017-09-17;9.31900560568191;27.1943798818463;18.4579881703745;;-999.0;;0.0;4.125;9.75;7.708333333333333;82.625;
2017-09-18;10.3272736348407;26.0243602255314;18.3635923922998;;-999.0;;0.0;5.541666666666667;11.25;7.75;75.58333333333333;
2017-09-19;11.7388488756631;28.4544010501853;20.3459037318703;;-999.0;;0.0;5.333333333333333;10.791666666666666;7.791666666666667;84.125;
2017-09-20;15.0661333718873;27.91439197804;21.5730488468426;;-999.0;;0.0;4.916666666666667;10.291666666666666;7.833333333333333;87.95833333333333;
2017-09-21;11.3355416639996;28.724405586258;20.2515079537955;;-999.0;;0.0;4.708333333333333;10.541666666666666;7.833333333333333;92.41666666666667;
2017-09-22;16.0744014010461;27.2843813938705;21.6674446249174;;-999.0;;0.0;4.791666666666667;10.583333333333334;8.041666666666666;89.41666666666667;
2017-09-23;18.2925910651955;27.2843813938705;22.8001939618149;;-999.0;;0.0;3.4166666666666665;9.458333333333334;7.875;101.16666666666667;
2017-09-24;16.0744014010461;28.3643995381611;22.2338192933661;;-999.0;;0.0;3.6666666666666665;9.583333333333334;7.875;100.08333333333333;
2017-09-25;16.175228203962;29.4444176824517;22.8945897398897;;-999.0;;0.0;5.458333333333333;11.083333333333334;8.166666666666666;73.16666666666667;
2017-09-26;11.839675678579;29.2644146584033;20.7234868441695;;-999.0;;0.0;5.416666666666667;11.041666666666666;8.125;87.0;
2017-09-27;16.5785354156255;24.5843360331439;20.5346952880199;;-999.0;;0.0;3.75;9.791666666666666;7.958333333333333;97.66666666666667;
2017-09-28;19.4016858972702;26.2043632495798;22.7057981837401;;-999.0;;0.0;3.4166666666666665;9.541666666666666;8.0;100.33333333333333;
2017-09-29;17.0826694302049;27.104378369822;22.0450277372166;;-999.0;;0.0;3.2916666666666665;9.375;8.0;100.20833333333333;
2017-09-30;16.7801890214573;29.2644146584033;23.0833812960392;;-999.0;;0.0;4.0;9.833333333333334;7.916666666666667;94.5;
2017-10-01;17.2843230360367;30.4344343147181;23.9329432987123;;-999.0;;0.0;4.083333333333333;10.083333333333334;7.958333333333333;85.83333333333333;
2017-10-02;18.3026647706957;32.0428838036598;25.2350529490491;;-999.0;;0.0;3.4761904761904763;9.380952380952381;7.857142857142857;96.22727272727273;
2017-10-03;22.2192527593167;29.7966050167073;26.1408874949338;;-999.0;;0.0;3.4583333333333335;9.291666666666666;7.75;84.20833333333333;
2017-10-04;21.9460024345292;29.8864561681854;25.9597205857569;;-999.0;;0.0;3.5;9.416666666666666;7.833333333333333;78.04166666666667;
2017-10-05;22.5835865257001;28.2691354415796;25.5068033128145;;-999.0;;0.0;3.25;9.208333333333334;7.916666666666667;71.375;
2017-10-06;15.3686137806349;30.3444328026939;22.9889855179645;;-999.0;;0.0;6.041666666666667;11.333333333333334;7.875;70.79166666666667;
2017-10-07;17.1834962331208;26.7443723217252;21.9506319591418;;-999.0;;0.0;5.333333333333333;10.583333333333334;7.791666666666667;74.125;
2017-10-08;18.1917642622796;28.2743980261369;23.177777074114;;-999.0;;0.0;3.3333333333333335;9.208333333333334;7.625;92.08333333333333;
2017-10-09;15.7719209922984;29.3544161704275;22.6114024056653;;-999.0;;0.0;6.5;12.083333333333334;8.166666666666666;73.83333333333333;
2017-10-10;15.8727477952143;28.9944101223306;22.5170066275905;;-999.0;;0.0;4.916666666666667;10.416666666666666;7.833333333333333;87.375;
2017-10-11;15.1669601748031;29.0844116343549;22.2338192933661;;-999.0;;0.0;4.708333333333333;10.375;7.875;97.875;
2017-10-12;18.9983786856067;29.534419194476;24.3105264110115;;-999.0;;0.0;3.5;9.458333333333334;7.833333333333333;111.45833333333333;
2017-10-13;20.1074735176814;31.1544464109119;25.6320673040586;;-999.0;;0.2;3.4583333333333335;9.375;7.833333333333333;114.375;
2017-10-14;17.0826694302049;30.8844418748392;24.1217348548619;;-999.0;;0.0;5.208333333333333;10.583333333333334;7.916666666666667;83.45833333333333;
2017-10-15;16.7801890214573;28.4544010501853;22.6114024056653;;-999.0;;0.0;3.5833333333333335;9.625;7.875;119.0;
2017-10-16;17.7884570506161;24.4043330090955;21.0066741783939;;-999.0;;0.0;3.2916666666666665;9.25;7.791666666666667;105.75;
2017-10-17;17.4859766418685;22.6043027686111;19.9683206195712;;-999.0;;20.0;3.625;9.666666666666666;7.833333333333333;96.79166666666667;
2017-10-18;14.5619993573078;17.2042120471579;15.7205106062057;;-999.0;;15.8;3.5833333333333335;9.583333333333334;7.875;71.91666666666667;
2017-10-19;14.1586921456443;18.6442362395454;16.2868852746544;;-999.0;;0.0;3.5416666666666665;9.458333333333334;7.791666666666667;75.58333333333333;
2017-10-20;14.0578653427284;20.7142710161025;17.3252388334771;;-999.0;;0.0;5.25;11.0;8.041666666666666;66.16666666666667;
2017-10-21;13.2512509194014;22.6943042806353;17.9860092800006;;-999.0;;0.0;6.666666666666667;12.083333333333334;8.083333333333334;48.083333333333336;
2017-10-22;12.1421560873266;25.034343593265;18.6467797265241;;-999.0;;0.0;5.958333333333333;11.708333333333334;8.125;58.916666666666664;
2017-10-23;12.6462901019061;23.3243148648048;18.0804050580754;;-999.0;;0.0;4.875;10.625;7.916666666666667;85.20833333333333;
2017-10-24;14.6628261602237;22.2442967205142;18.4579881703745;;-999.0;;0.0;4.041666666666667;9.875;7.958333333333333;88.66666666666667;
2017-10-25;13.3520777223172;26.0549426181289;18.2504053072316;;-999.0;;0.0;3.7083333333333335;9.708333333333334;7.958333333333333;89.75;
2017-10-26;12.0413292844108;25.6643541774345;19.0243628388233;;-999.0;;0.0;4.291666666666667;10.208333333333334;7.916666666666667;86.77272727272727;
2017-10-27;12.6462901019061;28.0943950020884;20.5346952880199;;-999.0;;0.0;6.25;11.666666666666666;7.916666666666667;78.70833333333333;
2017-10-28;11.1338880581678;24.3143314970712;17.8916135019258;;-999.0;;0.0;6.916666666666667;12.291666666666666;8.25;60.708333333333336;
2017-10-29;12.6462901019061;25.034343593265;18.9299670607485;;-999.0;;0.0;3.652173913043478;9.782608695652174;7.826086956521739;88.65217391304348;
2017-10-30;11.839675678579;24.224329985047;18.0804050580754;;-999.0;;0.0;5.625;11.25;8.041666666666666;71.375;
2017-10-31;13.553731328149;21.1642785762236;17.3252388334771;;-999.0;;0.0;4.2;9.65;6.7;90.13636363636364;
2017-11-01;15.4694405835508;21.1642785762236;18.269196614225;;-999.0;;0.0;2.2916666666666665;5.375;1.5833333333333333;87.375;
2017-11-02;15.4694405835508;21.0742770641994;18.1748008361502;;-999.0;;0.0;2.3333333333333335;5.333333333333333;1.5416666666666667;90.25;
2017-11-03;13.0495973135696;20.8942740401509;16.9476557211779;;-999.0;;27.0;2.5;5.541666666666667;1.4583333333333333;85.04166666666667;
2017-11-04;12.4446364960743;18.5542347275212;15.4373232719813;;-999.0;;9.8;1.5833333333333333;4.541666666666667;1.2083333333333333;71.41666666666667;
2017-11-05;10.125620029009;16.5742014629884;13.3606161543359;;-999.0;;0.0;2.0;4.625;1.25;62.458333333333336;
2017-11-06;5.48758709487834;18.0142256553759;11.8502837051393;;-999.0;;0.0;5.666666666666667;9.333333333333334;2.625;48.791666666666664;
2017-11-07;3.57187783947655;16.5742014629884;10.2455554778679;;-999.0;;0.0;7.125;10.916666666666666;2.5;42.791666666666664;
2017-11-08;4.17683865697185;19.0942437996665;11.8502837051393;;-999.0;;0.0;5.833333333333333;9.583333333333334;2.6666666666666665;48.833333333333336;
2017-11-09;3.47105103656067;14.5041666864314;9.11280614097038;;-999.0;;0.0;6.041666666666667;9.875;2.5833333333333335;60.083333333333336;
2017-11-10;1.05120776657947;14.9541742465525;8.26324413829728;;-999.0;;0.0;5.0;8.777777777777779;2.611111111111111;55.625;
2017-11-11;3.2693974307289;18.0142256553759;10.9063259243914;;-999.0;;0.0;6.190476190476191;10.19047619047619;2.5714285714285716;48.583333333333336;
2017-11-12;5.48758709487834;19.1842453116908;12.5110541516628;;-999.0;;0.0;6.0;9.916666666666666;2.75;49.0;
2017-11-13;4.27766545988774;17.5642180952548;11.095117480541;;-999.0;;0.0;8.25;11.75;2.625;60.083333333333336;
2017-11-14;4.4793190657195;14.5955595205765;9.88786286813033;;-999.0;;0.0;7.0;10.818181818181818;2.6363636363636362;63.791666666666664;
2017-11-15;4.68097267155127;18.5542347275212;11.8502837051393;;-999.0;;0.0;4.25;8.208333333333334;2.5416666666666665;89.875;
2017-11-16;5.89089430654187;19.1842453116908;12.6998457078124;;-999.0;;0.0;6.391304347826087;9.869565217391305;2.4782608695652173;56.869565217391305;
2017-11-17;6.49585512403717;20.534267992054;13.7381992666351;;-999.0;;0.0;6.5;10.0;2.5;70.16666666666667;
2017-11-18;8.00825716777542;20.084260431933;14.1157823789342;;-999.0;;0.0;4.958333333333333;8.416666666666666;2.3333333333333335;72.45833333333333;
2017-11-19;5.6892407007101;19.0942437996665;12.6054499297376;;-999.0;;0.0;3.7083333333333335;7.333333333333333;2.3333333333333335;94.33333333333333;
2017-11-20;5.58841389779422;21.2542800882478;13.6438034885603;;-999.0;;0.0;2.625;6.25;2.3333333333333335;85.54166666666667;
2017-11-21;5.18510668613069;23.0543103287322;14.3989697131586;;-999.0;;0.0;5.5;8.791666666666666;2.4583333333333335;45.416666666666664;
2017-11-22;5.18510668613069;21.5242846243205;13.5494077104855;;-999.0;;0.0;8.625;11.166666666666666;2.3333333333333335;40.75;
2017-11-23;6.79833553278482;23.1443118407564;15.2485317158317;;-999.0;;0.0;9.125;11.958333333333334;2.25;39.083333333333336;
2017-11-24;8.81487159110249;23.8643239369502;16.5700726088788;;-999.0;;0.0;12.583333333333334;16.0;2.7083333333333335;39.583333333333336;
2017-11-25;7.30246954736424;19.7242543838361;13.6438034885603;;-999.0;;0.0;11.61111111111111;14.833333333333334;2.5555555555555554;36.666666666666664;
2017-11-26;8.91569839401837;21.7942891603931;15.4373232719813;;-999.0;;0.0;9.083333333333334;12.666666666666666;2.4583333333333335;53.375;
2017-11-27;10.8314076494202;16.7542044870368;13.7381992666351;;-999.0;;0.0;5.041666666666667;8.958333333333334;2.625;74.04166666666667;
2017-11-28;10.2264468319249;16.39419843894;13.2662203762611;;-999.0;;47.2;3.8333333333333335;7.541666666666667;2.2916666666666665;72.08695652173913;
2017-11-29;8.61321798527072;15.4041818066736;12.0390752612889;;-999.0;;11.0;4.25;7.916666666666667;2.0833333333333335;62.166666666666664;
2017-11-30;1.05120776657947;10.9941077174868;6.18653702065191;;-999.0;;0.0;3.5416666666666665;7.333333333333333;2.125;52.333333333333336;
2017-12-01;-0.461194277158786;10.9041062054626;5.43137079605359;;-999.0;;0.2;3.357142857142857;7.071428571428571;2.357142857142857;55.833333333333336;
2017-12-02;-1.5702891092335;10.3640971333173;4.58180879338048;;-999.0;;0.0;2.8125;5.9375;1.9375;58.083333333333336;
2017-12-03;-2.67938394130822;9.73408654914776;3.73224679070738;;-999.0;;0.0;3.5454545454545454;7.181818181818182;2.0;55.875;
2017-12-04;-2.1752499267288;12.9741409820196;5.62016235220317;;-999.0;;0.0;5.785714285714286;9.5;2.357142857142857;50.25;
2017-12-05;2.76526341614948;14.0541591263103;8.54643147252164;;-999.0;;0.2;4.045454545454546;7.2272727272727275;1.9545454545454546;82.36363636363636;
2017-12-06;2.96691702198125;14.0541591263103;8.64082725059643;;-999.0;;0.0;3.0416666666666665;6.458333333333333;1.9166666666666667;88.95833333333333;
2017-12-07;-0.360367474242903;16.0341923908431;8.0744525821477;;-999.0;;0.0;7.454545454545454;10.363636363636363;2.0454545454545454;72.45833333333333;
2017-12-08;1.25286137241124;14.9541742465525;8.26324413829728;;-999.0;;0.0;5.285714285714286;9.642857142857142;2.9285714285714284;45.583333333333336;
2017-12-09;5.28593348904657;13.2441455180923;9.30159769711996;;-999.0;;0.0;5.083333333333333;8.458333333333334;2.0416666666666665;57.75;
2017-12-10;10.6297540435884;14.8641727345282;12.6054499297376;;-999.0;;9.8;3.375;7.208333333333333;2.5416666666666665;67.25;
2017-12-11;6.69750872986894;14.0541591263103;10.3399512559426;;-999.0;;11.4;2.2083333333333335;5.625;2.0833333333333335;76.16666666666667;
2017-12-12;0.0429397374206317;10.9941077174868;5.62016235220317;;-999.0;;0.0;2.5416666666666665;6.166666666666667;2.25;62.958333333333336;
2017-12-13;-0.864501488822318;14.8641727345282;7.31928635754938;;-999.0;;0.2;5.5;7.583333333333333;1.75;39.083333333333336;
2017-12-14;1.65616858407477;14.4141651744072;8.26324413829728;;-999.0;;0.4;3.4583333333333335;6.75;2.3333333333333335;44.5;
2017-12-15;11.2347148610837;14.9541742465525;12.9830330420368;;-999.0;;3.8;3.1666666666666665;6.875;2.375;63.0;
2017-12-16;9.55865437749537;15.1508673257772;12.3722023974858;;-999.0;;0.0;2.9130434782608696;6.521739130434782;2.3043478260869565;67.29166666666667;
2017-12-17;3.36498034897845;12.8147373873466;8.20536348641606;;-999.0;;0.2;2.909090909090909;7.0;2.3636363636363638;45.875;
2017-12-18;-0.4605241980467;11.2872678122189;5.48785984876185;;-999.0;;0.0;8.785714285714286;12.857142857142858;2.9285714285714284;41.083333333333336;
2017-12-19;0.814643984295015;11.8263747210875;6.39369439464659;;-999.0;;0.0;7.076923076923077;11.76923076923077;3.230769230769231;45.54545454545455;
2017-12-20;0.359226776315831;13.4436954476933;6.93719512217743;;-999.0;;0.0;7.384615384615385;13.076923076923077;3.6923076923076925;37.291666666666664;
2017-12-21;0.541393659507506;13.0842908417809;6.93719512217743;;-999.0;;0.0;6.076923076923077;10.846153846153847;3.3846153846153846;56.75;
2017-12-22;0.359226776315831;14.4320581139524;7.48069584970827;;-999.0;;0.0;11.428571428571429;15.5;3.2857142857142856;39.041666666666664;
2017-12-23;0.723560542699179;14.07265350804;7.48069584970827;;-999.0;;0.2;6.6;11.6;3.2666666666666666;51.916666666666664;
2017-12-24;0.177059893124156;14.1625046595181;7.29952894053132;;-999.0;;0.0;2.0;6.541666666666667;2.875;77.0;
2017-12-25;9.01215372792035;14.6117604169086;11.828701669955;;-999.0;;1.8;1.6666666666666667;5.875;2.7083333333333335;68.375;
2017-12-26;5.64206638887438;13.4436954476933;9.65469875983164;;-999.0;;6.2;2.1666666666666665;6.75;2.9583333333333335;60.541666666666664;
2017-12-27;6.64398424642858;12.275630478478;9.47353185065469;;-999.0;;4.4;1.2083333333333333;4.791666666666667;2.9583333333333335;81.04166666666667;
2017-12-28;9.19432061111202;13.2639931447371;11.2852009424242;;-999.0;;1.2;1.4583333333333333;5.583333333333333;2.7916666666666665;70.5;
2017-12-29;9.19432061111202;14.2523558109962;11.828701669955;;-999.0;;0.2;2.625;6.958333333333333;2.625;62.291666666666664;
2017-12-30;9.46757093589953;14.07265350804;11.828701669955;;-999.0;;0.2;7.083333333333333;11.833333333333334;3.25;34.958333333333336;
2017-12-31;5.18664918089519;16.4986345979486;10.9228671240703;;-999.0;;0.2;3.375;7.875;2.875;43.666666666666664;
2018-01-01;4.54906508972433;13.8929512050838;9.29236494147774;;-999.0;;0.0;1.4583333333333333;5.25;2.7083333333333335;64.66666666666667;
2018-01-02;3.45606379057429;14.6117604169086;9.11119803230079;;-999.0;;0.0;2.7083333333333335;6.166666666666667;2.5;60.5;
2018-01-03;0.99681086748669;12.9944396903028;7.11836203135438;;-999.0;;0.0;3.375;8.0;2.9583333333333335;61.5;
2018-01-04;4.54906508972433;13.7132489021276;9.20178148688927;;-999.0;;0.0;3.090909090909091;7.636363636363637;2.8181818181818183;50.22727272727273;
2018-01-05;4.73123197291601;11.5568212666532;8.20536348641606;;-999.0;;15.8;2.1666666666666665;6.666666666666667;2.8333333333333335;63.5;
2018-01-06;9.46757093589953;14.07265350804;11.828701669955;;-999.0;;7.6;1.1666666666666667;4.291666666666667;2.75;79.0;
2018-01-07;2.18089560823257;11.7365235696094;7.0277785767659;;-999.0;;0.4;1.1666666666666667;3.5833333333333335;2.125;65.79166666666667;
2018-01-08;-0.278357314855029;6.34545448092346;3.13269002946154;;-999.0;;5.4;1.826086956521739;5.565217391304348;2.4166666666666665;66.25;
2018-01-09;1.55534178115888;9.82408806117198;5.80895390835275;;-999.0;;3.6;3.076923076923077;7.769230769230769;2.8333333333333335;42.5;
2018-01-10;-0.733774522834214;10.3887562974379;4.94435912123101;;-999.0;;0.0;1.8333333333333333;6.25;2.875;73.5;
2018-01-11;8.37456963674949;13.7132489021276;11.1040340332472;;-999.0;;0.0;1.375;5.375;2.9166666666666665;75.45833333333333;
2018-01-12;3.45606379057429;11.7365235696094;7.66186275888522;;-999.0;;0.0;3.9583333333333335;7.833333333333333;2.75;57.208333333333336;
2018-01-13;0.632477101103341;12.9944396903028;6.93719512217743;;-999.0;;1.4;3.0416666666666665;7.083333333333333;2.625;58.958333333333336;
2018-01-14;1.63439495865755;9.40039363117883;5.57844330335032;;-999.0;;4.0;1.875;5.916666666666667;2.75;55.375;
2018-01-15;1.63439495865755;8.68158441935404;5.21610948499643;;-999.0;;0.2;4.384615384615385;8.923076923076923;3.3333333333333335;49.75;
2018-01-16;0.541393659507506;10.2090539944817;5.48785984876185;;-999.0;;0.0;5.0;10.214285714285714;3.2857142857142856;39.791666666666664;
2018-01-17;-0.369440756450865;13.2639931447371;6.57486130382353;;-999.0;;0.2;11.058823529411764;13.647058823529411;2.4705882352941178;41.125;
2018-01-18;0.541393659507506;14.6117604169086;7.66186275888522;;-999.0;;0.0;4.458333333333333;8.833333333333334;2.9583333333333335;71.75;
2018-01-19;6.9172345712161;14.07265350804;10.5605333057164;;-999.0;;0.0;7.625;11.75;2.9583333333333335;48.041666666666664;
2018-01-20;4.91339885610768;14.971165022821;10.0170325781855;;-999.0;;0.0;5.75;8.875;2.6666666666666665;50.375;
2018-01-21;1.45222807546588;15.1508673257772;8.38653039559301;;-999.0;;0.0;4.041666666666667;8.25;3.0833333333333335;57.541666666666664;
2018-01-22;1.81656184184922;14.4320581139524;8.20536348641606;;-999.0;;0.2;7.25;10.458333333333334;2.7916666666666665;36.333333333333336;
2018-01-23;1.08789430908253;17.0377415068172;9.11119803230079;;-999.0;;0.2;5.909090909090909;9.545454545454545;2.9545454545454546;25.066666666666666;
2018-01-24;1.63439495865755;19.2840202937697;10.5605333057164;;-999.0;;0.0;5.916666666666667;10.375;3.2916666666666665;63.875;
2018-01-25;3.91148099855347;17.6666995671639;10.9228671240703;;-999.0;;3.0;5.333333333333333;9.75;3.0;50.75;
2018-01-26;5.73314983047021;14.7914627198648;10.3793663965394;;-999.0;;0.0;1.625;5.166666666666667;2.25;72.29166666666667;
2018-01-27;2.08981216663673;9.58009593413503;5.85019366711574;;-999.0;;0.0;1.7083333333333333;5.083333333333333;2.1666666666666665;68.91666666666667;
2018-01-28;2.18089560823257;10.2989051459598;6.30311094005811;;-999.0;;0.0;2.2083333333333335;5.291666666666667;2.0;58.25;
2018-01-29;0.632477101103341;11.2872678122189;6.03136057629269;;-999.0;;0.0;3.875;8.541666666666666;2.7916666666666665;73.70833333333333;
2018-01-30;1.81656184184922;14.3422069624743;8.20536348641606;;-999.0;;0.0;3.4166666666666665;8.041666666666666;2.875;77.125;
2018-01-31;6.1885670384494;13.8031000536057;10.0170325781855;;-999.0;;0.0;2.7083333333333335;7.25;2.7083333333333335;78.91666666666667;
2018-02-01;6.82615112962026;15.1508673257772;11.1040340332472;;-999.0;;0.0;4.916666666666667;9.416666666666666;3.0;62.666666666666664;
2018-02-02;4.64014853132017;14.1625046595181;9.47353185065469;;-999.0;;0.0;1.6666666666666667;5.666666666666667;2.5;72.70833333333333;
2018-02-03;2.54522937461592;9.84964938856932;6.21252748546964;;-999.0;;0.8;1.9583333333333333;5.458333333333333;2.2083333333333335;64.5;
2018-02-04;-2.19110958836761;10.6583097518722;4.31027493911169;;-999.0;;2.0;2.6666666666666665;6.666666666666667;2.0833333333333335;67.875;
2018-02-05;0.723560542699179;7.78307290457305;4.31027493911169;;-999.0;;0.6;2.2916666666666665;5.25;1.9166666666666667;53.416666666666664;
2018-02-06;-1.00702484762173;8.41203096491974;3.76677421158085;;-999.0;;0.0;3.1666666666666665;6.958333333333333;2.3333333333333335;52.541666666666664;
2018-02-07;0.268143334719994;8.05262635900734;4.21969148452322;;-999.0;;0.0;5.0;9.041666666666666;2.625;46.541666666666664;
2018-02-08;-0.642691081238377;8.86128672231023;4.21969148452322;;-999.0;;0.0;4.809523809523809;8.238095238095237;2.3333333333333335;52.0;
2018-02-09;-0.915941406025887;11.0177143577846;5.12552603040796;;-999.0;;0.0;3.125;6.583333333333333;2.25;57.0;
2018-02-10;-2.28219302996344;10.2090539944817;4.03852457534627;;-999.0;;0.0;5.833333333333333;9.5;2.6666666666666665;60.291666666666664;
2018-02-11;-0.0051069900675155;11.7365235696094;5.94077712170422;;-999.0;;0.0;5.666666666666667;9.0;2.5416666666666665;53.833333333333336;
2018-02-12;-1.00702484762173;13.8929512050838;6.57486130382353;;-999.0;;1.0;5.375;9.75;3.0;65.33333333333333;
2018-02-13;2.6;7.7;4.8;1.3;8.0;157.5;0.0;3.8333333333333335;7.75;2.5833333333333335;64.29166666666667;
2018-02-14;-0.699999999999999;13.2;6.8;3.5;25.7;45.0;0.0;4.5;8.583333333333334;2.6666666666666665;71.08333333333333;
2018-02-15;0.9;19.2;9.6;2.6;20.9;157.5;0.0;8.75;11.333333333333334;2.25;57.875;
2018-02-16;2.5;20.7;11.4;1.6;19.3;45.0;0.0;10.166666666666666;14.291666666666666;3.0833333333333335;47.333333333333336;
2018-02-17;2.1;16.0;9.9;3.1;24.1;45.0;0.0;8.583333333333334;12.666666666666666;2.8333333333333335;49.75;
2018-02-18;1.9;15.9;9.3;6.3;32.2;270.0;0.0;6.041666666666667;10.75;3.0833333333333335;59.291666666666664;
2018-02-19;2.7;16.1;8.9;1.4;16.1;157.5;0.0;7.208333333333333;11.708333333333334;3.125;51.541666666666664;
2018-02-20;0.300000000000001;17.8;9.5;4.2;33.8;135.0;0.0;6.5;10.125;2.7916666666666665;53.041666666666664;
2018-02-21;2.6;14.6;9.6;8.9;41.8;135.0;0.0;6.75;11.125;3.0833333333333335;67.79166666666667;
2018-02-22;-1.9;13.3;6.5;4.0;33.8;45.0;0.0;5.0;8.708333333333334;2.7083333333333335;62.708333333333336;
2018-02-23;-3.2;16.2;6.6;5.5;30.6;270.0;0.0;5.666666666666667;9.416666666666666;2.6666666666666665;70.625;
2018-02-24;6.1;13.6;9.3;11.1;37.0;270.0;0.0;5.25;9.958333333333334;3.125;95.41666666666667;
2018-02-25;3.2;13.6;9.0;2.6;19.3;315.0;0.0;5.583333333333333;9.625;2.75;79.0;
2018-02-26;-0.199999999999999;18.1;8.6;5.3;35.4;270.0;0.8;8.041666666666666;12.25;2.9166666666666665;56.458333333333336;
2018-02-27;9.3;14.8;11.7;7.6;38.6;0.0;0.0;7.285714285714286;11.80952380952381;3.0;70.38095238095238;
2018-02-28;10.4;13.3;11.8;15.4;48.3;270.0;1.2;3.9583333333333335;8.541666666666666;3.0;80.875;
2018-03-01;9.7;15.4;11.9;20.9;75.6;0.0;7.6;1.4583333333333333;5.791666666666667;2.75;89.70833333333333;
2018-03-02;8.7;15.2;11.8;12.7;56.3;0.0;0.0;1.2916666666666667;5.416666666666667;2.8333333333333335;76.70833333333333;
2018-03-03;8.9;14.4;11.4;8.2;46.7;0.0;0.0;1.9583333333333333;6.041666666666667;2.9583333333333335;81.54166666666667;
2018-03-04;8.7;14.8;11.1;9.7;41.8;315.0;5.8;1.5;5.541666666666667;2.75;83.75;
2018-03-05;7.9;13.7;10.2;15.8;70.8;22.5;7.4;1.4166666666666667;4.916666666666667;2.875;88.83333333333333;
2018-03-06;7.2;12.6;9.3;6.1;33.8;22.5;8.6;1.2083333333333333;4.916666666666667;2.875;87.41666666666667;
2018-03-07;3.8;14.7;9.1;5.8;41.8;270.0;1.4;2.0833333333333335;6.333333333333333;2.8333333333333335;86.25;
2018-03-08;7.6;15.7;11.9;11.3;48.3;315.0;0.2;1.5833333333333333;5.875;2.5833333333333335;76.95833333333333;
2018-03-09;5.9;17.5;12.6;8.4;45.1;315.0;0.2;2.3333333333333335;6.916666666666667;2.9166666666666665;53.041666666666664;
2018-03-10;11.4;16.1;13.9;12.9;48.3;315.0;1.2;2.75;7.083333333333333;3.1666666666666665;70.66666666666667;
2018-03-11;7.6;13.3;10.0;16.6;67.6;0.0;14.6;1.0;4.208333333333333;3.0416666666666665;89.375;
2018-03-12;7.8;15.1;11.0;7.6;43.5;45.0;0.8;1.2083333333333333;4.666666666666667;3.0;88.08333333333333;
2018-03-13;10.3;17.1;13.3;6.1;30.6;22.5;0.0;1.875;6.333333333333333;3.0;69.08333333333333;
2018-03-14;8.7;16.7;12.9;12.7;51.5;315.0;0.0;1.75;6.25;3.0833333333333335;60.208333333333336;
2018-03-15;7.5;14.7;10.9;10.1;46.7;0.0;1.0;1.0;4.833333333333333;3.0;92.41666666666667;
2018-03-16;6.7;12.9;9.1;6.9;37.0;45.0;2.0;2.272727272727273;6.5;3.0;83.22727272727273;
2018-03-17;5.2;13.1;9.2;13.2;61.2;337.5;3.4;2.0416666666666665;6.375;2.9583333333333335;84.83333333333333;
2018-03-18;6.7;11.9;8.8;7.1;32.2;45.0;1.8;1.875;6.041666666666667;2.875;89.20833333333333;
2018-03-19;5.9;13.3;9.8;12.1;54.7;0.0;0.2;2.0416666666666665;6.541666666666667;2.875;86.70833333333333;
2018-03-20;2.8;10.4;7.0;10.0;41.8;45.0;1.4;2.3333333333333335;6.916666666666667;2.6666666666666665;87.58333333333333;
2018-03-21;2.3;11.7;7.2;14.2;46.7;45.0;0.0;2.375;6.708333333333333;2.5;92.625;
2018-03-22;4.3;13.4;8.6;7.4;32.2;45.0;0.0;3.0;7.7272727272727275;2.909090909090909;95.31818181818181;
2018-03-23;3.7;12.1;8.9;8.9;40.2;0.0;0.0;3.4583333333333335;8.291666666666666;2.9583333333333335;86.58333333333333;
2018-03-24;6.5;12.8;9.9;19.8;67.6;45.0;0.0;2.0;6.625;2.8333333333333335;89.79166666666667;
2018-03-25;5.4;11.9;8.2;8.9;41.8;45.0;5.4;1.4166666666666667;5.416666666666667;2.5416666666666665;86.25;
2018-03-26;3.0;16.8;10.6;4.0;25.7;45.0;0.0;2.0416666666666665;5.666666666666667;2.75;69.08333333333333;
2018-03-27;3.7;21.8;13.0;1.6;17.7;135.0;0.0;4.041666666666667;8.041666666666666;2.9166666666666665;73.0;
2018-03-28;4.9;22.8;14.7;3.1;24.1;45.0;0.0;4.833333333333333;8.583333333333334;3.2083333333333335;57.0;
2018-03-29;7.1;16.9;11.6;5.0;30.6;45.0;0.0;4.458333333333333;8.958333333333334;2.9166666666666665;67.25;
2018-03-30;6.4;12.8;9.3;9.8;54.7;0.0;0.4;2.0833333333333335;6.625;2.7916666666666665;94.75;
2018-03-31;6.5;14.8;10.5;7.9;46.7;45.0;0.8;2.125;6.416666666666667;2.75;95.83333333333333;
2018-04-01;3.0;17.1;10.9;15.1;57.9;270.0;0.0;2.2916666666666665;6.041666666666667;2.8333333333333335;87.54166666666667;
2018-04-02;9.8;20.8;14.8;10.1;38.6;135.0;0.0;3.5416666666666665;8.25;3.0833333333333335;103.83333333333333;
2018-04-03;10.4;18.6;13.9;6.9;40.2;225.0;0.0;3.75;8.625;3.0833333333333335;68.375;
2018-04-04;10.0;17.7;13.4;7.2;30.6;270.0;0.0;2.6666666666666665;7.458333333333333;2.9166666666666665;87.95833333333333;
2018-04-05;4.1;19.3;13.0;15.1;59.5;135.0;0.0;3.4166666666666665;7.791666666666667;2.9166666666666665;84.20833333333333;
2018-04-06;10.7;20.8;16.2;16.1;56.3;135.0;0.6;3.0454545454545454;8.090909090909092;3.090909090909091;102.27272727272727;
2018-04-07;7.8;14.4;10.2;6.6;43.5;270.0;4.2;2.3333333333333335;6.75;2.8333333333333335;95.04166666666667;
2018-04-08;7.6;15.1;10.7;9.7;43.5;270.0;2.8;1.8333333333333333;6.416666666666667;2.75;86.83333333333333;
2018-04-09;5.8;12.9;9.1;8.5;38.6;270.0;0.0;2.4166666666666665;6.833333333333333;2.7916666666666665;99.08333333333333;
2018-04-10;6.6;12.0;9.3;14.0;61.2;202.5;17.4;3.1666666666666665;7.666666666666667;2.9166666666666665;87.95833333333333;
2018-04-11;6.4;13.4;9.2;17.2;56.3;247.5;0.0;1.875;6.5;2.8333333333333335;102.125;
2018-04-12;6.9;13.2;9.6;9.2;40.2;202.5;12.6;2.2916666666666665;6.875;2.75;88.95833333333333;
2018-04-13;5.3;9.9;8.3;6.4;38.6;90.0;5.0;3.8333333333333335;8.541666666666666;2.9583333333333335;75.95833333333333;
2018-04-14;2.4;17.7;10.6;4.0;29.0;270.0;0.0;2.2083333333333335;6.5;2.9166666666666665;74.75;
2018-04-15;5.7;18.1;12.4;4.7;27.4;270.0;1.0;2.5833333333333335;7.541666666666667;3.0;76.875;
2018-04-16;8.4;16.7;12.7;6.4;32.2;270.0;0.0;2.5;7.666666666666667;3.0;88.25;
2018-04-17;4.6;20.2;13.2;9.0;43.5;135.0;0.0;3.9583333333333335;8.166666666666666;3.0833333333333335;79.41666666666667;
2018-04-18;12.8;20.4;16.2;18.8;48.3;135.0;0.0;3.0;8.083333333333334;3.0833333333333335;104.25;
2018-04-19;12.5;19.7;15.7;20.4;56.3;135.0;0.0;2.375;7.291666666666667;3.0;111.5;
2018-04-20;12.1;16.4;13.9;25.9;67.6;135.0;0.2;2.2083333333333335;7.291666666666667;3.0;105.66666666666667;
2018-04-21;13.0;19.2;16.1;10.1;51.5;135.0;0.0;3.0416666666666665;7.875;3.0;99.875;
2018-04-22;10.4;24.1;17.3;6.0;30.6;135.0;2.0;4.083333333333333;9.083333333333334;3.1666666666666665;78.16666666666667;
2018-04-23;12.7;23.6;17.6;3.7;32.2;270.0;0.4;7.0;11.208333333333334;3.0416666666666665;71.75;
2018-04-24;14.4;25.4;19.1;4.5;32.2;270.0;0.4;6.708333333333333;10.791666666666666;2.9166666666666665;83.5;
2018-04-25;11.4;23.3;16.6;2.7;17.7;202.5;0.0;7.142857142857143;11.238095238095237;2.9047619047619047;79.28571428571429;
2018-04-26;11.3;24.3;16.7;6.1;35.4;135.0;0.0;8.25;12.333333333333334;2.9583333333333335;81.70833333333333;
2018-04-27;12.2;23.4;17.4;4.0;27.4;270.0;0.0;5.083333333333333;10.0;3.2083333333333335;81.91666666666667;
2018-04-28;8.3;18.1;13.9;8.0;48.3;247.5;1.6;4.125;9.0;3.0833333333333335;72.375;
2018-04-29;6.7;15.4;10.8;10.1;40.2;247.5;0.0;1.8333333333333333;6.416666666666667;2.5;95.08333333333333;
2018-04-30;6.1;15.3;10.9;5.3;30.6;270.0;0.0;3.75;8.375;2.875;78.875;
2018-05-01;4.1;14.8;9.7;5.5;57.9;270.0;0.2;2.875;7.375;2.7083333333333335;80.5;
2018-05-02;2.8;18.7;11.7;4.5;27.4;270.0;0.0;3.1666666666666665;7.583333333333333;2.9583333333333335;84.79166666666667;
2018-05-03;3.8;21.4;14.0;3.9;27.4;270.0;0.0;4.208333333333333;8.791666666666666;3.0416666666666665;81.20833333333333;
2018-05-04;10.6;20.6;15.1;4.5;32.2;135.0;0.0;6.083333333333333;10.791666666666666;3.25;72.29166666666667;
2018-05-05;7.5;21.4;15.2;6.4;29.0;135.0;0.0;5.083333333333333;9.833333333333334;3.125;81.16666666666667;
2018-05-06;12.6;20.4;16.6;12.9;46.7;135.0;0.0;3.25;8.083333333333334;3.0;105.625;
2018-05-07;10.1;24.7;16.9;8.2;37.0;135.0;0.0;3.7916666666666665;8.333333333333334;2.9583333333333335;95.79166666666667;
2018-05-08;9.2;25.1;17.8;4.8;32.2;270.0;0.0;5.5;9.875;2.9583333333333335;79.08333333333333;
2018-05-09;11.6;20.7;15.7;5.3;32.2;270.0;0.0;5.0;9.85;3.0;79.3;
2018-05-10;12.8;22.8;17.0;5.8;27.4;270.0;0.0;3.4166666666666665;8.25;3.0416666666666665;90.08333333333333;
2018-05-11;8.3;24.4;16.8;3.4;24.1;270.0;0.0;5.083333333333333;9.958333333333334;3.2083333333333335;72.66666666666667;
2018-05-12;11.9;20.5;16.3;7.6;38.6;270.0;0.0;3.2083333333333335;8.25;3.0833333333333335;82.20833333333333;
2018-05-13;8.9;20.6;14.9;6.9;27.4;270.0;0.0;1.9583333333333333;5.875;3.0416666666666665;93.3913043478261;
2018-05-14;6.5;24.6;16.2;4.0;40.2;0.0;0.0;3.0;6.583333333333333;3.0416666666666665;82.95833333333333;
2018-05-15;7.5;23.9;17.1;7.6;33.8;135.0;0.0;3.375;7.458333333333333;3.1666666666666665;90.625;
2018-05-16;12.8;22.9;16.9;16.6;48.3;135.0;0.0;3.4166666666666665;8.333333333333334;3.0416666666666665;113.58333333333333;
2018-05-17;9.8;25.6;17.3;12.7;53.1;135.0;0.0;3.5833333333333335;8.666666666666666;3.125;111.45833333333333;
2018-05-18;12.9;21.6;16.9;13.8;41.8;135.0;0.0;2.9583333333333335;8.0;3.0416666666666665;123.20833333333333;
2018-05-19;12.7;22.6;17.3;7.1;41.8;135.0;5.0;3.25;8.083333333333334;3.0;121.375;
2018-05-20;10.4;22.4;15.3;1.9;19.3;202.5;10.4;4.041666666666667;8.791666666666666;3.0416666666666665;86.5;
2018-05-21;10.1;20.9;14.7;2.3;32.2;202.5;0.2;6.458333333333333;10.875;3.0833333333333335;66.29166666666667;
2018-05-22;9.8;26.1;17.4;2.4;19.3;22.5;0.0;7.25;11.791666666666666;3.25;81.5;
2018-05-23;11.4;24.3;18.3;5.6;32.2;135.0;0.0;6.75;10.625;2.8333333333333335;91.79166666666667;
2018-05-24;11.6;24.4;18.2;5.6;33.8;270.0;0.0;6.125;10.625;3.0;92.33333333333333;
2018-05-25;9.1;21.5;16.3;3.7;25.7;270.0;0.0;3.6666666666666665;8.375;3.0833333333333335;75.20833333333333;
2018-05-26;9.7;24.9;17.3;3.4;27.4;270.0;0.0;3.2083333333333335;8.041666666666666;3.0416666666666665;78.08333333333333;
2018-05-27;12.7;22.0;17.2;4.5;30.6;270.0;0.0;3.625;8.375;3.0;81.45833333333333;
2018-05-28;12.2;21.6;16.9;6.1;33.8;270.0;0.0;3.7916666666666665;8.666666666666666;3.0833333333333335;87.41666666666667;
2018-05-29;11.0;20.9;15.7;7.1;38.6;270.0;0.0;3.3333333333333335;8.291666666666666;3.0416666666666665;93.16666666666667;
2018-05-30;10.9;20.8;15.9;5.8;33.8;270.0;0.0;3.125;8.083333333333334;3.0833333333333335;81.25;
2018-05-31;8.7;25.5;17.8;3.4;27.4;270.0;0.0;3.1818181818181817;7.363636363636363;3.227272727272727;78.95454545454545;
2018-06-01;10.9;25.4;18.9;5.1;32.2;135.0;0.0;5.041666666666667;9.333333333333334;3.125;82.83333333333333;
2018-06-02;10.8;20.6;15.2;4.8;29.0;225.0;5.2;3.25;7.5;3.0;74.83333333333333;
2018-06-03;9.0;24.7;17.7;5.3;32.2;270.0;0.0;2.5;6.791666666666667;3.0416666666666665;81.08333333333333;
2018-06-04;10.6;22.1;16.7;6.3;33.8;270.0;0.0;3.125;7.958333333333333;3.0416666666666665;75.56521739130434;
2018-06-05;13.8;19.3;16.3;8.4;30.6;270.0;0.0;2.9583333333333335;7.708333333333333;3.0416666666666665;82.16666666666667;
2018-06-06;12.7;20.4;16.5;9.5;43.5;270.0;0.0;2.375;7.166666666666667;3.0;83.04166666666667;
2018-06-07;9.9;25.8;18.7;3.7;29.0;270.0;0.0;2.3181818181818183;6.818181818181818;2.9545454545454546;87.54545454545455;
2018-06-08;12.7;24.1;17.8;3.7;32.2;270.0;0.0;4.416666666666667;9.041666666666666;3.1666666666666665;59.041666666666664;
2018-06-09;13.1;22.2;17.4;6.9;37.0;270.0;0.0;2.4166666666666665;7.416666666666667;3.0833333333333335;76.75;
2018-06-10;9.9;22.7;16.7;5.8;27.4;270.0;0.0;1.9166666666666667;6.583333333333333;3.0;74.25;
2018-06-11;13.8;21.2;17.3;6.1;33.8;270.0;0.0;2.8333333333333335;7.833333333333333;3.0833333333333335;86.95833333333333;
2018-06-12;11.9;25.4;19.1;6.3;35.4;270.0;0.0;2.75;7.75;3.125;90.95833333333333;
2018-06-13;11.7;28.8;21.3;4.7;30.6;270.0;0.0;3.5;8.166666666666666;3.1666666666666665;87.16666666666667;
2018-06-14;12.7;29.9;23.2;3.4;27.4;270.0;0.0;4.333333333333333;9.125;3.0;99.20833333333333;
2018-06-15;13.4;33.5;24.7;4.0;27.4;202.5;0.0;4.791666666666667;9.541666666666666;3.125;113.45833333333333;
2018-06-16;18.3;31.3;24.7;9.7;37.0;135.0;0.0;3.2916666666666665;7.958333333333333;3.0;123.41666666666667;
2018-06-17;18.3;31.5;25.2;10.6;40.2;135.0;0.0;2.5833333333333335;7.625;3.0416666666666665;123.125;
2018-06-18;19.7;31.8;25.2;14.5;46.7;135.0;0.0;2.4166666666666665;7.458333333333333;3.0;100.5;
2018-06-19;19.1;26.8;23.0;24.1;67.6;135.0;0.0;2.2916666666666665;7.5;3.0;96.16666666666667;
2018-06-20;18.6;29.2;23.2;18.8;57.9;135.0;0.0;2.8333333333333335;7.666666666666667;3.0416666666666665;103.33333333333333;
2018-06-21;19.3;30.0;24.2;13.2;46.7;135.0;0.0;2.625;7.666666666666667;3.0416666666666665;113.29166666666667;
2018-06-22;16.3;29.8;23.7;8.4;51.5;135.0;0.0;2.909090909090909;7.590909090909091;3.1818181818181817;109.43478260869566;
2018-06-23;16.1;30.8;24.6;11.9;48.3;135.0;0.0;3.0833333333333335;7.833333333333333;3.0416666666666665;117.33333333333333;
2018-06-24;17.3;32.3;25.8;10.5;38.6;135.0;0.0;3.2916666666666665;7.958333333333333;2.9583333333333335;115.33333333333333;
2018-06-25;16.9;31.2;23.8;7.6;32.2;270.0;0.0;3.625;8.458333333333334;3.0833333333333335;103.25;
2018-06-26;16.7;31.7;23.4;5.8;30.6;270.0;0.0;4.375;9.166666666666666;3.0833333333333335;88.33333333333333;
2018-06-27;16.8;31.2;24.3;4.3;30.6;270.0;0.0;4.75;9.25;2.9583333333333335;83.04166666666667;
2018-06-28;14.4;29.2;22.8;5.8;33.8;270.0;0.0;5.095238095238095;9.619047619047619;3.0952380952380953;78.68181818181819;
2018-06-29;13.2;29.9;22.8;5.5;35.4;135.0;0.0;5.333333333333333;9.958333333333334;3.125;88.45833333333333;
2018-06-30;18.6;26.9;22.6;8.7;35.4;202.5;0.0;3.25;7.958333333333333;3.0;90.58333333333333;
2018-07-01;13.5;25.9;20.6;6.6;37.0;270.0;0.0;2.625;7.208333333333333;3.0416666666666665;63.791666666666664;
2018-07-02;12.0;27.1;20.4;4.0;29.0;270.0;0.0;1.9583333333333333;5.916666666666667;3.0;89.0;
2018-07-03;12.2;32.3;23.6;4.2;30.6;270.0;0.0;3.0833333333333335;7.25;3.125;87.75;
2018-07-04;12.7;27.2;21.7;6.3;32.2;270.0;0.0;2.6666666666666665;6.583333333333333;3.0;86.16666666666667;
2018-07-05;15.7;30.3;23.6;5.0;27.4;270.0;0.0;2.391304347826087;6.260869565217392;3.0869565217391304;92.20833333333333;
2018-07-06;13.4;31.6;24.4;7.9;37.0;135.0;0.0;3.625;7.5;3.0833333333333335;100.08333333333333;
2018-07-07;16.7;32.3;24.9;11.3;40.2;135.0;0.0;2.875;7.375;3.0833333333333335;105.79166666666667;
2018-07-08;15.6;34.1;25.5;6.6;30.6;135.0;0.0;3.6666666666666665;8.166666666666666;3.0;99.29166666666667;
2018-07-09;18.8;35.2;27.1;5.5;33.8;202.5;0.0;4.666666666666667;9.333333333333334;3.1666666666666665;107.29166666666667;
2018-07-10;17.5;33.8;26.7;4.7;33.8;270.0;0.0;5.826086956521739;10.304347826086957;3.0;89.54166666666667;
2018-07-11;13.7;31.8;23.8;4.8;32.2;270.0;0.0;3.7916666666666665;8.0;3.0;83.54166666666667;
2018-07-12;14.3;29.4;22.2;4.7;27.4;270.0;0.0;3.5833333333333335;7.458333333333333;3.0416666666666665;84.58333333333333;
2018-07-13;14.8;31.5;22.5;4.0;22.5;270.0;0.0;4.208333333333333;8.666666666666666;3.0833333333333335;92.29166666666667;
2018-07-14;12.8;30.7;22.8;5.0;32.2;270.0;0.0;2.625;6.583333333333333;3.0;77.66666666666667;
2018-07-15;12.8;26.4;20.3;6.9;40.2;270.0;0.0;1.6956521739130435;5.434782608695652;3.0434782608695654;64.875;
2018-07-16;14.9;29.9;22.7;4.2;27.4;270.0;0.0;;;;88.45833333333333;
2018-07-17;13.7;31.4;23.9;11.6;48.3;135.0;0.0;3.1875;8.125;3.0625;94.83333333333333;
2018-07-18;20.8;33.3;26.7;10.5;43.5;135.0;0.0;3.5;8.25;3.0416666666666665;119.70833333333333;
2018-07-19;15.9;34.3;26.2;3.7;25.7;270.0;0.0;4.333333333333333;8.708333333333334;3.0;94.95833333333333;
2018-07-20;16.8;32.4;25.4;5.3;30.6;270.0;0.0;5.583333333333333;10.083333333333334;3.0416666666666665;86.95833333333333;
2018-07-21;15.6;33.3;25.9;3.7;27.4;270.0;0.0;4.625;9.041666666666666;3.0416666666666665;91.83333333333333;
2018-07-22;14.2;33.6;25.0;5.0;30.6;202.5;0.0;4.75;8.666666666666666;3.0;96.625;
2018-07-23;20.2;31.3;25.2;14.2;45.1;135.0;0.0;6.166666666666667;10.416666666666666;3.0416666666666665;92.66666666666667;
2018-07-24;15.9;33.1;25.3;3.9;25.7;270.0;0.0;6.291666666666667;10.375;2.9166666666666665;87.54166666666667;
2018-07-25;13.4;33.6;24.9;3.9;27.4;270.0;0.0;3.5;7.5;3.125;83.70833333333333;
2018-07-26;13.8;32.8;24.8;3.5;22.5;270.0;0.0;4.875;8.958333333333334;3.0833333333333335;85.79166666666667;
2018-07-27;14.8;34.6;25.9;3.9;35.4;270.0;0.0;6.5;10.583333333333334;2.9583333333333335;97.125;
2018-07-28;15.8;33.9;25.9;4.2;33.8;270.0;0.0;5.0;9.375;3.0416666666666665;87.29166666666667;
2018-07-29;14.8;31.3;23.9;5.6;33.8;270.0;0.0;2.9166666666666665;6.541666666666667;3.1666666666666665;72.75;
2018-07-30;15.0;32.6;24.8;4.0;27.4;270.0;0.0;3.4166666666666665;7.541666666666667;3.0416666666666665;83.66666666666667;
2018-07-31;15.6;35.4;26.3;5.6;33.8;135.0;0.0;3.9583333333333335;7.916666666666667;3.0416666666666665;86.41666666666667;
2018-08-01;24.3;33.3;28.5;16.7;53.1;135.0;0.0;3.8333333333333335;8.708333333333334;3.1666666666666665;113.375;
2018-08-02;23.9;32.6;27.9;22.2;49.9;135.0;0.0;3.375;8.0;3.0;110.79166666666667;
2018-08-03;24.9;38.2;30.9;13.8;40.2;135.0;0.0;3.5;8.25;3.0416666666666665;118.08333333333333;
2018-08-04;22.1;36.4;29.3;9.2;43.5;135.0;0.0;4.875;9.333333333333334;3.0416666666666665;98.04166666666667;
2018-08-05;24.4;35.1;29.4;14.6;40.2;135.0;0.0;3.4583333333333335;8.166666666666666;3.0;110.20833333333333;
2018-08-06;25.3;36.7;30.6;11.7;33.8;135.0;0.0;3.7916666666666665;8.375;3.0416666666666665;130.375;
2018-08-07;25.3;37.7;30.5;8.5;33.8;135.0;0.0;5.111111111111111;9.61111111111111;3.0;128.64705882352942;
2018-08-08;23.3;34.5;28.5;13.8;45.1;135.0;0.0;4.791666666666667;9.291666666666666;3.0833333333333335;126.08333333333333;
2018-08-09;16.9;31.3;25.4;5.0;25.7;270.0;0.0;3.0;6.791666666666667;3.0833333333333335;88.33333333333333;
2018-08-10;14.9;30.0;24.4;10.3;53.1;135.0;0.0;2.7916666666666665;5.833333333333333;3.0;87.45833333333333;
2018-08-11;22.7;31.4;26.2;16.9;49.9;135.0;0.0;3.375;7.375;3.125;100.0;
2018-08-12;21.2;32.2;26.7;14.0;51.5;135.0;0.0;4.125;8.666666666666666;3.0;95.75;
2018-08-13;18.0;33.5;26.7;4.3;32.2;270.0;0.0;5.608695652173913;9.826086956521738;2.9130434782608696;76.27272727272727;
2018-08-14;16.1;33.9;25.9;3.9;30.6;270.0;0.0;3.25;6.958333333333333;3.1666666666666665;81.83333333333333;
2018-08-15;18.9;30.4;24.8;12.6;41.8;135.0;0.0;3.0;6.791666666666667;3.0;95.875;
2018-08-16;17.7;30.2;24.1;7.6;30.6;135.0;0.0;4.083333333333333;8.708333333333334;3.0;88.75;
2018-08-17;17.9;32.6;25.3;6.6;37.0;135.0;0.0;3.9583333333333335;8.208333333333334;3.0416666666666665;85.375;
2018-08-18;21.2;29.8;25.1;17.9;48.3;135.0;0.0;2.1666666666666665;6.041666666666667;3.0416666666666665;101.625;
2018-08-19;21.7;30.4;24.9;22.0;51.5;135.0;0.0;2.0;6.375;2.9583333333333335;106.83333333333333;
2018-08-20;21.4;29.1;24.4;21.4;56.3;135.0;0.0;2.0416666666666665;6.583333333333333;3.0;106.04166666666667;
2018-08-21;20.1;29.3;24.8;16.7;48.3;135.0;0.0;2.0416666666666665;6.791666666666667;3.0;120.45833333333333;
2018-08-22;21.0;31.4;25.8;13.4;43.5;135.0;0.0;2.0833333333333335;6.041666666666667;3.0;123.875;
2018-08-23;18.4;34.8;26.7;5.5;33.8;202.5;0.0;2.4583333333333335;6.208333333333333;3.0;112.70833333333333;
2018-08-24;17.7;36.3;27.3;3.5;27.4;202.5;0.0;3.6666666666666665;7.125;3.0416666666666665;100.16666666666667;
2018-08-25;18.6;35.7;28.1;3.1;30.6;270.0;0.0;4.125;7.625;3.0;100.79166666666667;
2018-08-26;18.0;32.7;26.0;9.8;46.7;135.0;0.0;4.25;7.708333333333333;3.125;102.0;
2018-08-27;22.0;33.4;26.5;15.6;49.9;135.0;0.0;2.8333333333333335;6.541666666666667;3.0;117.0;
2018-08-28;22.5;32.6;27.2;15.1;49.9;135.0;0.0;3.25;8.083333333333334;3.0;113.125;
2018-08-29;17.1;31.1;24.9;4.2;30.6;270.0;0.0;3.0833333333333335;7.041666666666667;3.0416666666666665;89.04166666666667;
2018-08-30;15.9;29.4;23.4;10.0;45.1;135.0;0.0;3.125;6.625;3.0833333333333335;81.66666666666667;
2018-08-31;20.5;30.9;25.2;13.4;43.5;135.0;0.0;3.5;7.958333333333333;3.0833333333333335;93.54166666666667;
2018-09-01;21.7;30.5;25.5;17.7;53.1;135.0;0.0;2.7916666666666665;7.541666666666667;3.0;91.33333333333333;
2018-09-02;22.1;31.9;26.6;20.4;56.3;135.0;0.0;2.5416666666666665;7.5;3.0416666666666665;96.16666666666667;
2018-09-03;18.6;31.9;24.3;7.2;29.0;270.0;0.0;4.333333333333333;8.791666666666666;3.0416666666666665;90.83333333333333;
2018-09-04;14.4;29.4;21.7;4.2;27.4;270.0;0.0;2.2916666666666665;5.958333333333333;3.0;78.5;
2018-09-05;15.7;28.2;21.8;4.2;30.6;270.0;0.0;1.7916666666666667;5.166666666666667;3.0416666666666665;81.83333333333333;
2018-09-06;12.6;28.8;21.6;3.4;32.2;270.0;0.0;2.5;6.083333333333333;3.0833333333333335;85.79166666666667;
2018-09-07;15.8;28.4;22.2;9.2;45.1;135.0;0.0;2.75;6.458333333333333;3.0416666666666665;89.70833333333333;
2018-09-08;17.6;23.2;20.0;4.0;32.2;0.0;1.8;3.6666666666666665;7.375;3.0416666666666665;77.54166666666667;
2018-09-09;15.3;27.6;20.2;5.1;48.3;135.0;0.0;3.7083333333333335;6.375;2.9583333333333335;62.125;
2018-09-10;13.4;28.8;20.9;8.7;40.2;135.0;0.0;3.25;6.125;3.0833333333333335;76.58333333333333;
2018-09-11;19.2;28.8;23.6;14.8;48.3;135.0;0.0;2.4583333333333335;6.625;3.0;102.70833333333333;
2018-09-12;21.4;29.3;24.6;12.9;41.8;135.0;0.0;3.6666666666666665;8.166666666666666;3.0;95.20833333333333;
2018-09-13;16.6;31.5;23.3;3.4;27.4;180.0;0.0;7.791666666666667;11.708333333333334;2.9583333333333335;68.91666666666667;
2018-09-14;17.1;25.3;20.3;5.5;59.5;135.0;29.8;7.8125;11.5;2.6875;62.166666666666664;
2018-09-15;15.1;26.1;19.8;3.4;27.4;135.0;0.8;6.6;10.666666666666666;2.933333333333333;61.458333333333336;
2018-09-16;17.6;28.4;22.4;9.2;40.2;135.0;0.0;4.25;8.416666666666666;3.0833333333333335;84.125;
2018-09-17;20.1;27.2;23.1;14.6;46.7;135.0;0.0;4.0;8.75;3.0;90.16666666666667;
2018-09-18;16.8;31.9;23.8;3.5;29.0;202.5;0.0;6.916666666666667;11.083333333333334;3.0833333333333335;67.54166666666667;
2018-09-19;17.3;31.1;23.9;6.1;33.8;135.0;0.0;6.869565217391305;10.434782608695652;2.9130434782608696;70.375;
2018-09-20;20.3;28.3;23.7;14.8;46.7;135.0;0.0;;;;93.54545454545455;
2018-09-21;15.4;32.2;24.1;5.1;30.6;135.0;0.0;;;;80.54166666666667;
2018-09-22;15.1;30.9;24.2;8.9;41.8;135.0;0.0;;;;79.45833333333333;
2018-09-23;19.7;32.4;25.8;9.2;38.6;180.0;0.0;;;;107.08333333333333;
2018-09-24;20.1;32.9;26.6;7.9;38.6;180.0;0.0;;;;110.29166666666667;
2018-09-25;21.7;28.4;24.7;15.4;49.9;135.0;0.0;;;;91.375;
2018-09-26;21.1;26.4;22.9;21.7;57.9;135.0;0.0;2.1875;5.375;2.375;89.1304347826087;
2018-09-27;19.3;26.7;22.4;14.2;46.7;135.0;0.0;2.0833333333333335;5.833333333333333;2.125;98.16666666666667;
2018-09-28;18.8;24.4;21.0;15.6;40.2;135.0;0.0;2.3333333333333335;5.958333333333333;2.2083333333333335;94.52173913043478;
2018-09-29;17.4;28.0;21.8;11.6;33.8;135.0;0.0;2.3333333333333335;6.083333333333333;2.0833333333333335;96.70833333333333;
2018-09-30;17.3;29.9;22.9;4.0;20.9;180.0;0.0;2.25;5.666666666666667;2.0;91.58333333333333;
2018-10-01;16.1;29.4;23.6;3.2;25.7;270.0;0.0;5.833333333333333;9.208333333333334;2.1666666666666665;83.95833333333333;
2018-10-02;13.7;28.3;21.0;9.3;37.0;135.0;0.0;6.75;10.041666666666666;2.2916666666666665;84.33333333333333;
2018-10-03;17.2;25.2;20.8;13.2;38.6;135.0;0.0;2.7916666666666665;6.416666666666667;2.25;102.58333333333333;
2018-10-04;16.8;26.3;21.4;12.4;38.6;135.0;0.0;3.125;6.833333333333333;2.1666666666666665;96.75;
2018-10-05;18.2;25.3;21.1;15.6;40.2;135.0;0.0;2.875;6.541666666666667;2.1666666666666665;96.79166666666667;
2018-10-06;17.4;28.8;22.0;12.1;35.4;135.0;0.0;2.4583333333333335;6.25;2.125;93.16666666666667;
2018-10-07;11.4;28.4;21.2;5.1;37.0;270.0;0.0;3.625;7.25;2.125;71.41666666666667;
2018-10-08;11.8;26.5;20.2;6.8;32.2;180.0;0.0;3.0952380952380953;6.857142857142857;2.3333333333333335;79.52941176470588;
2018-10-09;15.3;21.8;18.4;12.9;45.1;135.0;0.0;3.5833333333333335;7.291666666666667;2.5;83.45833333333333;
2018-10-10;16.1;22.9;18.7;12.2;35.4;135.0;0.0;2.75;6.375;2.1666666666666665;79.25;
2018-10-11;15.3;23.6;19.2;8.4;33.8;135.0;0.0;3.375;7.0;2.4166666666666665;71.79166666666667;
2018-10-12;11.6;28.2;19.5;2.6;22.5;135.0;0.0;3.7083333333333335;7.541666666666667;2.375;49.333333333333336;
2018-10-13;18.3;25.7;21.3;17.7;53.1;135.0;0.0;2.4583333333333335;6.083333333333333;2.0416666666666665;83.95833333333333;
2018-10-14;12.4;19.0;16.7;14.0;53.1;270.0;0.0;2.125;5.75;2.2916666666666665;79.04166666666667;
2018-10-15;7.3;19.2;12.9;3.9;27.4;270.0;11.2;3.5833333333333335;7.541666666666667;2.5833333333333335;69.33333333333333;
2018-10-16;12.9;19.7;15.6;3.4;22.5;270.0;0.0;4.708333333333333;8.416666666666666;2.7083333333333335;60.208333333333336;
2018-10-17;9.1;24.9;16.7;1.8;17.7;202.5;0.0;7.25;11.791666666666666;3.2916666666666665;55.041666666666664;
2018-10-18;10.1;17.4;13.4;4.5;29.0;45.0;25.4;5.083333333333333;8.833333333333334;2.375;75.08333333333333;
2018-10-19;6.1;18.3;11.7;4.7;37.0;112.5;0.0;4.458333333333333;8.75;2.5833333333333335;55.416666666666664;
2018-10-20;9.4;19.9;13.7;4.3;49.9;45.0;90.6;3.625;7.666666666666667;2.4583333333333335;67.75;
2018-10-21;12.1;15.9;14.2;3.9;46.7;22.5;0.0;3.0833333333333335;6.666666666666667;2.125;67.4090909090909;
2018-10-22;12.6;22.8;17.3;4.2;25.7;135.0;0.0;3.25;6.958333333333333;2.1666666666666665;58.916666666666664;
2018-10-23;16.8;21.2;18.2;12.7;37.0;135.0;0.0;2.7083333333333335;6.416666666666667;2.25;85.75;
2018-10-24;14.7;23.4;18.3;4.0;22.5;135.0;0.0;3.0416666666666665;6.458333333333333;2.0416666666666665;90.16666666666667;
2018-10-25;10.1;24.4;17.0;2.4;24.1;135.0;0.0;5.75;9.833333333333334;2.9166666666666665;53.916666666666664;
2018-10-26;12.0;20.0;15.4;0.8;17.7;45.0;0.0;8.0;11.125;2.4166666666666665;51.041666666666664;
2018-10-27;12.3;18.9;15.2;6.8;43.5;270.0;0.0;3.4166666666666665;7.708333333333333;3.0;71.875;
2018-10-28;6.0;12.3;8.2;8.2;41.8;270.0;2.0;1.7826086956521738;5.826086956521739;2.3043478260869565;68.30434782608695;
2018-10-29;3.6;12.3;8.3;8.7;40.2;270.0;0.0;2.3333333333333335;6.625;2.5;70.29166666666667;
2018-10-30;6.9;11.1;9.1;9.7;45.1;135.0;0.0;2.5833333333333335;6.541666666666667;2.2916666666666665;73.04166666666667;
2018-10-31;5.7;12.3;8.6;7.1;33.8;225.0;15.8;1.8333333333333333;5.625;2.25;77.875;
2018-11-01;6.6;14.7;10.4;4.5;25.7;270.0;0.0;1.9583333333333333;6.083333333333333;2.5;66.91666666666667;
2018-11-02;6.3;15.2;11.5;4.2;29.0;270.0;0.0;3.25;7.416666666666667;2.7083333333333335;60.083333333333336;
2018-11-03;8.9;20.2;14.0;2.1;17.7;45.0;0.0;4.583333333333333;8.583333333333334;2.7916666666666665;55.166666666666664;
2018-11-04;5.8;18.5;12.0;2.6;25.7;270.0;0.0;4.541666666666667;9.041666666666666;3.0416666666666665;41.916666666666664;
2018-11-05;8.8;14.2;11.6;10.5;43.5;247.5;0.8;2.5833333333333335;6.708333333333333;2.75;78.125;
2018-11-06;6.0;15.3;10.2;2.6;24.1;270.0;0.0;4.416666666666667;9.208333333333334;3.0416666666666665;65.95833333333333;
2018-11-07;5.8;17.3;12.1;3.9;27.4;202.5;0.0;4.333333333333333;8.25;2.75;52.708333333333336;
2018-11-08;10.0;17.2;13.0;7.4;38.6;135.0;3.8;3.7916666666666665;8.166666666666666;2.875;58.666666666666664;
2018-11-09;7.7;14.1;10.9;5.5;27.4;270.0;0.0;2.3636363636363638;6.545454545454546;2.727272727272727;76.18181818181819;
2018-11-10;6.5;15.6;11.1;1.6;20.9;270.0;0.0;3.0833333333333335;7.375;2.7916666666666665;65.5;
2018-11-11;12.3;20.2;15.2;5.8;33.8;135.0;0.0;2.375;6.875;2.9166666666666665;71.875;
2018-11-12;7.2;17.4;12.9;3.1;20.9;202.5;0.0;4.2;8.65;3.0;58.5;
2018-11-13;10.6;17.3;13.9;8.4;43.5;135.0;0.0;3.6666666666666665;8.208333333333334;3.0;68.08333333333333;
2018-11-14;11.0;19.4;14.7;5.3;41.8;112.5;0.0;6.208333333333333;10.083333333333334;2.875;63.041666666666664;
2018-11-15;10.3784053518579;18.7449133849011;14.6367887621977;;-999.0;;0.0;3.5454545454545454;8.045454545454545;3.0;66.875;
2018-11-16;9.62148601442956;18.2842301914486;13.9269908227846;;-999.0;;0.0;2.625;7.208333333333333;3.0;75.20833333333333;
2018-11-17;10.4281004377566;17.9242241433517;14.1157823789342;;-999.0;;0.2;2.375;7.208333333333333;2.9583333333333335;74.0;
2018-11-18;11.9405024814949;15.0441757585767;13.3606161543359;;-999.0;;8.4;2.2916666666666665;6.666666666666667;2.7083333333333335;81.41666666666667;
2018-11-19;9.52065921151367;13.4241485421407;11.3783048147653;;-999.0;;7.0;3.125;7.541666666666667;2.9166666666666665;74.25;
2018-11-20;8.71404478818661;14.4141651744072;11.4727005928401;;-999.0;;4.2;1.7083333333333333;6.125;2.75;69.54166666666667;
2018-11-21;9.9;10.6;10.3;1.3;6.4;202.5;0.0;4.0;7.75;2.6666666666666665;55.958333333333336;
2018-11-22;9.1;12.4;10.7;2.6;25.7;135.0;0.0;3.0;7.5;3.0;53.25;
2018-11-23;6.8;13.4;11.0;3.9;25.7;292.5;0.0;2.6666666666666665;6.708333333333333;2.6666666666666665;71.20833333333333;
2018-11-24;3.9;14.4;9.1;1.9;20.9;270.0;0.0;4.25;8.041666666666666;2.75;43.625;
2018-11-25;8.6;16.4;12.9;9.5;45.1;180.0;3.6;1.6666666666666667;5.791666666666667;2.5416666666666665;71.875;
2018-11-26;8.2;15.6;11.1;10.1;46.7;270.0;0.0;1.4583333333333333;5.5;2.5;76.75;
2018-11-27;4.4;15.7;9.2;1.4;11.3;45.0;0.0;6.791666666666667;10.375;2.375;46.708333333333336;
2018-11-28;3.0;18.8;9.6;0.3;6.4;45.0;0.0;10.5;14.5;2.9583333333333335;34.666666666666664;
2018-11-29;3.4;19.9;10.1;1.0;19.3;270.0;0.6;7.375;10.916666666666666;2.5833333333333335;43.916666666666664;
2018-11-30;9.1;13.2;10.7;1.9;24.1;270.0;0.0;3.7083333333333335;8.166666666666666;2.9166666666666665;63.291666666666664;
2018-12-01;6.9;8.7;7.7;0.5;6.4;247.5;0.0;5.958333333333333;9.833333333333334;2.5416666666666665;46.333333333333336;
2018-12-02;4.5;18.5;10.3;0.8;9.7;202.5;0.0;8.833333333333334;12.333333333333334;2.4166666666666665;44.458333333333336;
2018-12-03;5.2;21.8;12.0;0.8;12.9;45.0;0.0;14.291666666666666;18.541666666666668;3.625;27.5;
2018-12-04;6.8;23.2;15.7;3.5;17.7;135.0;0.0;8.625;11.291666666666666;2.3333333333333335;50.625;
2018-12-05;9.7;23.4;16.2;2.6;17.7;202.5;0.0;12.166666666666666;15.291666666666666;2.7083333333333335;49.25;
2018-12-06;5.7;24.3;13.1;0.8;14.5;202.5;0.0;11.833333333333334;14.416666666666666;2.3333333333333335;31.625;
2018-12-07;4.7;20.7;11.6;1.3;19.3;270.0;0.0;10.541666666666666;13.333333333333334;2.625;35.541666666666664;
2018-12-08;5.4;16.9;10.2;1.8;17.7;270.0;0.0;10.458333333333334;12.583333333333334;1.9166666666666667;36.0;
2018-12-09;5.1;20.8;11.6;1.8;17.7;112.5;0.0;9.791666666666666;12.791666666666666;2.25;44.0;
2018-12-10;5.3;20.8;12.5;6.0;37.0;135.0;0.0;8.583333333333334;14.375;4.291666666666667;49.0;
2018-12-11;9.6;16.3;12.5;4.8;22.5;180.0;0.0;3.9047619047619047;8.095238095238095;2.9523809523809526;69.0;
2018-12-12;10.9;15.8;12.8;3.7;20.9;270.0;0.0;4.666666666666667;9.0;3.0;65.08333333333333;
2018-12-13;7.4;13.8;10.6;14.0;66.0;270.0;6.5;2.2916666666666665;6.875;2.9583333333333335;76.5909090909091;
2018-12-14;3.8;10.9;7.6;5.8;35.4;270.0;0.0;3.9583333333333335;7.541666666666667;2.2083333333333335;65.66666666666667;
2018-12-15;1.6;15.1;7.9;1.3;16.1;22.5;0.0;12.5;15.458333333333334;2.6666666666666665;45.708333333333336;
2018-12-16;3.3;14.8;8.9;1.9;25.7;270.0;0.0;11.333333333333334;13.25;1.9166666666666667;50.25;
2018-12-17;5.3;14.7;10.0;9.7;41.8;135.0;0.0;6.291666666666667;10.0;2.75;64.91666666666667;
2018-12-18;9.3;15.9;11.7;13.5;48.3;135.0;0.0;5.916666666666667;9.583333333333334;2.625;68.79166666666667;
2018-12-19;7.9;13.7;10.3;2.7;24.1;270.0;0.0;6.958333333333333;10.791666666666666;2.8333333333333335;48.25;
2018-12-20;5.8;14.7;9.9;3.5;27.4;0.0;0.0;5.125;9.125;2.75;63.083333333333336;
2018-12-21;5.82423327206605;13.9828023565619;10.0170325781855;0.6;6.4;180.0;0.0;7.166666666666667;11.416666666666666;3.0833333333333335;50.125;
2018-12-22;1.17897775067836;15.6899742346458;8.56769730476995;;-999.0;;0.0;6.708333333333333;12.958333333333334;4.375;53.291666666666664;
2018-12-23;1.9987287250409;16.858039203861;9.47353185065469;;-999.0;225.0;0.0;5.041666666666667;8.875;2.4583333333333335;75.16666666666667;
2018-12-24;2.0;19.1;10.1;1.4;17.7;135.0;0.0;6.863636363636363;10.863636363636363;2.909090909090909;51.72727272727273;
2018-12-25;4.1;15.1;10.1;11.1;51.5;135.0;0.0;4.416666666666667;8.625;2.75;62.916666666666664;
2018-12-26;5.3;14.1;11.1;14.2;49.9;135.0;0.0;4.25;8.541666666666666;3.0;68.29166666666667;
2018-12-27;1.1;16.6;7.6;1.0;14.5;292.5;0.0;7.739130434782608;11.347826086956522;2.608695652173913;34.82608695652174;
2018-12-28;0.800000000000001;15.2;7.6;1.6;17.7;202.5;0.0;8.391304347826088;15.08695652173913;4.695652173913044;41.91304347826087;
2018-12-29;3.1;13.6;8.5;2.4;19.3;45.0;0.0;5.916666666666667;10.75;3.3333333333333335;59.333333333333336;
2018-12-30;3.4;14.1;9.4;9.8;41.8;135.0;0.0;3.375;7.583333333333333;2.7916666666666665;64.95833333333333;
2018-12-31;8.5;15.0;10.9;12.9;40.2;135.0;0.0;2.7916666666666665;6.958333333333333;2.6666666666666665;76.0;
2019-01-01;3.5;21.3;11.2;3.4;22.5;135.0;0.0;5.166666666666667;8.5;2.0;65.29166666666667;
2019-01-02;0.199999999999999;18.0;7.9;1.4;17.7;292.5;0.0;7.958333333333333;12.375;3.0833333333333335;41.083333333333336;
2019-01-03;-0.699999999999999;13.5;7.4;10.5;40.2;135.0;0.0;6.833333333333333;11.208333333333334;3.0416666666666665;58.166666666666664;
2019-01-04;4.4;13.3;9.8;8.4;35.4;135.0;0.0;3.7083333333333335;7.916666666666667;2.6666666666666665;77.95833333333333;
2019-01-05;-1.8;18.3;6.6;0.8;11.3;202.5;0.0;6.333333333333333;9.958333333333334;2.4583333333333335;44.541666666666664;
2019-01-06;-1.4;17.4;6.7;3.1;33.8;0.0;0.0;4.916666666666667;9.041666666666666;2.6666666666666665;45.625;
2019-01-07;-1.6;16.5;6.1;1.1;17.7;45.0;0.0;8.916666666666666;12.208333333333334;2.3333333333333335;41.125;
2019-01-08;0.0999999999999996;15.3;7.8;4.0;29.0;135.0;0.0;6.666666666666667;9.75;2.2916666666666665;61.583333333333336;
2019-01-09;-0.800000000000001;16.4;7.2;4.0;37.0;0.0;0.0;9.166666666666666;15.125;4.166666666666667;43.458333333333336;
2019-01-10;0.5;14.9;6.9;2.6;24.1;0.0;0.0;8.217391304347826;12.304347826086957;2.9130434782608696;48.95652173913044;
2019-01-11;-0.300000000000001;11.8;5.4;4.3;25.7;135.0;0.0;8.375;12.208333333333334;2.7916666666666665;53.208333333333336;
2019-01-12;-1.1;11.9;5.5;6.1;37.0;135.0;0.0;3.9166666666666665;7.958333333333333;2.5833333333333335;66.5;
2019-01-13;-2.8;17.1;5.9;1.1;12.9;0.0;0.0;5.208333333333333;9.0;2.5416666666666665;49.625;
2019-01-14;-1.9;16.6;6.6;2.1;20.9;292.5;0.0;8.541666666666666;12.875;3.2083333333333335;47.083333333333336;
2019-01-15;1.7;13.8;6.8;1.8;22.5;180.0;0.0;13.304347826086957;18.130434782608695;3.608695652173913;36.47826086956522;
2019-01-16;5.2;15.1;8.7;1.3;20.9;292.5;0.0;7.5;11.833333333333334;3.3333333333333335;45.583333333333336;
2019-01-17;5.4;12.8;8.3;2.9;22.5;292.5;10.2;5.833333333333333;10.291666666666666;3.1666666666666665;51.625;
2019-01-18;0.5;11.8;6.8;2.1;20.9;270.0;0.0;6.0;10.583333333333334;3.0;44.458333333333336;
2019-01-19;5.6;10.4;8.2;3.7;24.1;270.0;61.0;2.0416666666666665;6.25;2.2083333333333335;64.625;
2019-01-20;7.4;11.3;9.9;10.6;38.6;270.0;0.0;1.875;5.833333333333333;2.2083333333333335;62.833333333333336;
2019-01-21;2.2;12.3;7.6;4.2;25.7;270.0;0.0;4.583333333333333;9.291666666666666;3.0416666666666665;53.916666666666664;
2019-01-22;0.4;11.1;6.3;8.7;43.5;270.0;0.0;4.7272727272727275;9.590909090909092;2.8636363636363638;55.63636363636363;
2019-01-23;7.3;12.3;9.7;13.5;49.9;270.0;0.0;2.625;6.916666666666667;2.5833333333333335;72.16666666666667;
2019-01-24;6.6;14.4;10.9;6.1;30.6;270.0;0.0;3.2083333333333335;7.5;2.75;61.833333333333336;
2019-01-25;3.4;17.8;10.1;3.9;27.4;0.0;0.0;6.0;11.375;3.75;40.583333333333336;
2019-01-26;1.9;19.2;9.9;2.9;30.6;135.0;0.0;5.958333333333333;11.083333333333334;3.5416666666666665;46.416666666666664;
2019-01-27;2.3;13.4;7.8;6.1;35.4;270.0;0.0;3.2916666666666665;7.541666666666667;2.5833333333333335;57.25;
2019-01-28;3.2;12.3;8.4;7.9;40.2;270.0;0.0;2.0;6.166666666666667;2.4166666666666665;71.91666666666667;
2019-01-29;7.9;11.5;9.8;8.5;35.4;270.0;0.0;1.9090909090909092;6.0;2.272727272727273;71.22727272727273;
2019-01-30;8.7;13.4;10.4;10.1;41.8;270.0;12.7;1.5416666666666667;5.625;2.25;72.83333333333333;
2019-01-31;10.3;14.0;11.6;12.2;43.5;225.0;7.6;1.0;4.833333333333333;2.1666666666666665;73.125;
2019-02-01;6.4;12.6;10.2;18.0;77.2;270.0;2.0;1.0;4.791666666666667;2.4166666666666665;81.66666666666667;
2019-02-02;5.1;10.2;7.3;15.8;48.3;270.0;0.0;1.0;4.333333333333333;2.25;84.29166666666667;
2019-02-03;2.6;10.6;6.2;8.2;30.6;270.0;0.0;1.3333333333333333;5.041666666666667;2.1666666666666665;75.41666666666667;
2019-02-04;-1.6;16.7;6.3;1.3;17.7;45.0;0.0;6.05;9.6;2.25;53.26086956521739;
2019-02-05;-0.199999999999999;19.4;8.7;1.4;16.1;270.0;0.0;8.041666666666666;12.708333333333334;3.3333333333333335;45.5;
2019-02-06;1.0;19.4;10.0;3.4;30.6;135.0;0.0;8.291666666666666;12.75;3.25;48.041666666666664;
2019-02-07;2.0;18.7;9.4;1.9;19.3;292.5;0.0;8.583333333333334;13.125;3.4583333333333335;46.041666666666664;
2019-02-08;0.9;19.3;9.4;1.3;17.7;202.5;0.0;8.75;13.0;3.375;45.916666666666664;
2019-02-09;0.632477101103341;17.8464018701201;9.29236494147774;;-999.0;0.0;0.0;5.583333333333333;10.291666666666666;3.125;50.208333333333336;
2019-02-10;0.268143334719994;16.3189322949925;8.38653039559301;;-999.0;;0.2;3.0416666666666665;7.541666666666667;2.7916666666666665;59.583333333333336;
2019-02-11;2.45414593302008;13.2639931447371;7.93361312265064;;-999.0;;0.0;4.5;8.909090909090908;3.090909090909091;63.22727272727273;
2019-02-12;6.27965048004524;15.5102719316896;10.9228671240703;;-999.0;;0.0;4.25;8.708333333333334;3.125;72.0;
2019-02-13;4.64014853132017;13.9828023565619;9.38294839606622;;-999.0;;0.0;2.25;6.625;2.5416666666666665;91.41666666666667;
2019-02-14;7.73698554557863;14.07265350804;10.9228671240703;;-999.0;;0.0;2.1666666666666665;6.666666666666667;2.6666666666666665;97.0;
2019-02-15;8.37456963674949;13.174141993259;10.8322836694818;;-999.0;;0.0;2.2083333333333335;6.625;2.625;97.0;
2019-02-16;9.3764874943037;13.7132489021276;11.6475347607781;;-999.0;;0.0;1.4166666666666667;5.5;2.125;95.79166666666667;
2019-02-17;9.10323716951618;14.2523558109962;11.7381182153665;;-999.0;;0.0;1.375;5.333333333333333;2.2916666666666665;96.70833333333333;
2019-02-18;9.28540405270786;14.4320581139524;11.9192851245435;;-999.0;;0.0;1.0;5.0;2.111111111111111;93.71428571428571;
2019-02-19;8.19240275355781;14.7016115683867;11.4663678516011;;-999.0;;0.0;4.0;8.307692307692308;3.0;79.54545454545455;
2019-02-20;6.73506768802442;15.4204207802115;11.1040340332472;;-999.0;;0.0;2.8333333333333335;7.291666666666667;2.9583333333333335;96.45833333333333;
2019-02-21;7.64590210398279;14.8813138713429;11.2852009424242;;-999.0;;0.0;2.0416666666666665;6.583333333333333;2.75;104.79166666666667;
2019-02-22;9.19432061111202;14.7016115683867;12.009868579132;;-999.0;;0.0;2.5833333333333335;6.916666666666667;2.5833333333333335;94.08333333333333;
2019-02-23;6.27965048004524;17.3072949612515;11.828701669955;;-999.0;;0.0;3.9166666666666665;8.916666666666666;3.25;59.791666666666664;
2019-02-24;1.54331151706171;18.655062233423;10.1981994873625;;-999.0;;0.0;2.1666666666666665;6.458333333333333;2.5833333333333335;80.66666666666667;
2019-02-25;1.63439495865755;17.3971461127296;9.65469875983164;;-999.0;;0.0;1.0;4.5;2.5;108.29166666666667;
2019-02-26;8.92107028632451;15.0610161742991;12.009868579132;;-999.0;;0.0;1.0;4.2727272727272725;2.6363636363636362;109.77272727272727;
2019-02-27;8.55673651994116;16.4986345979486;12.5533693066628;;-999.0;;0.0;1.5416666666666667;4.333333333333333;3.0;94.0;
2019-02-28;6.82615112962026;19.3738714452478;13.1874534887821;;-999.0;;0.0;1.25;4.916666666666667;2.4166666666666665;70.625;
2019-03-01;3.2;19.8;11.2;3.1;24.1;270.0;0.0;1.2083333333333333;4.208333333333333;2.7916666666666665;67.54166666666667;
2019-03-02;3.7;18.9;11.2;2.3;22.5;270.0;0.0;1.0;3.5;2.9166666666666665;76.16666666666667;
2019-03-03;3.3;22.9;13.0;3.9;27.4;135.0;0.0;1.0;3.2916666666666665;2.875;68.91666666666667;
2019-03-04;4.3;18.0;12.3;5.6;33.8;270.0;0.0;1.0416666666666667;3.5833333333333335;2.7916666666666665;62.0;
2019-03-05;10.9;19.8;14.3;2.3;24.1;270.0;0.0;1.0;2.909090909090909;2.909090909090909;59.54545454545455;
2019-03-06;8.8;15.4;12.6;13.8;62.8;180.0;22.9;;;;74.08333333333333;
2019-03-07;4.3;14.8;9.6;3.9;27.4;270.0;0.0;;;;75.5;
2019-03-08;3.5;16.7;10.6;3.4;25.7;0.0;0.0;;;;65.08333333333333;
2019-03-09;2.4;20.1;11.6;3.2;19.3;202.5;0.0;;;;65.70833333333333;
2019-03-10;3.2;23.8;14.3;1.8;19.3;292.5;0.0;;;;78.20833333333333;
2019-03-11;5.7;25.4;15.7;3.5;24.1;180.0;0.0;;;;68.58333333333333;
2019-03-12;10.6;23.9;16.6;9.5;35.4;180.0;0.0;;;;101.25;
2019-03-13;8.3;18.3;13.6;5.5;41.8;292.5;0.0;;;;74.20833333333333;
2019-03-14;4.3;20.7;12.1;3.5;30.6;135.0;0.0;;;;65.625;
2019-03-15;4.0;22.5;14.3;7.2;33.8;135.0;0.0;;;;82.95833333333333;
2019-03-16;8.2;23.4;17.1;10.0;38.6;135.0;0.0;;;;97.95833333333333;
2019-03-17;2.6;22.0;13.6;4.7;32.2;270.0;0.0;;;;67.83333333333333;
2019-03-18;6.2;17.8;12.9;9.7;40.2;135.0;0.0;;;;83.08333333333333;
2019-03-19;7.3;18.0;13.0;8.5;41.8;0.0;0.0;;;;89.63636363636364;
2019-03-20;8.8;14.3;11.2;16.4;53.1;135.0;0.0;;;;100.16666666666667;
2019-03-21;4.7;14.6;10.1;9.7;41.8;135.0;0.0;;;;105.16666666666667;
2019-03-22;5.7;15.7;11.2;12.4;40.2;135.0;0.0;;;;112.83333333333333;
2019-03-23;8.7;16.2;12.1;16.4;53.1;90.0;0.0;;;;112.91666666666667;
2019-03-24;10.5;17.3;13.2;14.5;49.9;135.0;0.0;;;;100.29166666666667;
2019-03-25;6.0;19.3;13.4;11.6;48.3;135.0;0.0;;;;94.29166666666667;
2019-03-26;11.9;19.5;14.8;20.3;54.7;135.0;0.0;;;;111.58333333333333;
2019-03-27;10.1;16.6;12.5;21.2;56.3;135.0;0.0;;;;115.0;
2019-03-28;9.2;16.1;12.0;22.0;53.1;112.5;0.0;;;;118.41666666666667;
2019-03-29;9.9;15.4;12.2;24.9;61.2;135.0;0.0;;;;120.0;
2019-03-30;10.2;15.6;12.3;23.3;56.3;135.0;0.0;;;;117.04166666666667;
2019-03-31;10.6;18.3;12.9;4.3;37.0;135.0;20.0;;;;90.45833333333333;
2019-04-01;8.2;15.8;11.7;3.5;25.7;135.0;21.0;;;;73.66666666666667;
2019-04-02;5.2;19.7;11.9;1.9;17.7;45.0;0.0;22.818181818181817;22.727272727272727;1.0909090909090908;62.59090909090909;
2019-04-03;6.4;20.0;13.8;4.2;37.0;270.0;0.0;11.5;14.25;2.4166666666666665;67.83333333333333;
2019-04-04;6.9;17.0;12.0;9.2;38.6;270.0;0.0;14.791666666666666;15.666666666666666;1.3333333333333333;98.5;
2019-04-05;6.9;11.8;9.3;11.9;48.3;247.5;10.1;13.291666666666666;14.791666666666666;1.625;95.16666666666667;
2019-04-06;6.6;12.5;8.8;12.6;56.3;247.5;12.2;1.4583333333333333;4.958333333333333;2.0;90.375;
2019-04-07;8.2;13.1;10.8;8.9;35.4;270.0;0.0;13.625;15.5;1.7916666666666667;88.75;
2019-04-08;10.3;16.7;12.8;9.5;41.8;225.0;0.0;17.583333333333332;17.25;1.0416666666666667;73.20833333333333;
2019-04-09;7.3;15.8;11.7;8.5;41.8;270.0;0.0;2.6818181818181817;6.318181818181818;2.0;93.63636363636364;
2019-04-10;7.2;15.8;11.7;8.4;35.4;270.0;0.0;11.083333333333334;13.458333333333334;2.0;91.75;
2019-04-11;7.9;18.7;13.2;5.5;27.4;270.0;0.0;13.333333333333334;13.916666666666666;1.25;93.25;
2019-04-12;4.7;20.2;13.9;3.2;25.7;270.0;0.0;7.625;10.75;2.3333333333333335;83.91666666666667;
2019-04-13;4.9;21.9;14.8;3.4;27.4;270.0;0.0;16.625;16.75;1.125;91.5;
2019-04-14;6.8;25.8;17.6;1.8;19.3;270.0;0.0;18.875;18.541666666666668;1.0;78.16666666666667;
2019-04-15;13.4;26.4;18.7;8.9;43.5;247.5;0.0;5.75;8.75;2.0833333333333335;90.54166666666667;
2019-04-16;7.3;22.8;15.8;9.3;45.1;135.0;0.0;13.0;14.08695652173913;1.434782608695652;95.56521739130434;
2019-04-17;12.9;17.8;14.9;17.1;61.2;135.0;2.0;8.608695652173912;11.565217391304348;2.217391304347826;113.95833333333333;
2019-04-18;7.3;17.2;12.2;5.1;33.8;270.0;4.8;;;;94.25;
2019-04-19;6.3;19.1;11.3;3.2;27.4;270.0;6.3;;;;73.83333333333333;
2019-04-20;6.6;18.1;11.2;3.7;33.8;22.5;13.0;;;;78.08333333333333;
2019-04-21;9.6;15.9;12.3;4.5;25.7;0.0;0.0;;;;81.375;
2019-04-22;9.8;20.2;14.5;9.2;41.8;270.0;0.0;;;;107.45833333333333;
2019-04-23;8.5;14.6;11.6;11.6;46.7;247.5;7.1;8.7;10.0;3.0;104.04545454545455;
2019-04-24;6.7;16.1;12.0;14.3;51.5;202.5;5.6;13.083333333333334;13.416666666666666;2.4166666666666665;81.75;
2019-04-25;10.9;16.7;13.3;8.0;38.6;247.5;0.0;13.958333333333334;14.083333333333334;2.8333333333333335;86.125;
2019-04-26;8.1;19.1;13.3;5.6;29.0;0.0;0.0;13.0;13.25;2.5833333333333335;86.83333333333333;
2019-04-27;5.8;21.1;14.4;11.3;45.1;135.0;0.0;14.916666666666666;15.0;2.75;83.625;
2019-04-28;13.2;22.1;17.3;16.7;45.1;135.0;0.0;13.166666666666666;13.5;2.8333333333333335;107.5;
2019-04-29;14.2;22.6;17.9;13.5;40.2;135.0;0.0;14.625;15.0;2.9166666666666665;107.70833333333333;
2019-04-30;11.0;26.7;19.1;7.7;25.7;135.0;0.0;16.0;16.375;2.8333333333333335;102.83333333333333;
2019-05-01;12.4;23.8;18.1;12.7;38.6;135.0;0.0;3.875;7.458333333333333;3.8333333333333335;100.79166666666667;
2019-05-02;11.9;24.7;18.2;12.7;49.9;135.0;0.0;14.708333333333334;15.041666666666666;3.0;108.08333333333333;
2019-05-03;12.0;25.6;19.0;8.2;38.6;270.0;0.0;3.9166666666666665;7.916666666666667;3.9583333333333335;109.125;
2019-05-04;13.3;22.2;17.3;5.1;25.7;270.0;0.0;14.583333333333334;15.041666666666666;2.9583333333333335;93.33333333333333;
2019-05-05;12.8;23.9;17.4;4.7;29.0;270.0;0.0;3.9166666666666665;7.583333333333333;3.9166666666666665;85.20833333333333;
2019-05-06;9.3;25.6;17.2;4.0;32.2;270.0;0.0;16.25;16.791666666666668;3.0;84.33333333333333;
2019-05-07;8.3;26.3;18.3;3.7;27.4;270.0;0.0;6.041666666666667;8.666666666666666;3.5416666666666665;83.25;
2019-05-08;11.8;21.8;17.1;6.8;38.6;270.0;0.0;13.583333333333334;14.208333333333334;2.9166666666666665;69.66666666666667;
2019-05-09;13.2;22.4;17.7;4.8;24.1;270.0;0.0;2.8333333333333335;7.416666666666667;4.0;63.916666666666664;
2019-05-10;10.3;28.2;20.4;3.5;30.6;270.0;0.0;17.666666666666668;18.416666666666668;3.0833333333333335;62.166666666666664;
2019-05-11;12.6;32.4;22.8;4.8;30.6;202.5;0.0;4.75;7.833333333333333;3.6666666666666665;82.875;
2019-05-12;16.3;25.6;21.1;20.1;61.2;135.0;0.0;10.625;11.083333333333334;2.9583333333333335;104.5;
2019-05-13;14.7;27.6;20.3;17.1;57.9;135.0;0.0;3.3333333333333335;7.708333333333333;3.9583333333333335;109.375;
2019-05-14;14.7;22.7;18.4;25.1;70.8;135.0;0.0;8.125;10.083333333333334;3.375;119.54166666666667;
2019-05-15;9.7;31.7;23.3;4.0;25.7;270.0;0.0;5.583333333333333;9.291666666666666;3.7916666666666665;102.125;
2019-05-16;13.2;29.2;21.7;11.4;46.7;225.0;0.0;13.458333333333334;14.5;3.125;106.08333333333333;
2019-05-17;10.6;20.6;15.9;12.6;48.3;270.0;0.0;2.6818181818181817;7.2272727272727275;3.9545454545454546;93.63636363636364;
2019-05-18;10.4;20.7;15.5;12.2;41.8;270.0;0.0;8.625;9.083333333333334;2.9166666666666665;89.54166666666667;
2019-05-19;11.6;21.9;16.5;9.5;38.6;270.0;0.0;3.0;7.5;4.0;87.33333333333333;
2019-05-20;9.7;24.5;18.6;5.3;35.4;270.0;0.0;12.958333333333334;13.583333333333334;2.9583333333333335;78.16666666666667;
2019-05-21;9.7;26.1;19.6;4.0;27.4;270.0;0.0;4.208333333333333;7.958333333333333;3.8333333333333335;84.625;
2019-05-22;14.1;25.8;20.2;11.6;35.4;135.0;0.0;14.0;14.416666666666666;2.9583333333333335;105.625;
2019-05-23;15.1;28.8;22.4;7.2;30.6;135.0;0.0;4.666666666666667;8.333333333333334;3.8333333333333335;102.16666666666667;
2019-05-24;12.8;27.8;21.4;5.8;32.2;270.0;0.0;16.291666666666668;16.75;3.0;89.875;
2019-05-25;15.1;26.8;19.9;11.1;38.6;135.0;0.0;3.3333333333333335;7.416666666666667;3.9166666666666665;115.125;
2019-05-26;14.3;29.1;21.0;6.8;32.2;180.0;0.0;12.333333333333334;12.75;2.9583333333333335;111.0;
2019-05-27;11.1;32.1;23.6;3.2;29.0;270.0;0.0;6.583333333333333;9.041666666666666;3.4166666666666665;90.33333333333333;
2019-05-28;15.4;32.7;25.9;3.9;33.8;270.0;0.0;19.291666666666668;19.875;3.0833333333333335;87.79166666666667;
2019-05-29;16.0;25.9;20.6;19.0;53.1;135.0;0.0;12.904761904761905;13.571428571428571;3.0;107.42857142857143;
2019-05-30;14.8;22.6;18.2;25.1;61.2;135.0;0.0;7.708333333333333;8.166666666666666;2.9583333333333335;95.5;
2019-05-31;14.2;25.4;20.0;18.7;56.3;135.0;0.0;9.75;10.333333333333334;3.0;98.8695652173913;
2019-06-01;15.9;25.2;20.4;21.7;61.2;135.0;0.0;9.0;9.458333333333334;2.875;111.54166666666667;
2019-06-02;17.3;27.8;21.9;18.0;45.1;135.0;0.0;7.041666666666667;9.0;3.4166666666666665;119.04166666666667;
2019-06-03;15.6;30.9;23.6;11.9;41.8;135.0;0.0;15.083333333333334;15.666666666666666;2.9583333333333335;115.0;
2019-06-04;11.5;30.1;22.9;7.2;35.4;270.0;0.0;13.782608695652174;14.391304347826088;3.0;84.41666666666667;
2019-06-05;13.9;23.0;18.4;10.9;37.0;270.0;0.0;5.916666666666667;8.875;3.75;86.45833333333333;
2019-06-06;9.9;26.7;18.9;5.3;40.2;270.0;0.0;13.041666666666666;13.583333333333334;2.875;93.41666666666667;
2019-06-07;13.6;24.7;18.5;5.8;25.7;270.0;0.0;11.208333333333334;11.958333333333334;2.9583333333333335;90.45833333333333;
2019-06-08;10.7;25.2;18.9;15.6;53.1;135.0;0.0;8.25;9.708333333333334;3.25;97.29166666666667;
2019-06-09;16.3;25.6;20.8;9.0;40.2;135.0;0.0;12.083333333333334;12.375;2.9583333333333335;101.08333333333333;
2019-06-10;14.2;25.7;20.1;6.9;33.8;270.0;0.0;11.708333333333334;12.291666666666666;3.0;93.45833333333333;
2019-06-11;10.1;25.9;19.3;6.9;35.4;270.0;0.0;8.791666666666666;9.458333333333334;3.0;89.91666666666667;
2019-06-12;14.1;23.4;19.1;19.3;62.8;135.0;0.0;10.954545454545455;11.818181818181818;2.9545454545454546;101.04347826086956;
2019-06-13;14.4;25.3;19.7;13.0;40.2;135.0;0.0;13.5;14.0;2.9583333333333335;95.54166666666667;
2019-06-14;13.6;21.9;18.2;10.1;38.6;270.0;0.0;8.375;8.916666666666666;2.8333333333333335;92.29166666666667;
2019-06-15;8.0;17.8;11.9;2.6;27.4;22.5;0.0;12.958333333333334;13.375;2.9166666666666665;93.54166666666667;
2019-06-16;17.4;25.9;22.9;19.0;48.3;135.0;0.0;15.125;15.583333333333334;3.0;105.375;
2019-06-17;10.1;28.8;21.4;9.2;37.0;135.0;0.0;11.0;11.541666666666666;2.9583333333333335;110.08333333333333;
2019-06-18;11.9;28.3;21.2;5.6;35.4;270.0;0.0;15.5;16.0;3.0416666666666665;90.29166666666667;
2019-06-19;14.4;28.1;20.8;6.0;29.0;270.0;0.0;14.541666666666666;14.958333333333334;3.0;66.54166666666667;
2019-06-20;12.5;26.1;20.3;6.6;30.6;270.0;0.0;8.541666666666666;9.083333333333334;2.9583333333333335;69.79166666666667;
2019-06-21;13.1;29.0;21.9;3.7;27.4;270.0;0.0;15.666666666666666;16.125;3.0;84.45833333333333;
2019-06-22;14.2;28.4;22.1;14.0;45.1;135.0;0.0;15.583333333333334;16.041666666666668;3.0;91.83333333333333;
2019-06-23;15.8;29.5;23.2;9.2;37.0;135.0;0.0;9.458333333333334;9.875;2.9583333333333335;90.75;
2019-06-24;17.1;31.7;24.2;4.5;27.4;270.0;0.0;17.541666666666668;17.833333333333332;2.9583333333333335;84.75;
2019-06-25;16.7;32.7;24.8;5.6;32.2;135.0;0.0;21.041666666666668;22.875;4.0;75.08333333333333;
2019-06-26;17.7;32.4;24.8;7.4;29.0;135.0;0.0;19.416666666666668;19.875;3.0;86.58333333333333;
2019-06-27;16.1;31.9;24.4;5.8;35.4;135.0;0.0;18.476190476190474;18.904761904761905;3.0;82.19047619047619;
2019-06-28;16.8;31.4;25.4;11.1;49.9;135.0;0.0;5.75;8.375;3.625;91.29166666666667;
2019-06-29;18.3;33.8;27.4;8.7;38.6;135.0;0.0;3.8333333333333335;7.291666666666667;3.8333333333333335;114.83333333333333;
2019-06-30;17.2;34.3;26.4;4.3;24.1;270.0;0.0;4.25;8.083333333333334;4.0;99.79166666666667;
2019-07-01;17.3;31.8;24.9;5.3;30.6;270.0;0.0;4.904761904761905;7.428571428571429;3.4761904761904763;75.47826086956522;
2019-07-02;15.4;31.8;24.3;4.7;33.8;135.0;0.0;5.291666666666667;8.541666666666666;3.8333333333333335;95.83333333333333;
2019-07-03;16.5;29.8;23.6;9.8;37.0;135.0;0.0;4.041666666666667;7.958333333333333;4.0;101.375;
2019-07-04;15.3;29.6;22.4;7.2;40.2;135.0;0.0;4.083333333333333;7.541666666666667;3.875;89.95833333333333;
2019-07-05;14.4;32.9;24.6;4.0;24.1;270.0;0.0;4.125;7.541666666666667;3.8333333333333335;88.875;
2019-07-06;16.8;31.4;25.1;3.4;27.4;270.0;0.0;4.666666666666667;8.083333333333334;3.8333333333333335;73.70833333333333;
2019-07-07;16.8;31.2;24.3;6.1;33.8;270.0;0.0;3.4166666666666665;7.458333333333333;4.0;78.5;
2019-07-08;13.7;26.2;20.9;7.1;45.1;270.0;0.0;7.791666666666667;10.416666666666666;3.5416666666666665;83.1304347826087;
2019-07-09;13.1;29.2;22.3;4.3;27.4;292.5;0.0;3.75;7.291666666666667;3.8333333333333335;89.70833333333333;
2019-07-10;14.7;30.6;23.9;9.5;45.1;135.0;0.0;16.083333333333332;16.541666666666668;2.9583333333333335;91.66666666666667;
2019-07-11;20.7;32.1;26.7;15.4;51.5;135.0;0.0;2.4583333333333335;6.5;3.75;124.33333333333333;
2019-07-12;18.8;34.1;27.1;8.5;40.2;135.0;0.0;16.416666666666668;16.75;2.875;113.91666666666667;
2019-07-13;18.2;32.1;24.7;6.9;30.6;270.0;0.0;3.3333333333333335;7.208333333333333;3.8333333333333335;79.5;
2019-07-14;16.3;31.0;24.3;6.3;33.8;270.0;0.0;6.666666666666667;8.625;3.2916666666666665;76.95833333333333;
2019-07-15;17.5;34.3;26.9;3.7;25.7;270.0;0.0;5.318181818181818;8.227272727272727;3.727272727272727;81.69565217391305;
2019-07-16;16.6;31.0;25.1;9.0;45.1;135.0;0.0;17.541666666666668;17.875;3.0;85.41666666666667;
2019-07-17;16.8;29.6;24.1;5.8;33.8;270.0;0.0;4.291666666666667;7.75;3.8333333333333335;86.29166666666667;
2019-07-18;15.9;32.1;24.7;7.1;37.0;135.0;0.0;16.333333333333332;16.708333333333332;2.875;91.33333333333333;
2019-07-19;20.7;31.8;26.8;12.7;54.7;135.0;0.0;3.375;7.708333333333333;4.0;108.91666666666667;
2019-07-20;20.6;37.7;29.0;6.0;29.0;180.0;0.0;11.333333333333334;11.833333333333334;3.0;110.125;
2019-07-21;21.2;35.3;28.1;8.7;46.7;135.0;0.0;3.7916666666666665;7.458333333333333;3.875;102.70833333333333;
2019-07-22;21.1;32.9;26.2;12.4;53.1;135.0;0.0;14.761904761904763;15.047619047619047;3.0;103.45454545454545;
2019-07-23;22.7;34.3;28.4;14.8;51.5;135.0;0.0;3.3333333333333335;7.333333333333333;3.9583333333333335;112.91666666666667;
2019-07-24;18.2;34.0;27.5;12.1;49.9;135.0;0.0;20.291666666666668;20.5;2.875;106.95833333333333;
2019-07-25;20.2;34.0;28.0;8.9;37.0;135.0;0.0;3.7142857142857144;7.0;3.619047619047619;114.22727272727273;
2019-07-26;17.7;29.7;24.7;7.9;38.6;270.0;0.0;3.5416666666666665;7.0;3.75;77.75;
2019-07-27;17.1;26.6;22.0;9.3;40.2;270.0;0.0;1.5833333333333333;5.458333333333333;3.7083333333333335;61.208333333333336;
2019-07-28;17.4;31.9;24.0;5.0;33.8;270.0;0.0;1.6666666666666667;5.625;3.4583333333333335;63.0;
2019-07-29;15.9;32.8;25.3;4.2;25.7;270.0;0.0;3.2916666666666665;6.958333333333333;3.6666666666666665;78.54166666666667;
2019-07-30;17.1;35.1;27.0;4.5;37.0;0.0;0.0;3.3333333333333335;7.291666666666667;3.8333333333333335;91.95833333333333;
2019-07-31;21.0;29.1;24.6;18.5;53.1;135.0;0.0;2.1666666666666665;6.083333333333333;3.8333333333333335;99.27272727272727;
2019-08-01;21.1;34.0;27.2;16.7;53.1;135.0;0.0;1.9166666666666667;5.583333333333333;3.7083333333333335;102.20833333333333;
2019-08-02;17.2;36.4;27.9;22.2;49.9;270.0;0.0;4.625;8.083333333333334;3.5416666666666665;96.20833333333333;
2019-08-03;19.7;35.4;27.3;13.8;40.2;270.0;0.0;2.7916666666666665;6.75;3.625;99.33333333333333;
2019-08-04;19.1;35.2;28.0;9.2;43.5;270.0;0.0;2.875;6.833333333333333;3.7916666666666665;90.375;
2019-08-05;18.2;35.8;28.4;14.6;40.2;270.0;0.0;4.416666666666667;7.958333333333333;3.7083333333333335;92.95833333333333;
2019-08-06;16.6;37.2;28.3;11.7;33.8;270.0;0.0;4.125;7.583333333333333;3.6666666666666665;86.625;
2019-08-07;16.3;33.7;26.6;8.5;33.8;270.0;0.0;3.7083333333333335;7.166666666666667;3.75;84.54166666666667;
2019-08-08;16.9;37.2;27.7;13.8;45.1;270.0;0.0;3.9130434782608696;7.304347826086956;3.652173913043478;80.17391304347827;
2019-08-09;15.6;33.8;26.2;5.0;25.7;270.0;0.0;3.1666666666666665;6.791666666666667;3.8333333333333335;54.333333333333336;
2019-08-10;19.8;35.0;27.2;10.3;53.1;270.0;0.0;1.9583333333333333;5.916666666666667;3.6666666666666665;56.875;
2019-08-11;17.3;30.9;25.3;16.9;49.9;270.0;0.0;2.0833333333333335;5.958333333333333;3.8333333333333335;86.95833333333333;
2019-08-12;18.4;31.5;24.7;14.0;51.5;270.0;0.0;2.25;6.333333333333333;3.8333333333333335;94.16666666666667;
2019-08-13;20.7;31.8;25.4;4.3;32.2;135.0;0.0;2.25;5.916666666666667;3.625;95.29166666666667;
2019-08-14;21.4;32.8;26.1;3.9;30.6;135.0;0.0;2.0476190476190474;5.714285714285714;3.761904761904762;89.0909090909091;
2019-08-15;18.8;35.0;27.7;12.6;41.8;135.0;0.0;2.75;6.375;3.6666666666666665;87.45833333333333;
2019-08-16;19.9;34.8;28.3;7.6;30.6;135.0;0.0;2.4583333333333335;6.5;3.875;96.25;
2019-08-17;18.3;35.7;28.4;6.6;37.0;135.0;0.0;3.2083333333333335;6.958333333333333;3.875;88.83333333333333;
2019-08-18;17.3;35.3;27.9;17.9;48.3;270.0;0.0;3.625;6.875;3.7916666666666665;80.54166666666667;
2019-08-19;16.6;34.3;26.2;22.0;51.5;270.0;0.0;3.875;7.208333333333333;3.875;68.08333333333333;
2019-08-20;16.4;33.9;25.8;21.4;56.3;135.0;0.0;3.782608695652174;7.608695652173913;3.782608695652174;89.34782608695652;
2019-08-21;22.3;28.4;24.8;16.7;48.3;135.0;0.0;1.7916666666666667;5.583333333333333;3.7916666666666665;85.54166666666667;
2019-08-22;21.4;27.3;23.7;13.4;43.5;135.0;0.0;2.0833333333333335;5.958333333333333;3.7083333333333335;99.33333333333333;
2019-08-23;20.3;28.8;24.2;5.5;33.8;135.0;0.0;1.7916666666666667;5.416666666666667;3.7916666666666665;107.25;
2019-08-24;20.8;29.4;24.4;3.5;27.4;135.0;0.0;2.1666666666666665;6.375;3.7916666666666665;113.45833333333333;
2019-08-25;20.4;27.3;23.5;3.1;30.6;135.0;0.0;2.0416666666666665;5.875;3.625;89.45833333333333;
2019-08-26;20.7;27.4;23.6;9.8;46.7;135.0;18.7;1.7916666666666667;5.75;3.5;96.83333333333333;
2019-08-27;17.7;28.9;22.7;15.6;49.9;0.0;0.0;3.9545454545454546;7.818181818181818;3.909090909090909;84.04545454545455;
2019-08-28;16.5;32.3;25.1;14.1;49.9;135.0;0.0;4.208333333333333;7.041666666666667;3.25;92.25;
2019-08-29;22.7;30.1;25.8;4.2;30.6;135.0;0.0;1.9166666666666667;5.875;3.4583333333333335;107.375;
2019-08-30;21.5;31.6;26.3;10.0;45.1;135.0;0.0;1.9166666666666667;5.708333333333333;3.25;106.875;
2019-08-31;21.7;32.9;26.7;13.4;43.5;135.0;0.0;2.0;5.791666666666667;3.4583333333333335;102.83333333333333;
2019-09-01;18.9;34.3;27.1;5.6;38.6;135.0;0.0;2.7083333333333335;6.458333333333333;3.5416666666666665;89.41666666666667;
2019-09-02;16.9;30.3;24.8;12.4;56.3;135.0;0.0;5.541666666666667;8.75;3.7083333333333335;84.79166666666667;
2019-09-03;21.1;30.8;25.6;16.7;46.7;135.0;0.0;1.7916666666666667;5.541666666666667;3.7083333333333335;108.29166666666667;
2019-09-04;20.5;32.0;25.1;8.5;33.8;135.0;0.0;3.1666666666666665;7.208333333333333;3.9583333333333335;102.875;
2019-09-05;19.2;31.6;24.5;10.6;48.3;135.0;0.0;4.791666666666667;7.75;3.2916666666666665;84.375;
2019-09-06;21.1;28.3;23.9;20.1;54.7;135.0;0.0;1.5416666666666667;5.375;3.4583333333333335;100.375;
2019-09-07;20.2;27.7;23.1;20.8;53.1;135.0;0.2;1.3333333333333333;5.166666666666667;3.625;98.125;
2019-09-08;18.6;26.8;21.9;9.0;35.4;135.0;1.4;2.2916666666666665;6.083333333333333;3.375;88.375;
2019-09-09;17.5;30.0;24.1;4.2;27.4;270.0;0.0;4.75;7.833333333333333;3.5;90.20833333333333;
2019-09-10;15.4;25.0;20.8;9.5;40.2;270.0;0.0;3.2083333333333335;7.375;3.625;84.91666666666667;
2019-09-11;15.0;24.4;19.9;16.3;54.7;0.0;0.0;2.875;7.166666666666667;3.9166666666666665;83.16666666666667;
2019-09-12;14.6;24.8;19.5;6.8;35.4;22.5;0.0;3.3333333333333335;7.208333333333333;3.7916666666666665;91.33333333333333;
2019-09-13;15.9;25.4;19.8;6.9;45.1;45.0;17.4;3.5416666666666665;6.916666666666667;3.4583333333333335;96.20833333333333;
2019-09-14;14.8;23.8;18.8;5.0;24.1;45.0;9.4;3.25;7.291666666666667;3.6666666666666665;88.25;
2019-09-15;19.9;27.8;22.3;0.8;17.7;135.0;5.4;3.25;7.333333333333333;3.8333333333333335;80.75;
2019-09-16;17.7;29.9;22.5;1.4;27.4;135.0;0.0;4.75;8.583333333333334;3.9166666666666665;77.29166666666667;
2019-09-17;18.3;26.1;21.8;5.5;38.6;135.0;0.2;3.125;7.208333333333333;3.8333333333333335;86.41666666666667;
2019-09-18;15.0;28.2;21.8;0.6;16.1;0.0;0.0;6.2272727272727275;9.227272727272727;3.772727272727273;74.0909090909091;
2019-09-19;14.2;28.2;21.6;4.0;27.4;135.0;0.0;7.416666666666667;11.041666666666666;4.291666666666667;75.41666666666667;
2019-09-20;19.5;23.5;21.2;13.0;41.8;135.0;0.0;2.625;6.458333333333333;3.4166666666666665;86.16666666666667;
2019-09-21;17.4;24.7;20.5;2.3;22.5;135.0;0.0;3.75;7.0;3.625;64.58333333333333;
2019-09-22;14.5;24.4;19.7;2.6;32.2;270.0;0.0;4.583333333333333;7.333333333333333;3.4583333333333335;53.333333333333336;
2019-09-23;11.6;27.6;19.8;1.0;20.9;0.0;0.0;6.875;9.458333333333334;3.6666666666666665;73.41666666666667;
2019-09-24;11.6;30.9;21.9;1.1;20.9;270.0;0.0;7.125;10.875;4.125;76.79166666666667;
2019-09-25;16.4;28.2;22.5;1.8;22.5;270.0;0.0;4.041666666666667;7.625;3.6666666666666665;72.0;
2019-09-26;11.3;29.2;21.0;4.0;32.2;135.0;0.0;7.458333333333333;11.416666666666666;4.083333333333333;76.70833333333333;
2019-09-27;12.8;31.1;22.7;0.8;33.8;270.0;0.0;6.166666666666667;9.25;3.7916666666666665;82.75;
2019-09-28;12.4;30.9;22.4;4.2;32.2;135.0;0.0;5.916666666666667;8.541666666666666;3.5416666666666665;84.08333333333333;
2019-09-29;17.4;30.7;23.7;3.9;35.4;135.0;0.0;3.875;7.208333333333333;3.625;91.95833333333333;
2019-09-30;13.6;32.1;22.7;0.5;17.7;0.0;0.0;8.041666666666666;10.25;3.3333333333333335;69.70833333333333;
2019-10-01;13.8;28.6;22.2;4.2;32.2;270.0;0.0;7.2272727272727275;10.136363636363637;3.6363636363636362;58.18181818181818;
2019-10-02;13.7;26.1;20.9;3.9;32.2;270.0;0.0;3.2916666666666665;7.166666666666667;3.6666666666666665;72.875;
2019-10-03;10.6;27.2;19.5;1.8;29.0;270.0;0.0;5.75;9.583333333333334;3.875;71.125;
2019-10-04;9.9;31.4;20.8;0.8;19.3;270.0;0.0;7.958333333333333;10.875;3.875;77.20833333333333;
2019-10-05;11.2;28.2;20.3;1.0;24.1;292.5;0.0;4.708333333333333;8.0;3.7083333333333335;65.41666666666667;
2019-10-06;11.9;30.0;21.7;1.0;19.3;270.0;0.0;4.041666666666667;7.625;3.6666666666666665;70.66666666666667;
2019-10-07;12.1;31.2;22.2;1.8;25.7;0.0;0.0;8.0;10.333333333333334;3.5416666666666665;67.75;
2019-10-08;16.7;25.7;21.4;13.0;51.5;135.0;0.0;4.375;6.791666666666667;3.2916666666666665;88.625;
2019-10-09;15.0;30.4;22.2;1.4;19.3;202.5;0.0;6.958333333333333;8.875;3.2916666666666665;84.25;
2019-10-10;17.5;24.9;20.5;16.3;59.5;135.0;0.0;5.3;6.8;2.6;80.1;
2019-10-11;18.2;24.2;20.5;17.7;53.1;135.0;0.0;;;;;
2019-10-12;18.8;25.5;21.4;13.2;46.7;135.0;0.0;;;;;
2019-10-13;13.1;26.3;20.7;10.6;49.9;135.0;0.0;;;;;
2019-10-14;14.6;20.5;18.4;10.0;48.3;225.0;2.8;;;;;
2019-10-15;8.2;18.9;13.7;1.4;24.1;270.0;0.0;5.3;7.5;3.5;73.33333333333333;
2019-10-16;3.8;24.3;13.8;0.2;14.5;270.0;0.0;6.625;8.666666666666666;3.0;61.291666666666664;
2019-10-17;6.1;15.6;8.4;1.4;21.3;;0.0;7.166666666666667;9.958333333333334;3.4166666666666665;70.0;
2019-10-18;9.6;24.8;17.9;0.8;19.3;270.0;0.0;6.875;9.5;3.2083333333333335;53.791666666666664;
2019-10-19;11.7;22.3;17.7;6.8;40.2;180.0;11.2;2.125;5.458333333333333;3.25;51.625;
2019-10-20;9.6;16.7;13.9;5.1;33.8;247.5;0.0;2.625;6.0;3.2916666666666665;75.70833333333333;
2019-10-21;5.7;25.3;12.1;0.2;40.2;270.0;0.0;7.0;9.5;3.3333333333333335;58.5;
2019-10-22;6.4;17.1;11.0;0.8;22.5;270.0;0.0;5.791666666666667;8.333333333333334;3.5;62.75;
2019-10-23;9.1;15.9;12.2;4.3;43.5;247.5;0.0;3.1666666666666665;6.666666666666667;3.3333333333333335;73.125;
2019-10-24;8.4;17.8;12.7;1.3;20.9;270.0;0.0;3.4166666666666665;6.875;3.5416666666666665;74.125;
2019-10-25;5.1;22.9;15.6;9.5;41.8;135.0;0.0;4.25;7.041666666666667;3.2916666666666665;71.20833333333333;
2019-10-26;13.2;25.7;17.3;2.7;29.0;135.0;0.0;2.5;6.041666666666667;3.4583333333333335;82.5;
2019-10-27;14.8;21.3;17.5;7.1;42.5;135.0;0.0;3.0;6.478260869565218;3.5652173913043477;87.95652173913044;
2019-10-28;13.8395761324997;21.8897036866346;17.9883765819712;;-999.0;;0.0;3.125;6.458333333333333;3.4166666666666665;84.33333333333333;
2019-10-29;11.1981563262204;22.6983640499375;17.0825420360865;;-999.0;;0.0;4.625;7.458333333333333;3.3333333333333335;57.666666666666664;
2019-10-30;11.1981563262204;21.2607456262879;16.3578743993787;;-999.0;;0.0;5.125;8.541666666666666;3.7083333333333335;58.541666666666664;
2019-10-31;9.46757093589953;22.4288105955032;15.9955405810248;;-999.0;;0.0;3.090909090909091;6.818181818181818;3.6363636363636362;49.45454545454545;
2019-11-01;17.7884570506161;22.3342982325384;19.9683206195712;11.3;24.1;270.0;2.5;;;;;
2019-11-02;15.3879946396289;21.9795548381127;18.713044218679;;-999.0;;2.5;;;;;
2019-11-03;14.2949933404789;19.8231272026383;17.0825420360865;;-999.0;;0.0;;;;;
2019-11-04;14.1128264572872;18.8347645363792;16.5390413085556;;-999.0;;4.0;;;;;
2019-11-05;13.110908599733;17.9362530215982;15.6332067626709;;-999.0;;0.0;;;;;
2019-11-06;10.0140715854746;15.6899742346458;12.9157031250167;;-999.0;;0.0;;;;;
2019-11-07;6.9172345712161;15.2407184772553;11.1040340332472;;-999.0;;1.2;;;;;
2019-11-08;6.37073392164107;15.5102719316896;11.0134505786587;;-999.0;;0.0;4.888888888888889;7.333333333333333;2.888888888888889;64.33333333333333;
2019-11-09;0.5;14.4;12.0;1.4;22.5;270.0;0.0;3.9166666666666665;6.833333333333333;3.0;57.125;
2019-11-10;9.3;14.8;11.7;8.9;53.1;270.0;0.0;2.0416666666666665;5.041666666666667;2.9583333333333335;68.91666666666667;
2019-11-11;9.2;13.4;11.3;2.1;29.0;270.0;0.0;3.75;6.75;3.0833333333333335;54.583333333333336;
2019-11-12;10.4;14.3;11.9;0.6;19.3;270.0;0.5;4.666666666666667;7.333333333333333;3.125;52.916666666666664;
2019-11-13;10.0;16.2;13.3;5.8;45.1;247.5;0.0;2.5;5.541666666666667;3.0;64.66666666666667;
2019-11-14;8.0;12.9;10.4;11.1;53.1;270.0;3.6;2.2083333333333335;5.375;2.9583333333333335;69.83333333333333;
2019-11-15;3.7;9.6;7.2;5.3;51.5;270.0;0.0;2.75;5.25;2.75;64.16666666666667;
2019-11-16;1.6;11.5;6.2;0.6;25.7;270.0;0.0;3.7083333333333335;6.375;3.0416666666666665;60.583333333333336;
2019-11-17;-0.6;13.4;7.0;1.3;30.6;225.0;0.0;3.75;6.583333333333333;3.0416666666666665;57.583333333333336;
2019-11-18;4.3;12.9;9.8;5.6;51.5;270.0;0.0;2.9166666666666665;5.791666666666667;2.8333333333333335;65.25;
2019-11-19;1.5;14.3;7.9;0.0;6.4;0.0;0.0;6.166666666666667;8.708333333333334;3.2083333333333335;42.166666666666664;
2019-11-20;2.1;11.6;7.5;1.0;30.6;135.0;7.9;9.125;9.833333333333334;2.4166666666666665;44.833333333333336;
2019-11-21;8.6;13.9;10.9;0.6;19.3;135.0;10.5;6.818181818181818;8.363636363636363;2.727272727272727;53.59090909090909;
2019-11-22;10.8;16.7;13.1;8.4;61.2;135.0;13.7;3.625;6.291666666666667;3.0416666666666665;60.458333333333336;
2019-11-23;9.3;13.2;11.5;13.5;56.3;270.0;0.0;2.2916666666666665;5.041666666666667;2.875;78.75;
2019-11-24;4.5;13.6;9.1;1.1;25.7;270.0;0.0;2.6666666666666665;5.5;3.0;70.66666666666667;
2019-11-25;6.2;16.6;12.1;0.3;25.7;270.0;0.0;3.2916666666666665;6.041666666666667;3.0;64.41666666666667;
2019-11-26;9.6;18.9;14.3;0.2;17.7;270.0;0.0;3.25;6.375;3.4583333333333335;55.25;
2019-11-27;12.2;16.7;14.1;0.6;20.9;270.0;0.0;2.7916666666666665;5.708333333333333;3.0833333333333335;66.875;
2019-11-28;7.6;16.9;11.9;0.0;11.3;0.0;0.0;3.8333333333333335;6.166666666666667;2.8333333333333335;58.666666666666664;
2019-11-29;5.1;17.9;10.9;0.5;17.7;0.0;0.0;;;;;
2019-11-30;5.4;20.1;11.7;0.2;20.9;270.0;0.0;;;;;
2019-12-01;4.64014853132017;19.1043179908135;12.009868579132;;-999.0;;8.7;;;;;
2019-12-02;7.46373522079112;14.7016115683867;11.1040340332472;;-999.0;;2.9;4.666666666666667;7.291666666666667;3.125;58.416666666666664;
2019-12-03;7.73698554557863;12.9944396903028;10.3793663965394;;-999.0;;1.7;6.541666666666667;8.041666666666666;2.625;45.083333333333336;
2019-12-04;6.09748359685356;13.8929512050838;10.0170325781855;;-999.0;;0.0;5.541666666666667;7.75;3.0833333333333335;47.666666666666664;
2019-12-05;2.16030259865418;14.9541742465525;8.73522302867122;;-999.0;;0.0;7.75;9.333333333333334;3.0416666666666665;40.458333333333336;
2019-12-06;3.97518505114009;17.9242241433517;11.095117480541;;-999.0;;0.0;5.166666666666667;7.583333333333333;3.0833333333333335;47.083333333333336;
2019-12-07;5.48758709487834;17.7442211193033;11.7558879270645;;-999.0;;0.0;7.25;8.916666666666666;2.9583333333333335;41.083333333333336;
2019-12-08;5.48758709487834;16.4841999509642;11.095117480541;;-999.0;;0.0;5.625;7.833333333333333;3.1666666666666665;40.291666666666664;
2019-12-09;6.69750872986894;14.4141651744072;10.5287428120922;;-999.0;;0.0;4.916666666666667;7.416666666666667;3.2083333333333335;51.541666666666664;
2019-12-10;3.47105103656067;16.5742014629884;10.1511596997931;;-999.0;;0.0;8.333333333333334;9.25;2.6666666666666665;33.916666666666664;
2019-12-11;3.16857062781302;14.8641727345282;9.20720191904517;;-999.0;;0.0;7.875;9.875;3.3333333333333335;44.875;
2019-12-12;2.56360981031772;12.4341319098743;7.60247369177375;;-999.0;;0.0;3.25;5.916666666666667;2.9583333333333335;65.875;
2019-12-13;11.0159894430288;14.1625046595181;12.6439527612513;;-999.0;;0.0;2.25;5.166666666666667;2.875;73.17391304347827;
2019-12-14;5.36881606408687;12.9944396903028;9.29236494147774;;-999.0;;0.0;2.8333333333333335;6.041666666666667;3.1666666666666665;67.70833333333333;
2019-12-15;2.54522937461592;13.8929512050838;8.29594694100453;;-999.0;;0.0;5.75;7.958333333333333;2.9583333333333335;55.166666666666664;
2019-12-16;10.4694887934537;15.0610161742991;12.8251196704282;;-999.0;;3.0;4.208333333333333;6.791666666666667;3.25;70.79166666666667;
2019-12-17;3.36498034897845;11.4669701151751;7.48069584970827;;-999.0;;0.0;3.25;6.166666666666667;3.1666666666666665;69.54166666666667;
2019-12-18;0.723560542699179;12.6350350843904;6.75602821300048;;-999.0;;0.0;8.166666666666666;9.041666666666666;2.3333333333333335;44.916666666666664;
2019-12-19;6.64398424642858;13.174141993259;10.0170325781855;;-999.0;;12.7;5.818181818181818;7.5;2.727272727272727;60.68181818181818;
2019-12-20;12.7465748333497;16.6783369009048;14.7273722167862;;-999.0;;20.5;2.2083333333333335;5.291666666666667;3.0416666666666665;66.0;
2019-12-21;12.2000741837746;17.6666995671639;14.9991225805516;;-999.0;;1.2;2.0;4.833333333333333;3.0;63.083333333333336;
2019-12-22;8.31073757652307;15.584184830722;11.9446794832141;;-999.0;;0.0;2.375;5.333333333333333;2.75;64.78260869565217;
2019-12-23;7.28156833759944;16.3189322949925;11.828701669955;;-999.0;;0.0;7.375;9.708333333333334;3.125;49.791666666666664;
2019-12-24;3.63823067376596;19.4637225967259;11.6475347607781;;-999.0;;0.0;5.833333333333333;7.666666666666667;2.7916666666666665;47.041666666666664;
2019-12-25;4.64014853132017;19.553573748204;12.1910354883089;;-999.0;;0.0;4.666666666666667;6.583333333333333;2.7083333333333335;45.791666666666664;
2019-12-26;4.64014853132017;18.2058064760325;11.4663678516011;;-999.0;;0.0;13.666666666666666;16.208333333333332;3.8333333333333335;21.75;
2019-12-27;10.3784053518579;16.7681880523829;13.6403707617245;;-999.0;;0.0;6.5;8.083333333333334;2.9166666666666665;60.291666666666664;
2019-12-28;9.92298814387872;16.0493788405582;13.0968700341936;;-999.0;;0.0;2.5833333333333335;5.625;3.0416666666666665;69.29166666666667;
2019-12-29;9.64973781909121;13.2639931447371;11.4663678516011;;-999.0;;0.0;2.25;5.666666666666667;3.0833333333333335;77.20833333333333;
2019-12-30;9.19432061111202;13.2639931447371;11.2852009424242;;-999.0;;0.0;2.9166666666666665;5.958333333333333;3.0416666666666665;78.16666666666667;
2019-12-31;5.64206638887438;13.3538442962152;9.56411530524316;;-999.0;;0.0;2.7916666666666665;5.875;3.0;75.08333333333333;
2020-01-01;5.82423327206605;16.0493788405582;11.0134505786587;;-999.0;;0.0;3.5416666666666665;6.541666666666667;3.0416666666666665;70.625;
2020-01-02;4.91339885610768;14.07265350804;9.56411530524316;;-999.0;;0.0;5.375;7.416666666666667;2.9166666666666665;59.208333333333336;
2020-01-03;1.63439495865755;12.275630478478;7.0277785767659;;-999.0;;0.0;6.375;9.041666666666666;3.3333333333333335;43.375;
2020-01-04;4.54906508972433;13.4436954476933;9.11119803230079;;-999.0;;0.0;5.0;7.416666666666667;3.125;58.625;
2020-01-05;6.46181736323691;13.5335465991714;10.0170325781855;;-999.0;;0.0;2.875;6.125;3.1666666666666665;73.58333333333333;
2020-01-06;2.63631281621176;14.2523558109962;8.56769730476995;;-999.0;;0.0;3.9166666666666665;6.583333333333333;2.9583333333333335;66.20833333333333;
2020-01-07;0.268143334719994;16.9478903553391;8.7488642139469;;-999.0;;0.0;8.041666666666666;10.041666666666666;3.2083333333333335;45.291666666666664;
2020-01-08;3.16857062781302;17.5642180952548;10.5287428120922;;-999.0;;0.0;9.166666666666666;11.541666666666666;3.625;47.583333333333336;
2020-01-09;4.73123197291601;14.3422069624743;9.65469875983164;;-999.0;;0.0;5.909090909090909;8.0;2.8181818181818183;73.27272727272727;
2020-01-10;2.81847969940343;12.9045885388247;7.93361312265064;;-999.0;;0.0;6.041666666666667;8.708333333333334;3.375;56.75;
2020-01-11;-0.369440756450865;14.4320581139524;7.11836203135438;;-999.0;;0.0;7.166666666666667;11.291666666666666;4.416666666666667;52.875;
2020-01-12;0.359226776315831;13.7132489021276;7.11836203135438;;-999.0;;0.0;5.25;7.5;3.0;53.708333333333336;
2020-01-13;0.632477101103341;14.4320581139524;7.66186275888522;;-999.0;;0.0;5.541666666666667;8.041666666666666;3.1666666666666665;64.875;
2020-01-14;-0.733774522834214;12.4553327814342;5.94077712170422;;-999.0;;0.0;9.375;15.25;5.583333333333333;49.708333333333336;
2020-01-15;0.177059893124156;16.2290811435143;8.29594694100453;;-999.0;;0.0;10.208333333333334;14.291666666666666;4.666666666666667;44.291666666666664;
2020-01-16;-0.642691081238377;16.6783369009048;8.11478003182759;;-999.0;;0.0;10.291666666666666;12.416666666666666;3.4166666666666665;49.291666666666664;
2020-01-17;1.63439495865755;14.7914627198648;8.29594694100453;;-999.0;;0.0;9.25;10.791666666666666;3.125;48.625;
2020-01-18;2.81847969940343;13.3538442962152;8.20536348641606;;-999.0;;4.4;5.708333333333333;8.333333333333334;3.25;48.041666666666664;
2020-01-19;5.38676029196245;11.5341167896321;8.45203569444686;;-999.0;;0.0;2.3333333333333335;5.916666666666667;3.1666666666666665;68.625;
2020-01-20;3.36498034897845;9.40039363117883;6.39369439464659;;-999.0;;0.0;4.208333333333333;7.125;3.125;60.375;
2020-01-21;2.90956314099927;10.478607448916;6.75602821300048;;-999.0;;2.5;6.166666666666667;8.75;3.25;52.0;
2020-01-22;6.1885670384494;11.1075655092627;8.7488642139469;;-999.0;;3.0;4.166666666666667;7.25;3.3333333333333335;72.45833333333333;
2020-01-23;7.46373522079112;10.3887562974379;8.93003112312385;;-999.0;;29.5;3.5416666666666665;6.416666666666667;3.25;73.75;
2020-01-24;7.09940145440777;12.1857793269999;9.65469875983164;;-999.0;;23.0;3.6666666666666665;6.5;3.1666666666666665;77.70833333333333;
2020-01-25;7.64590210398279;11.377118963697;9.56411530524316;;-999.0;;0.0;3.8333333333333335;6.708333333333333;3.375;75.91666666666667;
2020-01-26;4.64014853132017;12.6350350843904;8.7488642139469;;-999.0;;0.0;3.1666666666666665;6.25;3.0833333333333335;67.625;
2020-01-27;0.450310217911669;13.5335465991714;7.11836203135438;;-999.0;;0.0;6.833333333333333;9.541666666666666;3.5416666666666665;47.708333333333336;
2020-01-28;8.01023587036614;13.8929512050838;11.0134505786587;;-999.0;;0.0;4.125;6.791666666666667;3.2916666666666665;68.70833333333333;
2020-01-29;5.18664918089519;16.9478903553391;11.1040340332472;;-999.0;;0.0;8.5;11.181818181818182;3.5454545454545454;38.0;
2020-01-30;5.99172110945775;16.0341923908431;11.095117480541;;-999.0;;0.0;6.875;8.875;3.1666666666666665;47.25;
2020-01-31;6.59668192695305;16.9342075110853;11.8502837051393;;-999.0;;0.0;6.454545454545454;9.363636363636363;3.6363636363636362;51.333333333333336;
2020-02-01;7.9;17.9;12.9;;-999.0;;0.0;4.916666666666667;7.5;3.5416666666666665;50.916666666666664;
2020-02-02;6.0;23.7;14.8;;-999.0;;0.0;5.458333333333333;7.75;3.2083333333333335;35.875;
2020-02-03;7.1;25.8;16.4;;-999.0;;0.0;7.791666666666667;9.291666666666666;2.9166666666666665;43.333333333333336;
2020-02-04;7.4;24.1;14.5;2.6;16.1;315.0;0.0;9.916666666666666;12.25;3.8333333333333335;42.791666666666664;
2020-02-05;4.1;15.2;11.5;19.0;64.4;202.5;0.0;4.791666666666667;7.0;3.25;64.75;
2020-02-06;10.1;13.7;11.3;24.1;53.1;180.0;0.0;3.272727272727273;6.363636363636363;3.4545454545454546;84.63636363636364;
2020-02-07;9.7;18.1;12.6;10.0;43.5;157.5;0.0;5.375;7.875;3.25;77.375;
2020-02-08;6.7;15.7;10.9;1.9;22.5;247.5;0.0;5.875;7.916666666666667;3.1666666666666665;44.833333333333336;
2020-02-09;4.4;19.7;11.3;2.4;17.7;180.0;0.2;4.25;7.208333333333333;3.625;55.0;
2020-02-10;3.4;21.6;11.9;0.8;12.9;0.0;0.0;8.666666666666666;10.666666666666666;3.2916666666666665;45.125;
2020-02-11;3.1;21.2;12.2;2.7;27.4;270.0;0.0;7.791666666666667;10.458333333333334;3.75;46.166666666666664;
2020-02-12;7.7;20.9;13.2;2.7;24.1;270.0;0.0;5.5;8.0;3.375;53.625;
2020-02-13;7.8;17.9;12.7;3.1;17.7;270.0;0.0;4.375;7.333333333333333;3.875;52.25;
2020-02-14;2.8;19.0;10.8;4.5;27.4;202.5;0.0;6.208333333333333;8.458333333333334;3.3333333333333335;43.75;
2020-02-15;6.6;22.1;13.3;4.5;32.2;202.5;0.0;6.083333333333333;8.125;3.2916666666666665;60.166666666666664;
2020-02-16;6.4;23.4;13.8;2.4;19.3;202.5;0.0;5.625;7.875;3.2916666666666665;53.041666666666664;
2020-02-17;3.2;20.1;12.3;3.5;24.1;292.5;0.0;7.708333333333333;10.625;3.9166666666666665;48.791666666666664;
2020-02-18;7.9;16.2;12.2;8.9;46.7;157.5;0.0;5.904761904761905;8.761904761904763;3.619047619047619;53.19047619047619;
2020-02-19;10.6;16.1;12.7;10.9;33.8;157.5;0.0;4.458333333333333;7.541666666666667;3.75;75.95833333333333;
2020-02-20;10.0;15.3;11.9;15.4;53.1;157.5;0.0;3.9583333333333335;6.958333333333333;3.4166666666666665;80.0;
2020-02-21;10.2;15.2;11.9;17.4;51.5;157.5;0.0;4.875;7.708333333333333;3.5416666666666665;82.875;
2020-02-22;9.1;19.4;13.2;10.6;30.6;157.5;0.0;3.875;6.75;3.5;88.95833333333333;
2020-02-23;8.8;18.0;13.1;10.8;40.2;157.5;0.0;3.7083333333333335;6.625;3.5416666666666665;89.45833333333333;
2020-02-24;7.1;24.4;15.0;7.1;27.4;157.5;0.0;4.833333333333333;7.458333333333333;3.5;83.95833333333333;
2020-02-25;1.8;20.3;10.9;5.8;43.5;270.0;0.0;7.416666666666667;9.041666666666666;3.1666666666666665;64.375;
2020-02-26;6.9;17.9;12.4;4.5;29.0;270.0;0.0;3.4166666666666665;6.708333333333333;3.5416666666666665;73.83333333333333;
2020-02-27;2.8;19.3;11.7;4.5;27.4;22.5;0.0;7.125;9.833333333333334;3.625;67.16666666666667;
2020-02-28;0.4;20.9;11.2;8.5;40.2;202.5;0.0;5.166666666666667;7.75;3.3333333333333335;68.79166666666667;
2020-02-29;2.9;17.3;11.3;5.8;33.8;292.5;0.0;4.291666666666667;7.375;3.6666666666666665;62.375;
2020-03-01;10.4;17.6;13.7;9.0;35.4;270.0;0.0;2.4166666666666665;6.125;3.7083333333333335;78.33333333333333;
2020-03-02;11.2;18.8;14.6;16.7;62.8;270.0;1.0;2.4545454545454546;5.909090909090909;3.409090909090909;78.72727272727273;
2020-03-03;4.9;16.1;11.6;7.6;40.2;292.5;0.0;4.25;7.208333333333333;3.7083333333333335;73.5;
2020-03-04;10.6;19.2;14.3;6.8;33.8;292.5;0.0;3.0416666666666665;6.583333333333333;3.7083333333333335;67.66666666666667;
2020-03-05;3.7;16.0;11.2;6.6;43.5;292.5;0.0;5.458333333333333;8.25;3.7083333333333335;56.583333333333336;
2020-03-06;6.4;16.0;11.2;10.5;43.5;292.5;0.0;3.25;6.541666666666667;3.5416666666666665;80.16666666666667;
2020-03-07;1.8;18.6;10.4;5.8;33.8;22.5;0.0;4.916666666666667;8.125;3.625;69.83333333333333;
2020-03-08;0.6;23.4;16.7;2.7;24.1;292.5;0.0;4.625;7.541666666666667;3.5416666666666665;63.041666666666664;
2020-03-09;4.2;21.2;13.8;4.3;27.4;315.0;0.0;5.333333333333333;8.166666666666666;3.7083333333333335;70.16666666666667;
2020-03-10;5.8;22.4;15.0;6.6;38.6;202.5;0.0;6.125;8.625;3.7083333333333335;75.91666666666667;
2020-03-11;6.6;26.2;17.6;7.2;40.2;202.5;0.0;4.25;7.541666666666667;3.9166666666666665;73.70833333333333;
2020-03-12;14.0;26.8;20.3;9.3;33.8;202.5;0.0;4.791666666666667;7.625;3.625;76.54166666666667;
2020-03-13;6.7;22.7;15.1;3.4;24.1;225.0;0.0;7.416666666666667;9.458333333333334;3.4583333333333335;66.70833333333333;
2020-03-14;6.2;22.2;14.5;4.3;24.1;225.0;0.0;4.875;7.5;3.6666666666666665;89.95833333333333;
2020-03-15;11.6;17.7;14.0;14.8;43.5;202.5;0.0;3.3333333333333335;6.541666666666667;3.6666666666666665;85.625;
2020-03-16;6.3;12.6;10.2;10.0;40.2;292.5;0.0;3.2083333333333335;6.458333333333333;3.75;77.70833333333333;
2020-03-17;5.4;15.0;9.2;6.8;43.5;112.5;2.6;3.9583333333333335;7.083333333333333;3.5833333333333335;70.5;
2020-03-18;8.8;18.2;13.8;14.2;48.3;135.0;0.0;3.0;6.454545454545454;3.5454545454545454;83.18181818181819;
2020-03-19;11.1;15.7;13.1;16.9;45.1;202.5;0.0;3.125;6.666666666666667;3.7916666666666665;84.70833333333333;
2020-03-20;10.1;16.7;13.1;15.4;49.9;202.5;0.0;2.8333333333333335;6.125;3.625;86.91666666666667;
2020-03-21;6.5;13.6;9.8;7.9;43.5;202.5;31.8;2.2083333333333335;5.416666666666667;3.0833333333333335;75.79166666666667;
2020-03-22;6.8;14.2;9.7;3.4;24.1;225.0;3.6;2.0416666666666665;5.458333333333333;3.0416666666666665;76.875;
2020-03-23;3.2;15.1;8.7;5.0;32.2;135.0;4.8;3.875;6.833333333333333;3.3333333333333335;62.291666666666664;
2020-03-24;7.6;18.1;11.7;3.9;19.3;225.0;5.4;3.8333333333333335;6.916666666666667;3.4583333333333335;58.375;
2020-03-25;8.5;13.1;10.7;6.9;29.0;202.5;13.2;3.0416666666666665;6.125;3.75;72.625;
2020-03-26;7.1;18.8;13.1;8.4;38.6;270.0;0.2;2.8333333333333335;6.083333333333333;3.4166666666666665;76.29166666666667;
2020-03-27;6.8;15.4;11.7;11.9;41.8;202.5;0.0;3.125;6.208333333333333;3.6666666666666665;86.04166666666667;
2020-03-28;6.1;14.6;10.4;9.5;38.6;202.5;0.0;2.9583333333333335;6.458333333333333;3.625;82.125;
2020-03-29;7.5;19.4;13.3;5.1;24.1;202.5;0.0;2.8333333333333335;6.208333333333333;3.4166666666666665;87.08333333333333;
2020-03-30;10.1;17.5;12.7;2.6;12.9;225.0;4.4;4.708333333333333;7.583333333333333;3.625;64.75;
2020-03-31;9.55865437749537;15.3305696287334;12.5533693066628;;-999.0;;11.8;2.5416666666666665;6.166666666666667;3.5833333333333335;84.58333333333333;
2020-04-01;8.1;16.4;11.7;6.6;30.6;292.5;0.2;2.7083333333333335;6.125;3.375;69.41666666666667;
2020-04-02;6.3;12.9;9.4;6.1;33.8;292.5;6.6;2.0416666666666665;5.291666666666667;3.0;81.29166666666667;
2020-04-03;3.6;17.9;11.1;7.2;35.4;225.0;0.0;3.0476190476190474;6.190476190476191;3.142857142857143;76.04761904761905;
2020-04-04;9.9;14.9;12.1;16.9;51.5;135.0;0.2;2.0;5.166666666666667;3.0;96.83333333333333;
2020-04-05;10.9;17.8;13.6;20.1;49.9;202.5;0.0;2.0416666666666665;5.208333333333333;3.1666666666666665;100.58333333333333;
2020-04-06;10.3;18.4;13.8;11.9;33.8;202.5;0.0;2.1666666666666665;5.416666666666667;3.0;93.70833333333333;
2020-04-07;12.8;17.6;15.2;17.1;43.5;202.5;0.0;2.2083333333333335;5.583333333333333;3.25;87.0;
2020-04-08;11.7;17.5;13.9;16.4;41.8;202.5;0.0;2.2916666666666665;5.541666666666667;3.0833333333333335;94.54166666666667;
2020-04-09;12.2;16.0;13.3;13.5;38.6;202.5;0.6;2.2916666666666665;5.583333333333333;3.2083333333333335;100.5;
2020-04-10;8.5;20.0;14.1;6.9;32.2;202.5;0.0;2.4166666666666665;5.666666666666667;3.2083333333333335;80.79166666666667;
2020-04-11;10.6;18.9;14.1;13.0;43.5;202.5;0.0;2.0;5.208333333333333;3.0;102.54166666666667;
2020-04-12;11.8;17.9;13.9;12.6;38.6;202.5;0.0;2.0416666666666665;5.541666666666667;3.0833333333333335;93.70833333333333;
2020-04-13;11.1;19.7;14.6;4.8;30.6;202.5;1.2;3.1666666666666665;6.25;3.375;67.375;
2020-04-14;9.4;19.7;14.2;8.5;35.4;135.0;0.2;2.9545454545454546;6.2727272727272725;3.3636363636363638;67.27272727272727;
2020-04-15;11.3;17.6;14.1;13.4;41.8;135.0;31.8;2.1666666666666665;5.5;3.0416666666666665;85.08333333333333;
2020-04-16;12.5;18.2;14.7;15.1;43.5;135.0;0.0;2.125;5.333333333333333;3.0416666666666665;86.25;
2020-04-17;12.2;20.5;15.7;8.0;32.2;202.5;0.0;2.375;5.625;3.2083333333333335;78.70833333333333;
2020-04-18;9.4;21.3;15.8;5.5;27.4;202.5;0.0;2.75;6.041666666666667;3.3333333333333335;70.91666666666667;
2020-04-19;12.7;21.3;16.4;9.3;43.5;292.5;0.4;2.2083333333333335;5.541666666666667;3.125;69.79166666666667;
2020-04-20;9.1;18.2;13.3;11.7;46.7;270.0;4.6;2.0416666666666665;5.041666666666667;3.0;84.58333333333333;
2020-04-21;8.7;16.3;11.8;6.6;32.2;225.0;2.6;2.0833333333333335;4.958333333333333;2.9583333333333335;80.08333333333333;
2020-04-22;7.9;20.6;14.4;4.7;33.8;315.0;0.0;2.4166666666666665;5.541666666666667;3.0833333333333335;72.25;
2020-04-23;8.5;18.4;14.4;15.1;48.3;202.5;0.0;2.4166666666666665;6.0;3.2916666666666665;82.875;
2020-04-24;12.5;18.4;14.7;18.5;45.1;202.5;0.0;2.25;5.833333333333333;3.3333333333333335;91.70833333333333;
2020-04-25;12.2;16.5;14.3;6.0;29.0;270.0;1.8;2.3333333333333335;5.958333333333333;3.25;79.91666666666667;
2020-04-26;11.9;17.1;14.1;8.0;29.0;292.5;0.0;2.0;5.375;3.0;86.04166666666667;
2020-04-27;6.5;17.1;12.4;3.9;32.2;45.0;0.8;2.5454545454545454;5.909090909090909;3.272727272727273;67.72727272727273;
2020-04-28;7.5;18.7;13.7;3.4;19.3;292.5;0.6;3.0;6.208333333333333;3.375;62.666666666666664;
2020-04-29;5.7;21.6;14.8;5.8;29.0;292.5;0.0;3.2083333333333335;6.541666666666667;3.3333333333333335;70.79166666666667;
2020-04-30;7.2;20.6;14.7;6.8;33.8;292.5;0.0;2.625;5.916666666666667;3.1666666666666665;65.5;
2020-05-01;8.7;25.9;18.4;4.8;24.1;315.0;0.0;2.3333333333333335;6.083333333333333;3.3333333333333335;59.916666666666664;
2020-05-02;10.6;30.2;21.2;3.4;20.9;45.0;0.0;3.4166666666666665;6.958333333333333;3.7083333333333335;49.583333333333336;
2020-05-03;12.3;30.2;22.1;11.4;41.8;202.5;0.0;3.0;6.5;3.4166666666666665;57.958333333333336;
2020-05-04;16.4;29.4;23.9;16.6;61.2;202.5;0.0;2.0416666666666665;5.833333333333333;3.1666666666666665;81.58333333333333;
2020-05-05;10.9;26.7;19.3;5.1;32.2;292.5;0.0;3.4166666666666665;6.75;3.5833333333333335;68.54166666666667;
2020-05-06;10.1;28.5;19.9;4.3;32.2;225.0;0.0;4.166666666666667;7.125;3.7916666666666665;80.5;
2020-05-07;16.6;24.1;19.9;16.7;49.9;202.5;0.0;2.5833333333333335;5.916666666666667;3.4166666666666665;91.91666666666667;
2020-05-08;16.3;25.1;20.4;14.2;40.2;202.5;0.0;2.875;6.375;3.75;93.33333333333333;
2020-05-09;11.8;22.3;17.2;7.4;33.8;292.5;0.0;2.375;5.583333333333333;3.3333333333333335;72.95833333333333;
2020-05-10;11.9;18.1;14.6;10.5;43.5;270.0;6.8;2.0;5.083333333333333;3.0;76.41666666666667;
2020-05-11;10.3;20.8;15.6;10.0;41.8;225.0;0.2;2.625;5.875;3.25;68.66666666666667;
2020-05-12;10.2;16.9;13.3;7.7;35.4;225.0;14.4;2.3333333333333335;5.625;3.25;78.875;
2020-05-13;5.4;20.1;13.1;5.8;45.1;135.0;3.8;3.3181818181818183;6.2727272727272725;3.409090909090909;71.27272727272727;
2020-05-14;8.9;17.9;13.1;11.4;48.3;202.5;0.2;2.3333333333333335;5.791666666666667;3.3333333333333335;76.29166666666667;
2020-05-15;5.9;20.3;13.3;3.7;24.1;225.0;3.4;3.0833333333333335;6.208333333333333;3.25;71.79166666666667;
2020-05-16;11.1;19.7;14.2;3.7;37.0;225.0;5.6;2.9583333333333335;6.416666666666667;3.5833333333333335;60.375;
2020-05-17;9.2;23.7;15.2;4.2;32.2;202.5;5.6;3.25;6.541666666666667;3.75;55.875;
2020-05-18;8.2;27.7;18.4;3.4;29.0;225.0;0.0;4.181818181818182;7.181818181818182;3.5;62.90909090909091;
2020-05-19;10.6;29.7;21.4;4.2;25.7;225.0;0.0;4.708333333333333;7.041666666666667;2.9166666666666665;70.95833333333333;
2020-05-20;11.8;31.8;23.1;4.0;29.0;292.5;0.0;4.833333333333333;7.083333333333333;2.9583333333333335;81.66666666666667;
2020-05-21;12.9;32.4;24.1;5.0;35.4;225.0;0.0;4.909090909090909;6.909090909090909;2.909090909090909;84.8695652173913;
2020-05-22;13.5;33.0;24.5;6.1;30.6;225.0;0.0;4.173913043478261;6.565217391304348;2.9565217391304346;84.25;
2020-05-23;17.4;31.1;24.9;9.3;35.4;202.5;0.0;2.75;5.125;2.625;103.66666666666667;
2020-05-24;18.3;26.9;22.9;16.6;48.3;180.0;0.0;2.3333333333333335;5.083333333333333;2.8333333333333335;109.04166666666667;
2020-05-25;15.5;26.1;20.5;16.3;45.1;180.0;0.0;2.0;4.75;2.75;96.75;
2020-05-26;16.9;24.6;20.3;21.9;56.3;135.0;0.0;2.142857142857143;5.0;2.9047619047619047;97.70833333333333;
2020-05-27;16.2;25.0;20.3;20.3;57.9;135.0;0.0;2.125;5.041666666666667;2.875;104.79166666666667;
2020-05-28;16.1;25.6;20.3;16.4;43.5;135.0;0.0;2.2916666666666665;5.166666666666667;2.9583333333333335;108.54166666666667;
2020-05-29;16.3;27.3;21.7;12.2;38.6;135.0;0.0;2.0833333333333335;5.041666666666667;3.0;110.70833333333333;
2020-05-30;16.3;26.1;21.1;16.9;51.5;135.0;0.0;2.3333333333333335;4.916666666666667;2.7916666666666665;112.41666666666667;
2020-05-31;14.6;25.5;19.4;11.7;45.1;180.0;3.0;2.5;5.25;2.7916666666666665;92.20833333333333;
2020-06-01;12.1;27.4;20.6;11.7;40.2;180.0;0.0;2.75;5.625;3.0416666666666665;106.75;
2020-06-02;13.8;27.7;22.0;8.7;32.2;180.0;0.0;2.9583333333333335;5.666666666666667;2.9583333333333335;108.95833333333333;
2020-06-03;11.9;27.6;20.9;6.8;38.6;270.0;0.0;3.3333333333333335;5.791666666666667;2.75;64.66666666666667;
2020-06-04;15.4;22.6;18.8;10.9;43.5;270.0;0.2;2.0476190476190474;4.761904761904762;2.8095238095238093;58.142857142857146;
2020-06-05;14.0;26.4;20.4;6.9;33.8;270.0;0.0;2.4583333333333335;5.375;2.9583333333333335;66.0;
2020-06-06;12.5;29.6;21.3;7.6;45.1;270.0;0.0;2.5;4.833333333333333;2.8333333333333335;59.333333333333336;
2020-06-07;17.0;23.9;20.3;11.4;49.9;247.5;0.0;1.875;4.166666666666667;2.5;60.25;
2020-06-08;15.3;23.5;18.8;9.0;37.0;270.0;0.0;2.0;4.875;2.9583333333333335;75.75;
2020-06-09;9.6;26.3;19.4;5.3;30.6;270.0;0.0;3.1666666666666665;5.708333333333333;2.9583333333333335;82.45833333333333;
2020-06-10;10.1;28.6;20.7;5.3;32.2;270.0;0.0;4.0;6.125;2.7916666666666665;89.04166666666667;
2020-06-11;12.4;23.6;18.6;10.3;45.1;270.0;0.0;2.75;5.25;2.7916666666666665;86.25;
2020-06-12;13.7;21.4;16.8;10.6;37.0;270.0;0.2;1.9583333333333333;4.333333333333333;2.5833333333333335;64.54166666666667;
2020-06-13;11.1;24.7;18.1;6.4;33.8;292.5;0.0;1.875;4.166666666666667;2.2083333333333335;74.45833333333333;
2020-06-14;10.9;25.9;19.7;6.3;32.2;270.0;0.0;2.2083333333333335;4.541666666666667;2.5833333333333335;74.125;
2020-06-15;9.6;28.3;20.2;5.5;30.6;292.5;0.0;2.9583333333333335;5.333333333333333;2.7916666666666665;75.5;
2020-06-16;14.3;26.5;20.9;8.2;43.5;292.5;0.0;2.4583333333333335;5.125;2.875;68.16666666666667;
2020-06-17;15.8;27.7;22.5;7.1;33.8;292.5;0.0;2.0416666666666665;4.75;2.8333333333333335;56.5;
2020-06-18;12.9;29.1;22.3;6.3;32.2;270.0;0.0;3.6363636363636362;5.818181818181818;2.6818181818181817;64.36363636363636;
2020-06-19;11.7;30.0;21.9;4.5;33.8;292.5;0.0;4.458333333333333;6.708333333333333;3.0;71.375;
2020-06-20;13.4;32.6;24.2;5.1;25.7;225.0;0.0;4.708333333333333;7.0;2.9166666666666665;76.125;
2020-06-21;13.6;35.9;26.2;3.9;27.4;225.0;0.0;4.041666666666667;6.208333333333333;2.9166666666666665;83.41666666666667;
2020-06-22;16.4;32.4;25.9;13.4;48.3;180.0;0.0;3.8333333333333335;5.875;2.625;84.70833333333333;
2020-06-23;22.5;32.5;27.2;16.9;46.7;180.0;0.0;2.0416666666666665;4.958333333333333;2.875;96.66666666666667;
2020-06-24;16.9;31.5;25.2;10.9;41.8;180.0;0.0;3.0416666666666665;5.458333333333333;2.9166666666666665;91.33333333333333;
2020-06-25;17.2;32.9;25.2;8.9;53.1;292.5;0.0;3.0833333333333335;5.5;2.9583333333333335;97.83333333333333;
2020-06-26;14.6;29.8;22.7;5.8;35.4;292.5;0.0;3.7916666666666665;6.333333333333333;3.0416666666666665;73.95833333333333;
2020-06-27;12.9;32.2;23.8;4.7;29.0;292.5;0.0;2.9583333333333335;5.583333333333333;2.75;75.04166666666667;
2020-06-28;16.3;35.1;26.7;5.8;33.8;202.5;0.0;3.5217391304347827;6.043478260869565;2.9565217391304346;82.56521739130434;
2020-06-29;18.4;33.9;27.7;11.4;48.3;180.0;0.0;2.75;5.375;2.875;97.58333333333333;
2020-06-30;19.6;34.3;27.9;10.1;35.4;180.0;0.0;3.0952380952380953;5.857142857142857;3.0;97.71428571428571;
2020-07-01;15.7;35.3;26.9;5.8;35.4;292.5;0.0;4.75;6.791666666666667;2.8333333333333335;77.125;
2020-07-02;16.3;33.6;26.1;6.0;37.0;270.0;0.0;4.333333333333333;6.75;3.0;64.54166666666667;
2020-07-03;18.1;34.2;26.6;6.1;30.6;202.5;0.0;3.7916666666666665;6.416666666666667;3.0833333333333335;77.125;
2020-07-04;19.1;31.3;24.9;13.0;41.8;157.5;0.0;2.375;5.125;2.8333333333333335;79.375;
2020-07-05;21.2;32.2;26.6;16.1;45.1;157.5;0.0;2.2083333333333335;4.833333333333333;2.7916666666666665;85.95833333333333;
2020-07-06;18.7;38.7;28.5;7.1;33.8;225.0;0.0;3.0833333333333335;5.625;2.875;97.75;
2020-07-07;19.7;40.1;31.302637762471;2.6;12.9;225.0;0.0;3.8333333333333335;6.458333333333333;3.0416666666666665;101.58333333333333;
2020-07-08;21.3267272254494;31.2636138094805;26.4160228756939;;-999.0;180.0;0.0;3.875;6.5;2.9166666666666665;93.375;
2020-07-09;17.8931357153542;31.7246541691615;24.9313224832241;;-999.0;157.5;0.0;3.272727272727273;5.863636363636363;3.090909090909091;88.0;
2020-07-10;15.8515407634058;32.8311510323958;24.4673536105772;;-999.0;157.5;0.0;4.208333333333333;6.625;2.9583333333333335;90.08333333333333;
2020-07-11;18.8257703817029;32.0155755161979;25.0836768052886;23.9;67.6;157.5;0.0;2.4583333333333335;5.291666666666667;3.0;92.54166666666667;
2020-07-12;21.8;31.2;25.7;21.1;53.1;157.5;0.0;2.2916666666666665;5.0;2.875;90.375;
2020-07-13;20.8;35.4;26.6;13.5;41.8;135.0;0.0;2.5;4.833333333333333;2.8333333333333335;92.79166666666667;
2020-07-14;22.3;32.1;26.0;18.5;46.7;135.0;0.0;2.1666666666666665;5.041666666666667;2.9583333333333335;100.75;
2020-07-15;20.8;29.7;24.8;20.8;49.9;157.5;0.0;2.125;4.625;2.75;102.66666666666667;
2020-07-16;22.1;31.7;26.1;20.1;48.3;157.5;0.0;2.125;4.666666666666667;2.7916666666666665;111.58333333333333;
2020-07-17;22.2;32.0;26.7;18.8;46.7;157.5;0.0;2.25;5.125;3.0;106.83333333333333;
2020-07-18;21.8;32.4;26.3;13.4;43.5;135.0;0.0;2.125;4.875;3.0;95.16666666666667;
2020-07-19;19.9;35.1;27.3;8.4;30.6;135.0;0.0;2.375;4.958333333333333;2.875;85.0;
2020-07-20;21.7;34.3;27.7;13.0;41.8;135.0;0.0;2.4583333333333335;5.208333333333333;3.0;91.95833333333333;
2020-07-21;22.0;30.7;26.6;15.8;69.2;135.0;0.0;2.2916666666666665;5.041666666666667;2.9583333333333335;95.33333333333333;
2020-07-22;17.8;32.8;25.8;5.6;25.7;270.0;0.0;2.6666666666666665;5.25;3.0;82.125;
2020-07-23;18.9;37.3;28.4;4.3;43.5;202.5;0.0;5.5;7.545454545454546;2.9545454545454546;89.68181818181819;
2020-07-24;19.3;37.7;29.6;5.6;30.6;202.5;0.0;4.583333333333333;6.458333333333333;2.875;100.66666666666667;
2020-07-25;18.8;35.8;29.1;9.0;38.6;180.0;0.0;3.875;5.916666666666667;2.9166666666666665;92.08333333333333;
2020-07-26;18.2;37.1;29.4;9.5;48.3;180.0;0.0;3.0416666666666665;5.375;2.75;96.66666666666667;
2020-07-27;24.9;35.9;30.0;11.7;40.2;180.0;0.0;2.625;5.125;2.9583333333333335;112.375;
2020-07-28;18.4;37.8;29.2;4.2;22.5;270.0;0.0;5.3478260869565215;7.391304347826087;2.9565217391304346;101.17391304347827;
2020-07-29;19.9;34.8;28.0;11.6;46.7;157.5;0.0;4.166666666666667;6.5;3.0;100.20833333333333;
2020-07-30;23.4;34.2;27.8;17.4;49.9;157.5;0.0;2.4583333333333335;4.875;2.9583333333333335;99.66666666666667;
2020-07-31;21.0;38.9;30.2;7.1;32.2;180.0;0.0;3.125;5.583333333333333;3.0;103.41666666666667;
2020-08-01;23.6;40.2;32.3;4.5;35.4;180.0;0.0;3.5416666666666665;5.708333333333333;2.7916666666666665;87.83333333333333;
2020-08-02;21.3;38.3;30.4;6.4;37.0;270.0;0.0;3.9583333333333335;5.958333333333333;2.7083333333333335;79.125;
2020-08-03;18.1;33.0;27.1;6.6;30.6;270.0;0.0;3.3333333333333335;5.625;2.9583333333333335;88.41666666666667;
2020-08-04;21.4;30.7;26.1;12.1;40.2;157.5;0.0;2.55;4.95;2.95;91.47619047619048;
2020-08-05;22.2;33.0;27.1;15.4;38.6;157.5;0.0;2.2916666666666665;4.791666666666667;2.875;89.41666666666667;
2020-08-06;22.9;32.3;27.3;20.8;57.9;180.0;0.0;2.0416666666666665;4.458333333333333;2.75;93.33333333333333;
2020-08-07;23.3;32.9;27.7;17.4;46.7;180.0;0.0;2.2916666666666665;5.0;2.9583333333333335;101.125;
2020-08-08;24.2;35.6;29.7;16.1;41.8;180.0;0.0;2.2916666666666665;4.583333333333333;2.75;112.58333333333333;
2020-08-09;23.8;36.3;30.4;13.4;43.5;180.0;0.0;2.25;4.875;2.8333333333333335;104.08695652173913;
2020-08-10;23.4;33.5;28.1;11.4;57.9;112.5;0.6;3.375;5.666666666666667;3.0416666666666665;110.75;
2020-08-11;21.2;30.6;25.6;10.3;48.3;112.5;0.4;3.391304347826087;5.956521739130435;2.9565217391304346;97.79166666666667;
2020-08-12;16.0;30.5;23.7;5.5;32.2;270.0;0.0;4.0;6.0;2.909090909090909;80.04166666666667;
2020-08-13;13.7;32.2;23.9;4.2;29.0;270.0;0.0;4.2727272727272725;6.454545454545454;2.909090909090909;81.5;
2020-08-14;15.4;32.4;25.2;5.0;27.4;270.0;0.0;5.083333333333333;7.083333333333333;2.9166666666666665;79.83333333333333;
2020-08-15;15.6;30.2;24.0;5.6;33.8;270.0;0.0;3.125;5.708333333333333;3.0416666666666665;79.08333333333333;
2020-08-16;15.7;29.0;23.0;5.8;32.2;270.0;0.0;2.8333333333333335;5.333333333333333;3.0;73.91666666666667;
2020-08-17;15.6;31.7;24.6;4.8;25.7;270.0;0.0;3.5652173913043477;6.086956521739131;2.9565217391304346;73.0;
2020-08-18;15.3;34.7;26.4;3.7;27.4;22.5;0.0;4.045454545454546;6.363636363636363;2.9545454545454546;77.08333333333333;
2020-08-19;18.0;34.0;27.6;9.2;37.0;112.5;0.0;4.208333333333333;6.375;2.9583333333333335;90.54166666666667;
2020-08-20;17.1;35.4;27.6;5.8;33.8;180.0;0.0;4.809523809523809;6.857142857142857;3.0;82.0;
2020-08-21;13.9;35.1;26.3;4.2;27.4;270.0;0.0;5.0;7.318181818181818;3.0;58.166666666666664;
2020-08-22;17.1;35.9;27.4;4.2;25.7;22.5;0.0;5.208333333333333;7.208333333333333;2.9166666666666665;62.041666666666664;
2020-08-23;17.4;33.7;26.8;7.4;33.8;180.0;0.0;5.208333333333333;7.333333333333333;2.875;81.70833333333333;
2020-08-24;21.7;30.9;25.6;16.9;41.8;180.0;0.0;3.4166666666666665;5.708333333333333;3.0;81.04166666666667;
2020-08-25;21.7;33.3;26.9;14.3;38.6;180.0;0.0;2.869565217391304;5.434782608695652;3.0;87.26086956521739;
2020-08-26;17.1;39.0;28.7;4.3;27.4;202.5;0.0;3.8181818181818183;5.863636363636363;2.9545454545454546;80.66666666666667;
2020-08-27;19.0;38.3;29.3;5.5;32.2;202.5;0.0;4.375;6.458333333333333;3.0;91.0;
2020-08-28;19.3;32.4;27.1;8.5;41.8;270.0;0.0;4.916666666666667;7.0;2.8333333333333335;72.33333333333333;
2020-08-29;15.6;26.9;22.0;10.1;51.5;270.0;0.0;2.875;5.291666666666667;3.0;79.41666666666667;
2020-08-30;12.7;28.3;21.4;6.8;30.6;180.0;0.0;3.5833333333333335;5.708333333333333;2.875;73.33333333333333;
2020-08-31;18.7;26.7;22.0;16.9;46.7;157.5;0.0;3.25;5.791666666666667;3.0;84.45833333333333;
2020-09-01;18.2;28.9;22.4;8.5;25.7;180.0;0.0;2.7083333333333335;5.166666666666667;3.0;88.375;
2020-09-02;13.4;28.7;21.6;9.2;41.8;180.0;0.0;3.857142857142857;6.380952380952381;3.0476190476190474;85.9047619047619;
2020-09-03;19.1;27.0;22.8;18.3;51.5;180.0;0.0;2.5;5.208333333333333;3.0;93.75;
2020-09-04;19.0;27.9;22.9;19.5;51.5;180.0;0.0;2.0;4.5;2.7083333333333335;102.125;
2020-09-05;19.3;28.8;22.8;18.7;43.5;180.0;0.0;2.0416666666666665;4.458333333333333;2.9166666666666665;103.25;
2020-09-06;19.4;27.9;22.7;19.8;48.3;180.0;0.0;2.2916666666666665;5.0;3.0;97.66666666666667;
2020-09-07;17.7;34.1;25.9;6.3;30.6;180.0;0.0;3.0833333333333335;5.708333333333333;3.0;94.54166666666667;
2020-09-08;19.2;24.8;21.9;24.5;51.5;180.0;0.0;2.0833333333333335;4.5;2.6666666666666665;94.08333333333333;
2020-09-09;18.1;28.7;22.4;14.5;46.7;180.0;0.0;2.5;5.041666666666667;2.875;99.875;
2020-09-10;18.3;32.4;24.6;7.1;27.4;202.5;0.0;3.7083333333333335;6.25;2.9166666666666665;106.20833333333333;
2020-09-11;19.7;30.0;24.3;11.4;40.2;180.0;0.0;2.5416666666666665;4.958333333333333;2.875;109.95833333333333;
2020-09-12;20.8;30.4;25.2;15.8;51.5;180.0;0.0;2.5;5.083333333333333;2.7916666666666665;111.125;
2020-09-13;22.2;28.4;24.9;19.5;54.7;180.0;0.0;2.0;4.166666666666667;2.5;105.875;
2020-09-14;21.3;27.4;23.9;20.1;54.7;180.0;0.0;2.1666666666666665;4.958333333333333;2.9166666666666665;108.70833333333333;
2020-09-15;16.9;28.5;23.1;10.6;48.3;180.0;0.0;2.25;4.916666666666667;2.7916666666666665;98.875;
2020-09-16;15.9;28.1;22.4;10.8;41.8;112.5;0.0;3.9583333333333335;6.333333333333333;2.9583333333333335;88.16666666666667;
2020-09-17;20.9;27.4;22.9;18.3;49.9;180.0;0.0;2.4545454545454546;4.954545454545454;2.909090909090909;87.77272727272727;
2020-09-18;18.0;23.9;20.9;17.7;57.9;180.0;0.0;3.1666666666666665;5.791666666666667;3.0833333333333335;66.33333333333333;
2020-09-19;13.2;23.8;19.0;5.1;33.8;202.5;0.0;3.2916666666666665;5.583333333333333;2.9583333333333335;61.791666666666664;
2020-09-20;10.1;25.5;18.6;3.9;29.0;270.0;0.0;4.541666666666667;6.625;2.9583333333333335;64.58333333333333;
2020-09-21;14.3;28.3;21.4;3.5;25.7;292.5;0.0;5.125;7.166666666666667;2.875;77.875;
2020-09-22;12.7;29.4;21.7;4.5;25.7;270.0;0.0;6.583333333333333;8.791666666666666;3.1666666666666665;75.70833333333333;
2020-09-23;14.9;26.5;21.1;5.6;37.0;270.0;0.0;3.5833333333333335;6.166666666666667;3.0416666666666665;61.833333333333336;
2020-09-24;17.0;28.8;23.0;5.0;35.4;270.0;0.0;4.541666666666667;6.458333333333333;2.8333333333333335;49.75;
2020-09-25;16.7;24.2;20.6;8.9;35.4;292.5;0.0;2.75;5.25;3.0;70.95833333333333;
2020-09-26;10.6;25.3;18.9;4.5;33.8;270.0;0.0;3.125;5.625;3.0;78.08333333333333;
2020-09-27;14.3;25.4;19.4;6.4;32.2;292.5;0.0;2.75;5.375;3.0;73.04166666666667;
2020-09-28;9.7;27.8;19.3;5.6;35.4;180.0;0.0;5.291666666666667;7.375;2.9583333333333335;71.16666666666667;
2020-09-29;17.8;27.4;21.7;15.6;41.8;180.0;0.0;2.875;5.416666666666667;3.0;102.04166666666667;
2020-09-30;13.9;29.1;21.6;4.3;25.7;202.5;0.0;4.041666666666667;6.333333333333333;2.9166666666666665;92.16666666666667;
2020-10-01;11.2;26.5;19.7;6.8;33.8;270.0;0.0;4.954545454545454;6.909090909090909;2.8636363636363638;73.54545454545455;
2020-10-02;12.9;19.0;16.3;13.5;61.2;270.0;1.6;2.4583333333333335;5.0;2.875;67.91666666666667;
2020-10-03;9.0;18.6;13.6;9.0;30.6;270.0;0.0;4.625;7.291666666666667;3.3333333333333335;70.04166666666667;
2020-10-04;6.1;22.3;15.1;6.1;33.8;270.0;0.0;5.5;8.0;3.4583333333333335;64.875;
2020-10-05;10.1;21.6;16.2;6.0;27.4;292.5;0.0;3.9166666666666665;6.916666666666667;3.7916666666666665;65.70833333333333;
2020-10-06;6.5;26.4;16.8;2.9;20.9;22.5;0.0;8.25;9.958333333333334;3.2916666666666665;60.375;
2020-10-07;9.8;29.6;20.1;5.5;29.0;180.0;0.0;7.833333333333333;9.916666666666666;3.2916666666666665;66.08333333333333;
2020-10-08;19.0;26.6;22.0;13.4;49.9;180.0;0.0;4.25;7.333333333333333;3.7916666666666665;82.33333333333333;
2020-10-09;15.8;26.6;20.8;9.0;30.6;180.0;0.0;3.7083333333333335;6.791666666666667;3.8333333333333335;86.33333333333333;
2020-10-10;14.6;25.1;19.7;8.5;38.6;180.0;0.0;4.666666666666667;7.333333333333333;3.75;71.54166666666667;
2020-10-11;10.7;26.8;18.9;4.2;25.7;0.0;0.0;4.458333333333333;7.458333333333333;3.75;69.79166666666667;
2020-10-12;5.3;24.8;15.6;3.7;25.7;0.0;0.0;5.666666666666667;8.166666666666666;3.3333333333333335;61.291666666666664;
2020-10-13;4.0;26.1;15.6;2.4;17.7;202.5;0.0;5.294117647058823;7.882352941176471;3.588235294117647;63.25;
2020-10-14;10.8;20.0;16.3;7.7;45.1;270.0;0.0;3.772727272727273;7.909090909090909;3.590909090909091;79.04545454545455;
2020-10-15;4.2;21.2;13.9;3.2;24.1;270.0;0.0;5.25;10.083333333333334;3.2083333333333335;63.708333333333336;
2020-10-16;3.5;22.0;13.5;3.2;27.4;202.5;0.0;6.208333333333333;9.708333333333334;2.8333333333333335;64.91666666666667;
2020-10-17;4.3;23.6;13.6;1.8;19.3;202.5;0.0;6.5;9.458333333333334;2.7083333333333335;68.58333333333333;
2020-10-18;4.6;21.8;14.1;10.9;45.1;180.0;0.0;3.875;8.291666666666666;3.0833333333333335;83.04166666666667;
2020-10-19;15.6;22.0;18.1;24.3;61.2;180.0;0.0;2.375;7.5;3.125;105.70833333333333;
2020-10-20;15.4;20.0;17.3;24.3;59.5;180.0;6.2;2.625;7.541666666666667;3.3333333333333335;102.79166666666667;
2020-10-21;14.9;19.1;16.7;7.2;37.0;180.0;2.6;3.875;8.875;3.8333333333333335;64.45833333333333;
2020-10-22;13.8;16.9;15.2;7.6;27.4;180.0;12.8;4.541666666666667;9.125;3.6666666666666665;64.125;
2020-10-23;11.2;19.1;14.7;3.1;24.1;270.0;1.0;6.375;9.666666666666666;2.7916666666666665;51.708333333333336;
2020-10-24;8.3;21.3;14.1;2.4;24.1;202.5;0.2;6.125;9.208333333333334;2.7916666666666665;54.75;
2020-10-25;6.3;18.3;13.2;6.1;37.0;202.5;0.6;4.478260869565218;8.130434782608695;2.782608695652174;57.608695652173914;
2020-10-26;7.2;15.1;12.4;8.4;38.6;270.0;5.0;2.3333333333333335;7.291666666666667;3.0833333333333335;69.66666666666667;
2020-10-27;3.7;18.3;10.7;2.6;19.3;292.5;0.0;5.0;9.666666666666666;3.4285714285714284;52.476190476190474;
2020-10-28;5.6;21.6;13.1;2.1;17.7;202.5;0.0;6.75;9.125;2.5;54.083333333333336;
2020-10-29;6.8;23.3;15.3;7.4;30.6;180.0;0.0;4.916666666666667;9.041666666666666;3.2083333333333335;61.041666666666664;
2020-10-30;14.5;22.9;18.1;11.6;35.4;180.0;0.0;3.25;8.208333333333334;3.0833333333333335;86.29166666666667;
2020-10-31;12.8;27.3;18.4;3.7;17.7;202.5;0.0;4.5;8.416666666666666;2.9166666666666665;72.0;
2020-11-01;8.2;28.4;16.9;1.9;19.3;180.0;0.0;4.833333333333333;7.833333333333333;2.4166666666666665;56.083333333333336;
2020-11-02;7.3;26.3;16.6;4.3;29.0;202.5;0.0;5.086956521739131;8.26086956521739;2.5217391304347827;50.125;
2020-11-03;7.3;26.0;16.3;2.3;20.9;292.5;0.0;8.173913043478262;11.347826086956522;3.0869565217391304;53.91304347826087;
2020-11-04;13.3;16.7;14.5;15.0;41.8;180.0;5.2;3.25;7.875;2.9583333333333335;84.125;
2020-11-05;13.3;18.3;15.7;12.7;51.5;112.5;47.4;2.75;7.708333333333333;3.375;77.0;
2020-11-06;12.1;23.9;18.6;12.2;41.8;112.5;1.8;3.0416666666666665;8.083333333333334;3.3333333333333335;57.083333333333336;
2020-11-07;11.1;19.9;15.4;6.8;40.2;202.5;4.6;2.1666666666666665;6.958333333333333;3.0;70.66666666666667;
2020-11-08;7.3;20.1;13.4;5.1;27.4;202.5;0.2;2.7083333333333335;7.583333333333333;3.0833333333333335;52.041666666666664;
2020-11-09;8.2;19.1;12.9;1.9;17.7;22.5;0.4;3.4166666666666665;8.166666666666666;3.0416666666666665;53.541666666666664;
2020-11-10;5.7;20.3;12.6;2.9;17.7;202.5;0.4;4.333333333333333;8.666666666666666;3.0833333333333335;52.875;
2020-11-11;13.0;18.1;14.8;12.7;38.6;157.5;0.0;2.4583333333333335;7.541666666666667;3.1666666666666665;82.04166666666667;
2020-11-12;12.1;17.9;14.6;13.4;40.2;180.0;0.0;2.3333333333333335;6.958333333333333;3.0833333333333335;81.875;
2020-11-13;13.9;19.2;15.9;10.5;32.2;180.0;0.0;2.6666666666666665;7.541666666666667;3.1666666666666665;79.5;
2020-11-14;12.3;17.2;15.1;6.1;24.1;180.0;0.2;3.3333333333333335;8.166666666666666;3.25;65.08333333333333;
2020-11-15;9.8;24.8;15.9;2.6;12.9;202.5;0.2;2.9166666666666665;7.791666666666667;3.25;37.625;
2020-11-16;10.9;22.8;16.9;3.1;19.3;292.5;0.0;4.666666666666667;8.458333333333334;3.2083333333333335;45.958333333333336;
2020-11-17;7.6;24.9;15.1;2.6;25.7;202.5;0.2;4.75;9.541666666666666;3.5833333333333335;42.958333333333336;
2020-11-18;9.3;18.6;14.3;6.6;37.0;180.0;0.4;3.4166666666666665;8.208333333333334;3.2916666666666665;58.5;
2020-11-19;12.5;18.9;15.1;12.2;38.6;180.0;0.2;2.6666666666666665;7.333333333333333;3.0833333333333335;71.95833333333333;
2020-11-20;13.4;21.6;16.0;10.0;32.2;180.0;0.0;3.125;7.875;3.0416666666666665;75.25;
2020-11-21;12.9;16.7;14.3;18.0;49.9;135.0;0.0;2.5833333333333335;7.375;3.0416666666666665;80.45833333333333;
2020-11-22;10.6;15.7;12.9;16.1;43.5;157.5;0.0;2.125;6.625;2.7916666666666665;83.5;
2020-11-23;9.7;15.3;12.1;16.3;45.1;180.0;0.0;2.1666666666666665;7.083333333333333;3.0833333333333335;86.41666666666667;
2020-11-24;10.7;17.2;12.9;12.7;38.6;180.0;0.0;3.55;7.35;2.7;86.25;
2020-11-25;9.1;16.2;12.0;6.6;37.0;180.0;22.4;4.083333333333333;8.166666666666666;3.0;74.08333333333333;
2020-11-26;7.8;12.8;10.1;6.8;38.6;112.5;28.0;2.7083333333333335;7.333333333333333;3.0;76.66666666666667;
2020-11-27;7.3;11.6;9.1;2.4;17.7;270.0;0.2;3.6666666666666665;8.166666666666666;2.9583333333333335;63.666666666666664;
2020-11-28;8.4;14.5;10.9;3.4;25.7;270.0;0.0;2.7083333333333335;7.083333333333333;2.9166666666666665;61.375;
2020-11-29;9.6;15.3;12.7;7.4;24.1;180.0;0.2;2.5833333333333335;7.291666666666667;3.0416666666666665;73.33333333333333;
2020-11-30;10.6;16.4;13.5;10.6;37.0;157.5;0.0;2.5833333333333335;7.375;3.0;79.08333333333333;
2020-12-01;6.3;17.9;12.6;1.9;19.3;22.5;0.0;4.666666666666667;8.416666666666666;2.9583333333333335;58.75;
2020-12-02;3.5;16.7;10.2;2.9;19.3;292.5;0.2;5.333333333333333;9.041666666666666;3.0416666666666665;51.041666666666664;
2020-12-03;3.6;14.9;9.3;3.7;25.7;270.0;0.2;4.458333333333333;8.916666666666666;3.25;57.166666666666664;
2020-12-04;4.6;11.7;8.7;13.0;61.2;270.0;6.4;1.875;6.083333333333333;2.5416666666666665;75.41666666666667;
2020-12-05;3.2;8.3;5.4;7.1;40.2;270.0;0.0;1.3333333333333333;5.458333333333333;2.375;67.66666666666667;
2020-12-06;3.6;9.8;6.7;8.5;33.8;270.0;0.0;1.25;5.333333333333333;2.5;66.33333333333333;
2020-12-07;7.5;13.0;10.6;10.5;51.5;270.0;0.6;1.5833333333333333;5.625;2.5416666666666665;75.91666666666667;
2020-12-08;7.9;12.9;10.8;18.7;61.2;270.0;3.4;1.4166666666666667;5.458333333333333;2.9583333333333335;80.0;
2020-12-09;3.6;11.5;7.6;4.8;22.5;270.0;0.4;1.9583333333333333;6.375;2.625;67.875;
2020-12-10;7.5;15.1;12.7;10.1;41.8;270.0;4.2;1.8333333333333333;6.208333333333333;2.875;68.125;
2020-12-11;13.9;16.6;15.0;15.4;49.9;270.0;0.0;1.9090909090909092;6.7272727272727275;3.0;62.36363636363637;
2020-12-12;13.7;17.4;14.9;10.6;41.8;270.0;0.0;2.0416666666666665;6.875;3.0;61.166666666666664;
2020-12-13;11.2;18.3;14.3;1.6;14.5;22.5;0.0;4.125;8.0;2.9166666666666665;46.041666666666664;
2020-12-14;9.7;16.3;13.1;2.9;19.3;247.5;1.2;5.791666666666667;9.875;3.3333333333333335;32.5;
2020-12-15;6.5;15.8;11.4;3.2;25.7;270.0;0.4;3.8333333333333335;7.5;2.7083333333333335;63.25;
2020-12-16;2.6;14.6;9.2;5.5;32.2;112.5;7.8;5.666666666666667;9.375;2.9166666666666665;49.083333333333336;
2020-12-17;8.8;15.6;11.2;1.9;17.7;22.5;0.8;4.2727272727272725;8.272727272727273;2.909090909090909;57.18181818181818;
2020-12-18;5.9;17.2;10.3;1.8;16.1;202.5;0.2;5.041666666666667;8.083333333333334;2.625;38.958333333333336;
2020-12-19;4.7;12.4;8.9;1.0;12.9;202.5;1.4;4.583333333333333;8.375;2.75;34.666666666666664;
2020-12-20;7.4;14.6;10.9;2.9;19.3;292.5;0.2;2.3333333333333335;7.333333333333333;3.0;55.375;
2020-12-21;3.2;17.9;9.5;1.8;17.7;112.5;0.2;6.375;10.291666666666666;2.875;35.5;
2020-12-22;5.3;16.6;11.7;9.2;35.4;180.0;0.0;3.1739130434782608;7.434782608695652;2.9130434782608696;62.65217391304348;
2020-12-23;6.1;18.6;12.3;2.9;20.9;247.5;0.0;4.875;8.625;3.0416666666666665;58.958333333333336;
2020-12-24;6.2;16.1;10.4;2.6;20.9;292.5;0.0;4.208333333333333;8.416666666666666;3.125;46.125;
2020-12-25;4.2;14.6;8.1;4.5;30.6;0.0;0.4;2.6363636363636362;7.090909090909091;3.090909090909091;41.22727272727273;
2020-12-26;0.1;11.6;5.4;4.8;22.5;22.5;0.0;5.0;8.291666666666666;2.7916666666666665;51.958333333333336;
2020-12-27;-2.4;12.7;4.0;2.1;20.9;22.5;0.0;3.9166666666666665;8.0;2.9166666666666665;51.125;
2020-12-28;0.6;11.1;8.1;10.1;54.7;270.0;1.6;1.875;6.291666666666667;2.625;74.375;
2020-12-29;3.9;10.6;6.9;6.6;33.8;270.0;0.0;1.9090909090909092;6.181818181818182;2.6818181818181817;68.72727272727273;
2020-12-30;-0.1;9.9;4.9;4.0;19.3;270.0;0.0;3.75;7.958333333333333;2.9583333333333335;58.416666666666664;
2020-12-31;-3.2;10.3;3.8;3.1;25.7;202.5;0.0;3.8333333333333335;7.75;2.875;53.041666666666664;
2021-01-01;5.3;9.7;7.1;10.8;40.2;270.0;1.4;1.4166666666666667;5.541666666666667;2.0;72.16666666666667;4.793478260869565
2021-01-02;0.6;8.2;4.4;5.1;25.7;270.0;0.2;1.9583333333333333;6.083333333333333;;60.25;5.853750000000001
2021-01-03;-2.3;9.4;3.4;2.9;24.1;270.0;0.0;2.0416666666666665;6.166666666666667;;58.791666666666664;6.72
2021-01-04;-2.9;9.3;3.1;2.7;24.1;270.0;0.0;3.5217391304347827;7.608695652173913;;55.30434782608695;6.163043478260869
2021-01-05;1.2;11.5;5.8;1.8;11.3;22.5;1.4;4.125;8.0;;54.208333333333336;5.1450000000000005
2021-01-06;5.4;8.9;7.1;7.7;37.0;180.0;7.4;2.0833333333333335;6.458333333333333;;70.0;4.83
2021-01-07;4.8;6.7;5.8;6.6;19.3;22.5;27.4;3.4166666666666665;7.666666666666667;;57.083333333333336;4.3575
2021-01-08;6.1;10.7;8.6;12.1;48.3;180.0;16.8;2.4583333333333335;6.958333333333333;;63.125;4.06875
2021-01-09;3.9;9.8;6.3;8.7;41.8;247.5;0.4;2.2083333333333335;6.333333333333333;;67.91666666666667;4.6987499999999995
2021-01-10;0.2;7.0;3.6;2.9;17.7;202.5;1.6;2.0833333333333335;6.083333333333333;;59.708333333333336;5.486249999999999
2021-01-11;0.0;11.0;4.4;2.7;19.3;202.5;0.2;2.875;7.333333333333333;;54.833333333333336;5.43375
2021-01-12;-1.9;12.4;3.7;1.6;16.1;202.5;0.2;6.0;9.095238095238095;;41.142857142857146;7.3500000000000005
2021-01-13;-2.9;13.3;3.7;1.8;16.1;202.5;0.2;7.583333333333333;10.5;;42.458333333333336;9.03
2021-01-14;-2.9;12.2;4.1;2.3;20.9;292.5;0.2;5.8;9.7;;56.3;8.6625
2021-01-15;-2.8;14.0;5.7;3.1;17.7;292.5;0.0;7.166666666666667;10.041666666666666;;53.875;10.6575
2021-01-16;-1.6;15.3;7.2;3.9;24.1;202.5;0.0;5.391304347826087;9.26086956521739;;60.608695652173914;8.05304347826087
2021-01-17;-1.4;18.4;7.5;1.4;11.3;22.5;0.2;4.869565217391305;8.608695652173912;;57.34782608695652;6.656086956521739
2021-01-18;-1.1;16.5;7.6;4.3;32.2;202.5;0.0;6.916666666666667;11.458333333333334;;54.958333333333336;7.245
2021-01-19;2.2;16.3;8.8;4.3;24.1;180.0;0.0;4.291666666666667;8.166666666666666;;72.25;6.195
2021-01-20;5.9;11.3;9.0;8.4;37.0;180.0;15.4;4.0476190476190474;8.095238095238095;;68.0952380952381;7.23
2021-01-21;7.8;14.8;11.1;6.6;38.6;225.0;0.6;3.0416666666666665;7.291666666666667;;70.83333333333333;4.27875
2021-01-22;10.0;14.4;12.7;17.5;59.5;247.5;0.0;2.125;6.75;;77.375;4.4887500000000005
2021-01-23;8.9;13.3;10.9;9.5;43.5;270.0;0.0;1.75;6.125;;78.33333333333333;4.12125
2021-01-24;9.4;15.4;13.1;10.6;46.7;247.5;0.6;1.9583333333333333;6.333333333333333;;68.83333333333333;4.01625
2021-01-25;8.8;15.7;12.5;8.7;45.1;247.5;0.6;2.2916666666666665;6.958333333333333;;59.458333333333336;4.095
2021-01-26;11.8;15.8;13.7;5.8;30.6;270.0;1.2;1.9;6.4;;59.38095238095238;3.80625
2021-01-27;9.3;18.2;14.4;3.7;24.1;0.0;0.2;;;;44.958333333333336;3.9375
2021-01-28;6.2;25.3;13.7;1.6;14.5;202.5;0.2;;;;30.541666666666668;5.0925
2021-01-29;6.1;19.4;11.7;3.9;22.5;292.5;0.2;;;;32.625;7.00875
2021-01-30;10.1;14.8;12.2;9.2;49.9;270.0;0.2;;;;59.583333333333336;4.4624999999999995
2021-01-31;8.7;14.7;11.3;12.1;43.5;270.0;0.2;;;;76.66666666666667;4.848260869565218
2021-02-01;8.4;16.1;12.9;9.2;35.4;270.0;0.8;;;;62.666666666666664;4.0687500000000005
2021-02-02;7.3;16.9;12.0;3.1;19.3;0.0;0.0;;;;62.791666666666664;4.62
2021-02-03;6.9;16.1;11.1;1.9;14.5;22.5;0.0;;;;44.791666666666664;5.27625
2021-02-04;7.7;17.2;12.1;5.6;41.8;180.0;0.0;12.666666666666666;13.5;;46.30434782608695;6.135652173913043
2021-02-05;9.9;16.9;13.3;9.8;33.8;180.0;2.2;10.708333333333334;11.875;;69.125;9.79125
2021-02-06;7.5;14.1;10.4;9.5;43.5;202.5;0.6;3.5416666666666665;7.416666666666667;;73.625;4.2
2021-02-07;7.7;11.0;9.0;9.3;45.1;247.5;0.2;5.333333333333333;8.5;;65.91666666666667;4.1475
2021-02-08;8.6;13.8;11.1;13.5;56.3;247.5;7.6;5.166666666666667;8.791666666666666;;78.16666666666667;4.095
2021-02-09;8.3;15.8;11.7;11.9;49.9;202.5;4.6;4.541666666666667;8.291666666666666;;71.16666666666667;3.9899999999999998
2021-02-10;10.8;15.1;13.0;14.5;62.8;247.5;0.8;5.208333333333333;8.541666666666666;;76.08333333333333;4.0424999999999995
2021-02-11;11.3;17.2;13.3;2.3;17.7;22.5;0.8;8.375;10.625;;58.916666666666664;4.12125
2021-02-12;8.1;16.6;13.2;5.8;29.0;270.0;0.4;2.4545454545454546;6.818181818181818;;70.86363636363636;3.9899999999999998
2021-02-13;3.9;18.6;10.5;2.3;20.9;202.5;0.0;4.666666666666667;7.291666666666667;;58.875;5.7749999999999995
2021-02-14;1.8;16.8;9.9;12.7;46.7;157.5;0.2;3.0869565217391304;6.391304347826087;;64.21739130434783;5.615217391304348
2021-02-15;9.9;13.8;11.2;27.2;67.6;157.5;0.0;2.0869565217391304;6.391304347826087;;88.47826086956522;4.574347826086957
2021-02-16;7.8;18.7;11.7;12.4;48.3;180.0;0.0;5.391304347826087;8.73913043478261;;78.43478260869566;5.286521739130435
2021-02-17;2.6;20.7;11.3;3.2;25.7;202.5;0.0;5.476190476190476;7.9523809523809526;;50.0;6.93
2021-02-18;2.7;18.2;10.7;2.3;19.3;292.5;0.0;5.636363636363637;8.090909090909092;;56.40909090909091;8.505
2021-02-19;1.6;18.9;10.6;6.9;43.5;180.0;0.2;6.956521739130435;9.043478260869565;;67.69565217391305;7.505217391304348
2021-02-20;9.0;16.1;12.1;15.6;43.5;180.0;0.0;5.875;9.458333333333334;;104.58333333333333;7.9799999999999995
2021-02-21;6.6;13.2;10.2;8.7;48.3;247.5;5.6;2.4166666666666665;6.666666666666667;;80.70833333333333;8.924999999999999
2021-02-22;2.6;14.0;8.7;5.3;25.7;270.0;0.0;5.208333333333333;8.75;;75.41666666666667;4.352727272727273
2021-02-23;0.5;14.9;8.3;7.9;38.6;157.5;0.0;6.0476190476190474;9.238095238095237;;63.333333333333336;5.3999999999999995
2021-02-24;10.4;13.5;11.8;20.9;56.3;112.5;0.0;2.4583333333333335;7.125;;84.91304347826087;
2021-02-25;10.5;13.6;11.9;16.1;54.7;180.0;0.0;4.333333333333333;8.5;;95.125;
2021-02-26;10.1;13.8;11.9;12.9;53.1;180.0;0.0;4.55;8.55;;91.55;8.12
2021-02-27;9.5;13.3;10.9;11.9;33.8;157.5;0.0;2.7083333333333335;7.25;;84.04166666666667;6.95625
2021-02-28;9.6;13.8;11.3;13.8;41.8;157.5;0.0;3.125;7.75;;82.375;9.00375
2021-03-01;7.9;16.1;11.8;3.4;38.6;22.5;0.8;4.916666666666667;8.75;;64.66666666666667;15.566249999999998
2021-03-02;5.1;18.0;12.2;2.7;19.3;202.5;0.0;5.333333333333333;9.041666666666666;;57.791666666666664;17.71875
2021-03-03;7.7;16.9;12.1;7.1;32.2;180.0;0.0;5.5;9.041666666666666;;58.125;13.36125
2021-03-04;9.4;14.1;11.4;16.4;45.1;157.5;0.0;2.9166666666666665;7.541666666666667;;90.66666666666667;10.106250000000001
2021-03-05;9.7;12.7;10.8;10.0;35.4;112.5;1.8;2.25;6.916666666666667;;89.16666666666667;7.875
2021-03-06;7.9;12.9;10.7;1.4;12.9;202.5;1.2;5.333333333333333;8.791666666666666;;54.375;9.03
2021-03-07;7.9;15.9;11.4;2.1;20.9;22.5;9.8;4.125;8.458333333333334;;55.291666666666664;5.80125
2021-03-08;4.9;15.2;10.0;4.3;27.4;270.0;0.2;3.130434782608696;7.478260869565218;;54.52173913043478;7.203913043478261
2021-03-09;5.9;15.4;9.4;3.5;25.7;202.5;0.2;4.571428571428571;8.238095238095237;;59.57142857142857;6.382173913043478
2021-03-10;1.4;18.1;9.8;2.3;22.5;292.5;0.2;4.954545454545454;8.545454545454545;;49.09090909090909;5.412272727272727
2021-03-11;2.5;20.1;11.5;2.4;19.3;202.5;0.0;5.25;9.333333333333334;;54.208333333333336;6.95625
2021-03-12;4.6;18.7;12.1;5.5;30.6;292.5;0.0;5.173913043478261;8.434782608695652;;58.65217391304348;6.245217391304347
2021-03-13;3.1;18.9;12.1;6.3;41.8;270.0;0.0;3.9565217391304346;8.347826086956522;;76.21739130434783;6.3273913043478265
2021-03-14;2.7;20.3;12.2;3.9;24.1;202.5;0.0;2.7916666666666665;7.125;;77.66666666666667;6.405
2021-03-15;4.6;18.9;12.8;7.6;35.4;180.0;0.0;3.0416666666666665;7.416666666666667;;81.95833333333333;5.1450000000000005
2021-03-16;7.0;17.8;12.6;10.8;43.5;180.0;0.0;1.9;6.4;;88.85;5.01
2021-03-17;9.2;18.2;13.3;10.3;40.2;180.0;0.0;1.0;5.375;;90.0;5.01375
2021-03-18;3.3;19.8;12.1;6.4;33.8;22.5;0.0;1.125;5.541666666666667;;68.20833333333333;4.095
2021-03-19;3.6;14.4;9.7;8.7;41.8;0.0;0.0;1.125;5.25;;71.33333333333333;5.53875
2021-03-20;4.1;14.0;8.7;11.6;40.2;0.0;0.2;1.0833333333333333;4.916666666666667;;71.45833333333333;4.1475
2021-03-21;-0.8;16.1;8.1;2.9;27.4;202.5;0.0;1.0;4.791666666666667;;68.0;5.565
2021-03-22;1.3;18.6;10.3;4.2;32.2;0.0;0.0;1.3333333333333333;5.166666666666667;;68.04166666666667;5.04
2021-03-23;1.2;20.8;12.1;3.5;22.5;270.0;0.0;1.2083333333333333;5.416666666666667;;61.125;6.09
2021-03-24;3.0;22.8;13.3;3.4;24.1;270.0;0.0;1.1666666666666667;5.541666666666667;;69.20833333333333;6.641249999999999
2021-03-25;4.3;23.2;13.6;3.7;25.7;202.5;0.0;1.4;5.9;;61.42857142857143;6.87
2021-03-26;4.1;23.3;13.8;2.3;24.1;202.5;0.0;;;;61.56521739130435;9.915652173913044
2021-03-27;5.0;20.7;13.4;10.6;46.7;180.0;0.0;;;;80.04545454545455;10.206
2021-03-28;11.6;16.8;13.6;22.0;56.3;180.0;0.0;;;;104.54166666666667;6.5625
2021-03-29;11.9;19.1;14.9;18.9;49.9;180.0;0.0;;;;99.19047619047619;6.42
2021-03-30;11.3;21.3;16.6;11.7;51.5;180.0;0.0;;;;94.45;8.82
2021-03-31;14.2;21.3;17.6;18.3;67.6;180.0;0.0;;;;101.125;7.454999999999999
2021-04-01;12.8;20.8;16.4;15.1;62.8;180.0;0.0;;;;96.0;7.11375
2021-04-02;9.6;19.4;14.6;6.3;33.8;270.0;0.0;;;;80.1304347826087;5.368695652173913
2021-04-03;5.6;21.1;14.1;4.3;27.4;270.0;0.0;;;;61.13333333333333;7.811999999999999
2021-04-04;6.2;22.6;14.0;5.0;32.2;180.0;0.0;;;;71.33333333333333;8.084999999999999
2021-04-05;11.3;19.2;14.7;11.4;38.6;180.0;0.0;;;;91.33333333333333;6.74625
2021-04-06;6.2;25.9;16.4;2.7;22.5;202.5;0.0;;;;65.86363636363636;6.4312499999999995
2021-04-07;7.2;24.1;15.1;10.3;46.7;180.0;0.0;;;;74.91304347826087;7.203913043478261
2021-04-08;10.7;15.7;12.9;20.1;46.7;112.5;0.0;;;;91.08333333333333;5.06625
2021-04-09;10.3;18.9;13.2;16.4;45.1;180.0;0.0;;;;93.875;5.43375
2021-04-10;11.5;18.6;14.4;14.3;35.4;180.0;0.0;;;;89.91666666666667;5.04
2021-04-11;7.1;20.4;14.2;7.1;35.4;270.0;0.0;;;;63.708333333333336;4.5675
2021-04-12;6.4;19.1;13.3;10.1;41.8;180.0;0.0;;;;63.833333333333336;4.83
2021-04-13;12.1;19.1;14.7;18.5;45.1;180.0;0.0;;;;88.16666666666667;4.54125
2021-04-14;10.6;14.8;12.5;18.0;48.3;180.0;0.0;;;;90.375;4.7775
2021-04-15;10.6;15.1;12.4;11.9;33.8;180.0;0.0;;;;80.0;3.85875
2021-04-16;9.8;17.7;13.5;10.3;33.8;180.0;10.8;;;;83.41666666666667;4.17375
2021-04-17;8.6;21.0;14.6;5.8;27.4;270.0;1.2;;;;87.47619047619048;5.31
2021-04-18;5.3;22.8;14.7;4.3;30.6;0.0;0.0;;;;74.625;5.88
2021-04-19;8.7;23.9;16.7;6.9;29.0;180.0;0.0;;;;101.5;6.11625
2021-04-20;6.2;21.1;15.2;5.6;33.8;270.0;0.0;3.727272727272727;7.181818181818182;;69.71428571428571;5.302499999999999
2021-04-21;9.8;20.7;15.2;6.9;27.4;270.0;0.8;4.583333333333333;7.625;;73.33333333333333;4.43625
2021-04-22;10.1;21.9;15.6;5.0;25.7;270.0;0.2;3.5833333333333335;7.25;;73.875;4.0424999999999995
2021-04-23;13.1;18.3;15.1;20.8;66.0;112.5;0.0;2.5416666666666665;6.333333333333333;;96.125;4.85625
2021-04-24;12.3;16.1;13.9;16.6;70.8;180.0;0.6;2.5;6.0;;92.95833333333333;5.0925
2021-04-25;12.7;16.4;14.4;5.8;32.2;112.5;2.0;3.0416666666666665;6.708333333333333;;74.0;7.42875
2021-04-26;9.2;19.2;14.5;6.0;40.2;202.5;0.2;4.375;7.916666666666667;;55.916666666666664;5.355
2021-04-27;9.7;18.7;14.3;5.8;29.0;202.5;7.2;3.1666666666666665;6.833333333333333;;60.083333333333336;3.9637499999999997
2021-04-28;8.1;19.5;14.4;6.8;33.8;247.5;0.0;4.458333333333333;7.875;;69.70833333333333;4.41
2021-04-29;10.4;18.1;14.3;6.8;29.0;247.5;0.0;4.0;7.173913043478261;;86.26086956521739;4.683913043478261
2021-04-30;6.6;18.4;12.8;4.3;33.8;270.0;1.2;3.6666666666666665;7.0;;80.04166666666667;4.218260869565217
2021-05-01;7.2;17.3;12.9;8.0;40.2;270.0;0.0;2.875;6.375;;88.125;4.6725
2021-05-02;3.3;22.2;13.4;4.8;35.4;180.0;0.0;3.375;6.875;;85.29166666666667;5.32875
2021-05-03;10.8;18.9;14.2;13.8;45.1;180.0;0.0;2.75;6.5;;97.0;5.3025
2021-05-04;8.2;24.2;16.2;6.3;30.6;202.5;0.0;3.4583333333333335;7.208333333333333;;80.75;5.4075
2021-05-05;9.6;26.9;18.7;5.3;27.4;202.5;0.0;3.3333333333333335;7.041666666666667;;88.41666666666667;4.5675
2021-05-06;9.9;28.1;20.5;5.3;33.8;270.0;0.0;5.083333333333333;8.583333333333334;;80.875;6.37875
2021-05-07;9.8;29.7;20.7;5.6;40.2;202.5;0.0;6.363636363636363;9.318181818181818;;78.95454545454545;6.614999999999999
2021-05-08;10.8;27.1;20.5;11.4;48.3;112.5;0.0;4.25;7.791666666666667;;91.70833333333333;6.27375
2021-05-09;13.3;22.6;17.6;15.8;59.5;202.5;0.2;2.4583333333333335;6.333333333333333;;86.75;4.6725
2021-05-10;9.4;18.4;14.1;10.0;51.5;247.5;0.0;2.375;6.291666666666667;;81.54166666666667;4.12125
2021-05-11;8.8;19.9;14.3;7.7;29.0;270.0;0.0;2.5416666666666665;6.25;;86.0;4.3575
2021-05-12;6.4;22.8;16.1;7.2;35.4;270.0;0.0;4.833333333333333;8.25;;75.29166666666667;5.22375
2021-05-13;11.9;24.3;18.2;8.0;35.4;270.0;0.0;3.0;6.583333333333333;;82.85714285714286;5.0925
2021-05-14;13.1;25.3;19.0;6.4;27.4;292.5;0.0;2.6666666666666665;5.541666666666667;;82.04166666666667;5.80125
2021-05-15;9.1;30.8;21.4;4.3;29.0;292.5;0.0;4.083333333333333;6.666666666666667;;73.625;5.6175
2021-05-16;14.3;30.3;24.1;7.1;37.0;270.0;0.0;3.375;6.291666666666667;;53.541666666666664;6.06375
2021-05-17;15.4;29.9;23.1;7.2;29.0;270.0;0.0;3.3333333333333335;6.041666666666667;;58.541666666666664;5.355
2021-05-18;11.7;29.9;22.1;6.4;30.6;270.0;0.0;4.25;6.708333333333333;;69.5;6.27375
2021-05-19;14.0;31.8;22.6;8.7;38.6;180.0;0.0;3.9583333333333335;6.833333333333333;;68.0;6.168749999999999
2021-05-20;16.1;23.8;19.4;20.6;54.7;180.0;0.0;3.0;5.625;;85.875;5.53875
2021-05-21;14.3;30.2;22.4;8.9;32.2;180.0;0.0;3.45;6.0;;91.8695652173913;5.220000000000001
2021-05-22;12.8;28.2;21.8;6.0;30.6;292.5;0.0;3.4166666666666665;6.291666666666667;;76.54166666666667;5.669999999999999
2021-05-23;14.8;22.3;18.6;9.2;41.8;270.0;0.0;1.9583333333333333;4.541666666666667;;85.41666666666667;4.6987499999999995
2021-05-24;8.8;25.9;18.3;5.1;25.7;270.0;0.0;3.4583333333333335;6.166666666666667;;80.75;5.3812500000000005
2021-05-25;10.0;26.2;19.0;11.6;45.1;180.0;0.0;4.5;7.375;;83.16666666666667;4.7775
2021-05-26;14.9;23.8;18.5;18.2;51.5;180.0;0.0;2.5416666666666665;5.416666666666667;;97.04166666666667;5.69625
2021-05-27;15.0;18.9;16.7;10.6;40.2;180.0;0.4;2.7083333333333335;5.125;;81.54166666666667;7.32375
2021-05-28;13.2;25.2;18.8;7.7;30.6;180.0;0.6;3.875;6.625;;76.54166666666667;6.72
2021-05-29;16.1;27.7;21.4;13.8;46.7;180.0;0.0;2.375;5.375;;96.91666666666667;5.9325
2021-05-30;18.4;25.2;21.2;15.6;45.1;180.0;0.0;2.1666666666666665;4.791666666666667;;91.125;6.72
2021-05-31;18.8;29.0;22.4;15.8;49.9;180.0;0.0;3.1666666666666665;6.0;;90.04166666666667;5.74875
2021-06-01;15.6;24.4;19.6;7.9;35.4;270.0;0.0;2.8181818181818183;5.7272727272727275;;82.13636363636364;5.984999999999999
2021-06-02;9.2;27.8;19.8;6.8;32.2;180.0;0.0;3.5416666666666665;6.333333333333333;;83.5;5.22375
2021-06-03;14.4;26.8;20.7;11.7;46.7;180.0;0.0;3.5;6.416666666666667;;95.83333333333333;8.505
2021-06-04;14.7;25.1;19.9;7.2;37.0;180.0;0.0;3.4583333333333335;6.125;;85.41666666666667;7.69125
2021-06-05;16.6;23.5;19.2;8.0;29.0;180.0;1.4;2.4166666666666665;5.25;;82.375;8.505
2021-06-06;11.4;30.3;21.4;5.5;30.6;22.5;0.2;4.083333333333333;6.75;;79.04166666666667;6.982499999999999
2021-06-07;18.2;29.8;24.1;14.2;46.7;180.0;0.0;3.0416666666666665;5.958333333333333;;98.04166666666667;5.302499999999999
2021-06-08;18.2;31.7;25.7;12.6;37.0;180.0;0.0;3.0833333333333335;5.958333333333333;;95.45833333333333;5.3812500000000005
2021-06-09;16.9;32.6;26.0;7.9;41.8;180.0;0.0;4.791666666666667;7.041666666666667;;87.66666666666667;5.9325
2021-06-10;14.8;32.1;25.1;10.3;40.2;112.5;0.0;7.0;8.846153846153847;;68.46153846153847;5.67
2021-06-11;19.7;30.4;24.8;14.6;45.1;180.0;0.0;;;;;
2021-06-12;17.2;27.7;22.7;11.3;43.5;180.0;0.0;;;;;
2021-06-13;18.1;29.3;24.1;11.4;38.6;180.0;0.0;;;;;
2021-06-14;14.7;33.6;24.8;6.4;25.7;180.0;0.0;;;;;
2021-06-15;17.6;31.6;25.0;6.6;29.0;112.5;0.0;;;;;
2021-06-16;17.0;27.8;21.8;8.0;33.8;270.0;0.0;;;;;
2021-06-17;16.1;23.5;19.7;7.9;41.8;202.5;0.0;;;;;
2021-06-18;14.5;25.1;19.8;9.3;46.7;202.5;0.0;;;;;
2021-06-19;12.2;24.9;17.8;6.6;32.2;270.0;0.0;;;;;
2021-06-20;13.1;23.9;18.3;7.6;35.4;270.0;0.0;;;;;
2021-06-21;16.6;24.0;19.6;9.2;37.0;270.0;0.0;;;;;
2021-06-22;12.3;25.6;19.8;7.1;32.2;270.0;0.0;;;;;
2021-06-23;11.4;29.8;21.6;4.2;24.1;180.0;0.0;;;;;
2021-06-24;16.9;26.6;21.8;18.3;49.9;180.0;0.0;;;;;
2021-06-25;18.6;26.7;22.3;20.6;51.5;180.0;0.0;;;;;
2021-06-26;18.1;31.7;24.9;11.9;35.4;180.0;0.0;;;;;
2021-06-27;14.5;30.9;24.3;6.4;35.4;270.0;0.0;;;;;
2021-06-28;16.1;29.4;23.4;6.6;32.2;270.0;0.0;;;;;5.04
2021-06-29;12.1;32.4;23.6;4.5;25.7;270.0;0.0;;;;;5.59125
2021-06-30;17.2;31.1;24.5;10.9;35.4;180.0;0.0;10.11111111111111;9.666666666666666;;;6.93
2021-07-01;17.9;32.9;25.5;8.9;30.6;180.0;0.0;8.333333333333334;9.583333333333334;;70.0;7.56
2021-07-02;16.4;35.4;27.1;5.1;27.4;270.0;0.0;8.583333333333334;9.958333333333334;;92.58333333333333;9.05625
2021-07-03;14.0;34.3;25.9;6.4;32.2;270.0;0.0;6.25;8.875;;75.91666666666667;6.824999999999999
2021-07-04;19.4;33.2;26.9;5.5;30.6;270.0;0.0;4.833333333333333;7.875;;71.0;4.9875
2021-07-05;16.8;35.8;27.4;5.5;32.2;270.0;0.0;6.0;8.458333333333334;;74.95833333333333;5.3025
2021-07-06;18.4;31.3;25.7;7.6;37.0;270.0;0.0;4.5;7.291666666666667;;64.6086956521739;5.17125
2021-07-07;19.9;29.9;24.4;6.9;30.6;270.0;0.0;4.375;7.416666666666667;;78.54166666666667;5.5125
2021-07-08;14.1;29.9;23.5;10.9;45.1;180.0;0.0;5.375;7.916666666666667;;79.41666666666667;8.5575
2021-07-09;20.9;28.6;24.1;22.0;62.8;180.0;0.0;3.25;6.291666666666667;;85.66666666666667;10.1325
2021-07-10;22.2;32.6;26.2;21.4;56.3;180.0;0.0;3.5416666666666665;6.541666666666667;;97.75;11.36625
2021-07-11;22.4;36.3;30.0;13.0;45.1;180.0;0.0;3.75;6.666666666666667;;91.83333333333333;
2021-07-12;23.5;32.3;28.4;10.1;43.5;270.0;0.0;4.25;7.208333333333333;;81.16666666666667;16.275000000000002
2021-07-13;18.0;31.2;24.4;6.8;24.1;270.0;0.0;3.5454545454545454;6.818181818181818;;69.63636363636364;10.022727272727273
2021-07-14;17.4;29.1;23.4;12.7;40.2;180.0;0.0;;;;;
2021-07-15;18.9;28.5;23.5;19.5;51.5;180.0;0.0;3.076923076923077;6.153846153846154;;93.92307692307692;8.19
2021-07-16;19.1;30.3;24.7;21.4;49.9;180.0;0.0;3.0833333333333335;6.208333333333333;;86.58333333333333;7.5075
2021-07-17;20.6;36.8;28.4;10.6;33.8;180.0;0.0;3.625;6.666666666666667;;95.58333333333333;9.00375
2021-07-18;18.2;33.9;28.3;6.6;45.1;270.0;0.0;4.416666666666667;7.291666666666667;;97.875;10.98
2021-07-19;18.8;34.6;27.8;6.1;32.2;270.0;0.0;4.625;7.375;;85.375;
2021-07-20;16.1;32.6;25.3;4.5;32.2;270.0;0.0;5.375;7.833333333333333;;84.375;
2021-07-21;14.8;34.3;26.0;7.6;37.0;180.0;0.0;6.083333333333333;8.166666666666666;;82.75;
2021-07-22;18.6;35.2;28.6;11.6;45.1;112.5;0.0;4.041666666666667;6.958333333333333;;103.45833333333333;11.194615384615386
2021-07-23;27.0;37.6;31.4;12.1;35.4;180.0;0.0;3.2083333333333335;6.25;;120.70833333333333;15.198749999999999
2021-07-24;20.8;35.4;28.7;6.3;33.8;270.0;0.0;3.3333333333333335;6.333333333333333;;91.58333333333333;12.99375
2021-07-25;17.0;31.9;25.7;7.9;37.0;270.0;0.0;2.75;6.0;;81.08333333333333;9.05625
2021-07-26;19.8;31.1;25.3;7.6;33.8;270.0;0.0;3.0454545454545454;6.318181818181818;;64.5;5.355
2021-07-27;20.8;29.7;25.2;16.4;40.2;180.0;0.0;2.5;5.75;;100.54166666666667;6.58875
2021-07-28;20.8;33.1;26.3;14.2;48.3;180.0;0.0;2.9166666666666665;6.166666666666667;;102.125;6.2475
2021-07-29;21.2;31.9;25.7;17.5;54.7;180.0;0.0;3.0416666666666665;6.083333333333333;;91.16666666666667;7.3500000000000005
2021-07-30;17.9;35.9;27.1;6.0;40.2;270.0;0.0;4.125;7.166666666666667;;85.5;7.638749999999999
2021-07-31;17.3;28.3;24.4;9.5;40.2;270.0;0.0;3.0;6.083333333333333;;76.20833333333333;5.17125
2021-08-01;14.7;29.9;23.6;6.0;27.4;270.0;0.0;2.9166666666666665;6.041666666666667;;82.5;5.669999999999999
2021-08-02;13.5;30.8;22.5;5.8;35.4;180.0;0.0;4.454545454545454;7.318181818181818;;84.36363636363636;6.672272727272727
2021-08-03;19.1;31.0;24.8;10.1;30.6;180.0;0.0;2.875;6.0;;99.08333333333333;6.2475
2021-08-04;16.4;33.6;26.1;5.8;27.4;270.0;0.0;4.5;7.333333333333333;;76.83333333333333;5.853750000000001
2021-08-05;17.3;36.2;28.2;4.3;30.6;270.0;0.0;4.791666666666667;7.375;;80.625;4.935
2021-08-06;17.1;35.3;28.1;6.0;33.8;270.0;0.0;4.916666666666667;7.791666666666667;;79.83333333333333;5.25
2021-08-07;20.1;31.1;26.0;7.7;32.2;270.0;0.0;2.5416666666666665;5.875;;81.83333333333333;5.1187499999999995
2021-08-08;15.1;33.1;24.8;4.2;24.1;270.0;0.0;2.7916666666666665;5.916666666666667;;83.375;5.06625
2021-08-09;21.7;29.0;24.6;16.4;40.2;180.0;0.0;2.4545454545454546;5.7272727272727275;;83.47826086956522;8.218636363636364
2021-08-10;21.5;31.2;25.3;10.9;48.3;180.0;0.0;3.1666666666666665;6.25;;81.25;7.90125
2021-08-11;20.6;34.6;27.2;7.6;38.6;180.0;0.0;3.6666666666666665;6.625;;84.79166666666667;13.1775
2021-08-12;19.3;36.3;28.1;8.4;35.4;180.0;0.0;5.416666666666667;8.166666666666666;;84.29166666666667;14.253749999999998
2021-08-13;26.9;38.8;33.2;11.6;48.3;180.0;0.0;2.75;6.0;;109.25;15.6975
2021-08-14;29.3;40.4;34.2;12.9;40.2;180.0;0.0;3.0;6.166666666666667;;110.125;16.77375
2021-08-15;23.8;42.2;33.4;7.2;37.0;270.0;0.0;4.0;6.958333333333333;;95.95833333333333;15.82875
2021-08-16;22.0;41.0;32.6;5.8;40.2;270.0;0.0;5.458333333333333;7.875;;82.125;10.36875
2021-08-17;21.4;31.2;26.3;15.0;49.9;180.0;0.0;3.5833333333333335;6.458333333333333;;90.79166666666667;11.76
2021-08-18;22.1;31.4;25.8;13.2;35.4;180.0;0.0;2.5416666666666665;5.416666666666667;;87.125;8.82
2021-08-19;19.9;31.3;25.4;9.2;30.6;180.0;0.0;3.0416666666666665;6.041666666666667;;90.33333333333333;7.6125
2021-08-20;21.5;32.4;26.0;10.8;33.8;180.0;0.0;2.4166666666666665;5.5;;99.16666666666667;7.21875
2021-08-21;17.7;34.6;25.9;5.3;25.7;202.5;0.0;4.208333333333333;6.958333333333333;;79.75;7.69125
2021-08-22;22.5;32.9;26.6;9.0;35.4;180.0;0.0;3.2916666666666665;6.083333333333333;;85.54166666666667;8.53125
2021-08-23;19.3;31.9;25.4;10.3;41.8;180.0;0.0;3.7916666666666665;6.5;;91.16666666666667;8.321250000000001
2021-08-24;21.8;30.7;25.2;13.2;46.7;180.0;0.0;2.7916666666666665;5.75;;86.16666666666667;8.084999999999999
2021-08-25;20.0;30.8;25.1;8.4;40.2;112.5;0.0;2.9583333333333335;5.708333333333333;;88.375;7.1925
2021-08-26;19.4;30.4;25.2;12.6;41.8;180.0;0.0;2.5;5.458333333333333;;94.95833333333333;7.4025
2021-08-27;16.2;34.8;26.0;5.8;30.6;270.0;0.0;3.7916666666666665;6.416666666666667;;86.29166666666667;8.58375
2021-08-28;15.2;31.1;24.1;6.4;32.2;270.0;0.0;2.9166666666666665;5.958333333333333;;68.91666666666667;6.509999999999999
2021-08-29;15.9;29.5;23.0;5.3;30.6;270.0;0.0;2.9583333333333335;6.0;;53.541666666666664;4.305
2021-08-30;15.2;31.1;23.6;3.4;22.5;22.5;0.0;3.625;6.333333333333333;;70.70833333333333;4.961250000000001
2021-08-31;16.2;29.4;23.4;10.9;43.5;180.0;0.0;4.388888888888889;7.277777777777778;;77.05555555555556;5.355
2021-09-01;17.8;29.7;22.3;6.0;51.5;180.0;1.6;7.181818181818182;10.045454545454545;;77.13636363636364;6.21409090909091
2021-09-02;14.4;30.1;22.3;3.7;24.1;270.0;0.0;12.958333333333334;18.166666666666668;;53.333333333333336;5.25
2021-09-03;13.4;31.8;23.1;3.2;22.5;202.5;0.0;16.0;22.25;;55.458333333333336;5.1450000000000005
2021-09-04;15.2;31.2;23.9;7.7;35.4;180.0;0.0;9.833333333333334;11.916666666666666;;69.91666666666667;5.88
2021-09-05;21.8;30.2;25.3;19.6;49.9;180.0;0.0;3.125;6.375;;86.95833333333333;5.46
2021-09-06;21.9;30.7;25.8;21.9;53.1;180.0;0.0;2.4583333333333335;5.875;;101.58333333333333;10.053749999999999
2021-09-07;24.3;33.1;28.3;16.1;46.7;180.0;0.0;2.8333333333333335;5.958333333333333;;114.20833333333333;10.8675
2021-09-08;15.7;27.7;22.6;7.9;33.8;270.0;0.0;4.583333333333333;7.416666666666667;;63.333333333333336;10.1325
2021-09-09;17.3;26.4;22.1;8.2;29.0;270.0;0.0;2.7083333333333335;6.125;;75.91666666666667;8.95125
2021-09-10;14.8;30.8;23.5;3.9;25.7;270.0;0.0;4.318181818181818;6.909090909090909;;73.95454545454545;10.605
2021-09-11;14.4;30.9;23.8;7.9;35.4;180.0;0.0;4.875;7.583333333333333;;76.5;10.815
2021-09-12;19.1;31.1;25.2;11.6;48.3;180.0;0.0;3.6666666666666665;6.916666666666667;;96.08333333333333;7.970869565217391
2021-09-13;21.6;26.6;23.8;15.4;46.7;180.0;0.6;4.291666666666667;7.375;;92.58333333333333;10.290000000000001
2021-09-14;18.1;26.4;21.5;9.8;37.0;180.0;7.0;4.333333333333333;7.375;;67.41666666666667;14.46375
2021-09-15;16.6;23.3;19.4;3.2;22.5;22.5;3.4;10.208333333333334;12.458333333333334;;54.791666666666664;6.85125
2021-09-16;13.7;26.9;20.5;2.9;20.9;292.5;0.2;10.0;12.333333333333334;;70.91666666666667;6.4575
2021-09-17;13.9;29.6;21.9;3.5;24.1;202.5;0.0;9.833333333333334;11.875;;82.20833333333333;7.5075
2021-09-18;14.7;29.1;22.6;4.8;30.6;270.0;0.0;6.416666666666667;8.791666666666666;;78.08333333333333;6.824999999999999
2021-09-19;11.9;30.3;21.4;6.3;30.6;180.0;0.0;5.875;8.333333333333334;;73.125;6.875217391304347
2021-09-20;18.6;30.2;23.2;6.3;20.9;180.0;0.0;3.375;6.541666666666667;;93.41666666666667;
2021-09-21;16.4;24.8;20.3;12.7;49.9;180.0;0.0;3.25;6.416666666666667;;87.75;
2021-09-22;14.9;24.8;20.3;13.5;43.5;157.5;0.0;3.5238095238095237;6.809523809523809;;95.0952380952381;
2021-09-23;19.2;25.4;21.2;17.4;49.9;112.5;0.0;2.625;6.208333333333333;;100.41666666666667;
2021-09-24;18.6;23.2;20.9;12.2;38.6;180.0;7.8;3.6666666666666665;6.833333333333333;;80.625;
2021-09-25;14.6;25.3;20.2;3.9;27.4;0.0;0.0;4.608695652173913;7.434782608695652;;88.125;6.93
2021-09-26;11.6;29.3;20.0;2.4;24.1;202.5;0.0;6.541666666666667;8.916666666666666;;76.41666666666667;7.4025
2021-09-27;11.4;30.3;21.0;1.9;22.5;202.5;0.0;9.130434782608695;10.565217391304348;;74.79166666666667;9.8175
2021-09-28;12.3;29.1;21.0;3.2;27.4;202.5;0.0;7.521739130434782;9.217391304347826;;83.20833333333333;17.7975
2021-09-29;12.1;29.9;21.1;4.8;27.4;180.0;0.0;8.791666666666666;13.916666666666666;;88.79166666666667;24.85875
2021-09-30;18.4;26.9;21.8;15.4;45.1;180.0;0.0;3.0;6.25;;100.25;15.645000000000001
2021-10-01;16.8;29.0;22.2;6.0;25.7;180.0;0.0;3.9583333333333335;6.833333333333333;;92.29166666666667;15.6975
2021-10-02;13.3;29.1;21.3;3.9;25.7;202.5;0.0;6.375;8.708333333333334;;79.08333333333333;11.83875
2021-10-03;10.4;22.5;17.2;8.2;38.6;247.5;3.2;4.125;7.166666666666667;;56.125;6.326250000000001
2021-10-04;11.0;22.0;15.3;4.5;22.5;270.0;0.0;5.416666666666667;8.416666666666666;;69.45833333333333;4.83
2021-10-05;7.1;25.8;16.5;3.1;24.1;202.5;0.0;7.666666666666667;10.25;;58.65217391304348;4.80375
2021-10-06;9.8;27.3;19.1;7.4;38.6;180.0;0.0;6.636363636363637;9.681818181818182;;65.18181818181819;4.80375
2021-10-07;17.7;26.2;21.0;12.7;40.2;180.0;0.0;3.25;6.416666666666667;;93.95833333333333;5.22375
2021-10-08;11.6;28.6;20.1;5.3;24.1;202.5;0.0;4.291666666666667;7.291666666666667;;76.375;5.1975
2021-10-09;17.0;24.5;19.9;14.3;45.1;180.0;0.0;3.0833333333333335;6.333333333333333;;95.29166666666667;5.355
2021-10-10;16.9;23.2;19.4;19.0;53.1;180.0;0.0;3.5;6.708333333333333;;93.875;4.935
2021-10-11;16.2;24.3;19.7;17.9;54.7;112.5;0.0;2.125;5.666666666666667;;99.33333333333333;5.1450000000000005
2021-10-12;17.1;23.8;19.6;19.2;53.1;180.0;0.0;2.3333333333333335;5.666666666666667;;98.20833333333333;8.37375
2021-10-13;10.3;27.7;18.6;5.6;30.6;180.0;0.0;5.125;7.875;;82.375;10.185
2021-10-14;16.4;22.6;18.6;17.1;41.8;180.0;0.0;3.125;6.333333333333333;;100.20833333333333;8.4
2021-10-15;15.3;27.2;19.3;9.5;37.0;180.0;0.0;4.791666666666667;7.291666666666667;;91.04166666666667;9.52875
2021-10-16;9.9;27.6;18.9;3.2;25.7;270.0;0.0;6.375;8.875;;74.5;12.52125
2021-10-17;13.9;27.3;20.8;2.6;17.7;292.5;0.0;5.25;8.166666666666666;;77.33333333333333;12.25875
2021-10-18;13.3;25.8;19.6;8.7;35.4;180.0;0.0;4.041666666666667;7.208333333333333;;92.70833333333333;10.26375
2021-10-19;17.0;23.2;19.3;20.1;51.5;180.0;0.0;2.6818181818181817;6.2272727272727275;;102.31818181818181;8.11125
2021-10-20;15.3;25.8;20.3;11.7;38.6;180.0;0.0;3.4166666666666665;6.708333333333333;;91.125;8.19
2021-10-21;10.1;26.0;18.1;3.9;30.6;270.0;0.0;7.916666666666667;10.5;;65.08333333333333;15.46125
2021-10-22;9.5;21.4;16.6;4.0;27.4;270.0;0.0;5.125;8.083333333333334;;70.54166666666667;10.998750000000001
2021-10-23;13.3;22.3;17.3;9.5;32.2;180.0;0.0;2.375;5.916666666666667;;91.83333333333333;6.85125
2021-10-24;13.7;22.4;17.4;9.8;33.8;180.0;0.0;2.5416666666666665;6.041666666666667;;88.75;6.95625
2021-10-25;13.2;21.8;16.8;7.4;24.1;180.0;0.0;3.4583333333333335;6.791666666666667;;87.95833333333333;7.665
2021-10-26;13.7;20.6;16.7;11.3;37.0;180.0;0.0;3.6666666666666665;7.041666666666667;;95.20833333333333;7.21875
2021-10-27;7.9;21.8;16.2;8.4;33.8;180.0;0.0;3.9166666666666665;6.916666666666667;;89.16666666666667;8.741249999999999
2021-10-28;14.5;21.8;17.2;14.2;33.8;180.0;0.0;2.75;6.375;;90.45833333333333;7.271249999999999
2021-10-29;12.6;22.1;17.0;10.0;35.4;202.5;0.0;3.7083333333333335;7.083333333333333;;85.875;7.927499999999999
2021-10-30;17.7;22.3;19.7;13.8;49.9;225.0;0.0;2.0833333333333335;5.375;;65.66666666666667;5.43375
2021-10-31;18.3;21.6;19.4;11.9;41.8;225.0;3.0;2.0;5.478260869565218;;50.95652173913044;4.601739130434782
2021-11-01;17.8;21.3;19.0;10.5;45.1;247.5;4.6;1.9583333333333333;5.458333333333333;;47.708333333333336;4.935
2021-11-02;14.1;18.0;15.3;5.3;29.0;270.0;0.4;3.8333333333333335;7.041666666666667;;65.5;5.1187499999999995
2021-11-03;10.2;14.7;12.9;9.3;43.5;270.0;0.6;3.5416666666666665;6.833333333333333;;76.25;5.22375
2021-11-04;4.4;14.4;10.4;6.0;27.4;270.0;0.0;5.0;7.695652173913044;;66.3913043478261;6.168749999999999
2021-11-05;1.5;14.3;8.6;6.3;40.2;0.0;0.0;6.5;9.5;;56.541666666666664;6.53625
2021-11-06;3.6;15.1;9.3;6.9;29.0;22.5;0.0;5.291666666666667;8.208333333333334;;60.0;6.825
2021-11-07;-0.8;16.7;7.8;2.6;27.4;202.5;0.0;5.416666666666667;8.125;;60.0;6.8775
2021-11-08;-0.1;17.4;8.8;4.0;29.0;0.0;0.0;7.291666666666667;10.25;;56.125;7.4025
2021-11-09;2.4;19.7;11.4;3.2;20.9;202.5;0.0;7.083333333333333;10.0;;63.833333333333336;6.354782608695652
2021-11-10;3.6;20.0;12.1;2.6;19.3;202.5;0.0;6.916666666666667;9.333333333333334;;66.70833333333333;7.665
2021-11-11;0.6;18.6;9.9;2.1;22.5;202.5;0.0;9.583333333333334;12.208333333333334;;58.0;10.893749999999999
2021-11-12;-0.2;20.2;10.1;1.3;12.9;202.5;0.0;9.583333333333334;11.958333333333334;;56.875;11.2875
2021-11-13;2.6;20.3;11.9;4.5;27.4;180.0;0.0;6.583333333333333;9.625;;65.16666666666667;7.83
2021-11-14;4.3;21.9;12.7;2.4;20.9;22.5;0.0;5.666666666666667;8.291666666666666;;61.541666666666664;7.37625
2021-11-15;5.3;17.7;11.9;5.6;33.8;0.0;0.0;6.75;9.625;;62.0;6.85125
2021-11-16;0.4;18.8;9.4;3.1;22.5;45.0;0.0;8.842105263157896;12.263157894736842;;46.578947368421055;5.845
2021-11-17;1.7;17.1;9.8;5.3;27.4;112.5;0.0;5.875;9.25;;62.166666666666664;4.59375
2021-11-18;2.6;17.3;10.6;8.0;43.5;112.5;0.0;4.916666666666667;8.291666666666666;;67.95833333333333;5.59125
2021-11-19;9.5;19.1;15.1;16.1;64.4;112.5;0.0;2.8333333333333335;6.166666666666667;;81.16666666666667;6.396923076923077
2021-11-20;12.1;15.7;14.2;9.2;43.5;180.0;0.2;3.7083333333333335;6.875;;73.16666666666667;
2021-11-21;8.7;16.2;12.1;1.8;20.9;247.5;8.2;5.083333333333333;8.0;;52.0;4.976999999999999
2021-11-22;8.9;14.5;12.0;6.6;40.2;247.5;3.2;2.9583333333333335;6.25;;76.25;7.166250000000001
2021-11-23;1.5;12.1;7.4;5.6;35.4;247.5;2.8;5.125;8.583333333333334;;57.75;6.72
2021-11-24;0.9;11.8;6.9;4.8;29.0;247.5;0.2;3.625;6.791666666666667;;55.166666666666664;6.01125
2021-11-25;3.7;12.2;8.4;5.0;30.6;247.5;1.8;3.9583333333333335;7.041666666666667;;65.75;7.0200000000000005
2021-11-26;1.5;10.8;6.9;4.7;24.1;270.0;0.2;5.238095238095238;8.095238095238095;;54.904761904761905;
2021-11-27;1.9;11.6;7.2;7.9;37.0;270.0;1.4;3.5833333333333335;6.916666666666667;;64.0;
2021-11-28;2.1;9.5;6.0;9.8;32.2;270.0;0.0;2.125;5.25;;67.79166666666667;
2021-11-29;7.8;12.4;9.9;9.3;38.6;270.0;0.0;2.625;5.708333333333333;;72.04166666666667;6.3
2021-11-30;-0.1;16.8;7.7;1.4;12.9;22.5;0.0;6.791666666666667;9.416666666666666;;53.541666666666664;
2021-12-01;-0.5;13.2;6.7;4.2;25.7;270.0;0.2;7.208333333333333;12.083333333333334;;44.5;7.216363636363636
2021-12-02;7.2;11.9;9.4;10.8;41.8;270.0;0.4;2.75;6.041666666666667;;70.0;5.565
2021-12-03;-1.2;13.3;6.5;3.7;22.5;292.5;0.0;5.739130434782608;8.652173913043478;;55.869565217391305;6.217826086956522
2021-12-04;-1.7;14.0;7.4;4.3;32.2;270.0;0.0;6.166666666666667;9.0;;51.166666666666664;6.405
2021-12-05;7.6;12.1;10.0;9.0;37.0;270.0;0.0;2.4583333333333335;5.875;;70.125;6.58875
2021-12-06;2.3;13.1;7.9;3.9;20.9;270.0;0.0;3.5416666666666665;6.708333333333333;;65.5;7.84875
2021-12-07;0.8;17.7;9.2;3.9;30.6;270.0;0.0;6.375;9.041666666666666;;50.041666666666664;7.7175
2021-12-08;8.1;12.9;11.1;9.8;40.2;270.0;3.0;2.2083333333333335;5.708333333333333;;74.58333333333333;5.22375
2021-12-09;5.1;13.7;9.6;7.9;30.6;270.0;0.0;2.6956521739130435;6.0;;69.30434782608695;6.053478260869565
2021-12-10;9.2;12.8;11.1;6.6;27.4;270.0;0.0;2.7916666666666665;6.166666666666667;;68.08333333333333;4.6987499999999995
2021-12-11;6.6;18.1;11.6;3.5;20.9;292.5;0.0;4.125;7.208333333333333;;60.75;5.3812500000000005
2021-12-12;1.8;19.2;10.8;8.7;37.0;157.5;0.2;5.25;8.416666666666666;;48.583333333333336;6.27375
2021-12-13;10.9;16.4;13.1;16.3;46.7;157.5;0.0;2.75;6.125;;78.54166666666667;5.565
2021-12-14;8.2;14.7;11.3;12.4;40.2;180.0;0.0;3.260869565217391;6.6521739130434785;;80.52173913043478;7.69695652173913
2021-12-15;9.6;13.7;11.2;13.4;43.5;112.5;0.0;2.875;6.375;;82.79166666666667;7.90125
2021-12-16;10.4;14.2;11.9;16.6;56.3;112.5;0.0;2.9583333333333335;6.458333333333333;;81.54166666666667;9.7125
2021-12-17;10.2;14.3;11.7;17.2;48.3;157.5;0.0;2.4761904761904763;5.761904761904762;;84.0952380952381;10.025217391304347
2021-12-18;6.4;14.4;11.1;12.2;40.2;112.5;0.0;2.625;6.208333333333333;;80.70833333333333;8.793750000000001
2021-12-19;11.2;14.5;12.3;23.3;59.5;112.5;0.0;2.0416666666666665;5.5;;87.04166666666667;7.927499999999999
2021-12-20;10.8;13.8;12.1;13.2;40.2;180.0;0.0;4.25;7.291666666666667;;78.0;10.815
2021-12-21;9.4;20.8;14.3;6.3;37.0;180.0;0.0;6.125;8.833333333333334;;56.291666666666664;19.420434782608698
2021-12-22;10.8;16.4;12.7;4.2;19.3;112.5;27.4;4.291666666666667;7.791666666666667;;62.333333333333336;10.21125
2021-12-23;7.9;13.9;11.3;7.7;38.6;180.0;5.0;5.541666666666667;8.5;;54.208333333333336;7.0874999999999995
2021-12-24;9.7;12.1;11.3;8.5;32.2;180.0;28.8;2.2083333333333335;5.541666666666667;;72.33333333333333;5.27625
2021-12-25;11.2;15.1;12.9;7.2;43.5;180.0;4.0;2.9166666666666665;6.291666666666667;;67.41666666666667;4.38375
2021-12-26;11.1;16.4;14.1;7.2;35.4;247.5;0.2;2.1666666666666665;5.458333333333333;;69.79166666666667;4.7775
2021-12-27;13.6;16.5;15.1;7.4;37.0;270.0;1.4;2.0;5.708333333333333;;65.58333333333333;4.2525
2021-12-28;9.7;16.6;13.3;3.2;24.1;292.5;0.8;2.5454545454545454;6.045454545454546;;66.4090909090909;4.696363636363636
2021-12-29;5.1;18.8;10.8;1.6;12.9;22.5;0.2;10.208333333333334;12.458333333333334;;43.75;9.47625
2021-12-30;7.1;22.8;13.8;3.9;29.0;22.5;0.2;8.083333333333334;10.583333333333334;;48.958333333333336;6.641249999999999
2021-12-31;3.6;23.1;12.6;1.6;12.9;202.5;0.2;8.708333333333334;11.125;;42.791666666666664;8.924999999999999
2022-01-01;7.1;18.8;13.8;7.2;40.2;180.0;0.0;5.583333333333333;8.0;;59.5;14.555416666666666
2022-01-02;2.0;22.6;10.1;0.6;8.0;202.5;0.0;7.708333333333333;;;32.708333333333336;12.075000000000001
2022-01-03;2.2;23.9;10.8;0.6;12.9;180.0;0.0;10.708333333333334;;;31.583333333333332;14.183333333333332
2022-01-04;4.3;17.4;9.6;5.6;45.1;270.0;3.0;8.541666666666666;;;41.291666666666664;16.483333333333334
2022-01-05;5.0;10.5;8.3;7.9;40.2;270.0;0.2;2.4782608695652173;;;71.69565217391305;8.241666666666667
2022-01-06;3.3;12.3;8.8;6.8;43.5;270.0;2.4;1.6956521739130435;;;72.30434782608695;9.05
2022-01-07;0.1;13.8;6.4;3.7;35.4;0.0;0.0;5.791666666666667;;;47.833333333333336;9.487499999999999
2022-01-08;-1.1;16.3;6.6;0.8;12.9;202.5;0.2;6.791666666666667;;;40.125;6.2475
2022-01-09;-1.3;14.2;6.1;2.9;22.5;22.5;0.0;4.916666666666667;;;52.958333333333336;11.5
2022-01-10;4.7;12.6;8.8;2.9;20.9;270.0;0.0;4.791666666666667;;;56.291666666666664;10.254166666666666
2022-01-11;1.5;14.9;8.8;9.2;43.5;157.5;0.2;5.5;;;45.541666666666664;10.20625
2022-01-12;4.8;12.6;9.6;9.8;38.6;112.5;0.0;3.2083333333333335;;;76.79166666666667;7.618750000000001
2022-01-13;7.6;12.2;9.7;19.0;74.0;90.0;0.0;2.5;;;88.79166666666667;9.200000000000001
2022-01-14;5.7;12.7;9.7;15.3;46.7;112.5;0.0;2.909090909090909;;;86.27272727272727;9.98409090909091
2022-01-15;3.9;12.7;9.3;8.7;33.8;112.5;0.0;3.380952380952381;;;84.0952380952381;9.747619047619047
2022-01-16;3.8;15.5;8.7;2.4;22.5;0.0;0.0;4.391304347826087;;;68.08695652173913;11.549999999999999
2022-01-17;3.5;13.3;8.9;13.7;38.6;157.5;0.0;3.8260869565217392;;;84.17391304347827;12.35
2022-01-18;7.1;12.9;9.4;15.8;43.5;157.5;0.0;3.9545454545454546;;;94.54545454545455;11.552272727272728
2022-01-19;4.1;13.6;8.5;8.2;38.6;112.5;0.0;4.333333333333333;;;89.66666666666667;11.226190476190476
2022-01-20;0.4;14.6;7.9;3.2;22.5;180.0;0.0;5.714285714285714;;;77.69565217391305;13.36875
2022-01-21;-0.8;13.2;7.4;5.6;25.7;112.5;0.0;4.434782608695652;;;76.65217391304348;11.1
2022-01-22;7.7;13.1;10.0;18.5;54.7;112.5;0.0;2.4782608695652173;;;93.52173913043478;9.8
2022-01-23;8.8;11.9;9.9;25.4;64.4;112.5;0.0;2.1904761904761907;;;87.66666666666667;8.488095238095237
2022-01-24;8.9;11.8;9.9;18.5;48.3;112.5;0.0;3.1739130434782608;;;86.21739130434783;8.200000000000001
2022-01-25;4.7;12.4;9.2;7.1;33.8;112.5;0.0;4.0476190476190474;;;85.61904761904762;4.9799999999999995
2022-01-26;7.4;13.2;10.9;10.1;38.6;90.0;0.0;3.8181818181818183;;;79.77272727272727;12.179545454545455
2022-01-27;9.6;14.3;11.6;13.4;38.6;112.5;0.0;3.909090909090909;;;85.45454545454545;12.806818181818182
2022-01-28;5.2;15.4;10.4;12.4;45.1;112.5;0.0;3.3636363636363638;;;83.27272727272727;10.120000000000001
2022-01-29;6.2;16.5;11.7;13.7;45.1;112.5;0.0;;;;;
2022-01-30;6.7;16.8;13.2;12.6;48.3;157.5;0.0;;;;;
2022-01-31;1.5;20.7;10.3;2.3;20.9;270.0;0.0;;;;;
2022-02-01;3.5;16.6;10.9;6.1;27.4;0.0;0.0;;;;;
2022-02-02;5.6;20.8;13.4;7.9;29.0;112.5;0.0;;;;;
2022-02-03;3.7;22.1;13.0;2.4;19.3;292.5;0.0;;;;;
2022-02-04;4.8;14.9;9.8;1.4;11.3;22.5;0.2;;;;;
2022-02-05;7.6;19.5;12.6;3.2;27.4;270.0;0.2;;;;;
2022-02-06;9.1;15.4;11.7;12.9;41.8;157.5;0.0;;;;;
2022-02-07;5.3;17.0;11.7;7.4;27.4;157.5;0.0;;;;;
2022-02-08;9.8;14.7;11.6;20.3;54.7;157.5;0.0;;;;;
2022-02-09;9.3;14.6;11.2;18.8;48.3;157.5;0.0;;;;;
2022-02-10;6.4;18.2;11.2;6.8;27.4;180.0;0.0;6.2727272727272725;;;96.36363636363636;12.545454545454545
2022-02-11;5.8;20.3;11.8;3.9;20.9;180.0;0.0;6.833333333333333;;;73.375;13.512500000000001
2022-02-12;8.2;15.3;10.9;9.8;38.7;180.0;0.0;4.5;;;95.45833333333333;15.045833333333334
2022-02-13;8.7;16.1;11.5;8.5;33.8;157.5;0.0;4.708333333333333;;;94.0;16.914583333333333
2022-02-14;7.4;14.2;10.8;6.0;30.6;270.0;0.8;4.25;;;81.33333333333333;9.966666666666667
2022-02-15;-0.3;16.9;8.3;2.7;20.9;292.5;0.0;5.9523809523809526;;;66.95238095238095;8.385416666666666
2022-02-16;-0.1;17.1;8.8;3.7;27.4;292.5;0.0;6.583333333333333;;;61.333333333333336;9.775
2022-02-17;3.2;24.2;12.5;2.3;25.7;247.5;0.0;6.958333333333333;;;67.5;11.452083333333334
2022-02-18;4.3;22.7;13.6;5.3;27.4;270.0;0.0;5.416666666666667;;;70.20833333333333;7.6187499999999995
2022-02-19;10.3;15.7;12.2;3.5;22.5;270.0;0.0;3.9583333333333335;;;65.54166666666667;11.308333333333332
2022-02-20;10.0;15.7;12.5;9.7;38.6;157.5;0.0;3.1666666666666665;;;86.20833333333333;8.385416666666666
2022-02-21;6.2;21.1;12.9;5.6;27.4;180.0;0.0;4.916666666666667;;;75.66666666666667;6.995833333333334
2022-02-22;1.7;21.3;11.9;8.2;40.2;157.5;0.0;6.916666666666667;;;63.125;8.625
2022-02-23;10.5;18.8;14.2;17.5;49.9;157.5;0.0;3.6666666666666665;;;96.95833333333333;7.283333333333334
2022-02-24;10.7;19.9;14.0;10.3;37.0;157.5;0.6;4.846153846153846;;;90.23076923076923;8.677272727272728
2022-02-25;10.9;14.8;12.3;17.2;57.9;112.5;0.4;4.291666666666667;;;85.875;
2022-02-26;10.7;14.4;12.1;19.8;49.9;157.5;0.0;2.3076923076923075;;;88.3076923076923;
2022-02-27;9.9;16.6;12.0;11.4;37.0;157.5;0.0;;;;;
2022-02-28;5.5;14.1;10.5;12.4;43.5;157.5;0.0;;;;;
2022-03-01;7.0;18.0;12.3;7.7;30.6;180.0;0.0;4.181818181818182;;;93.0;16.518181818181816
2022-03-02;2.6;20.0;12.6;3.9;29.0;270.0;0.0;5.791666666666667;;;69.66666666666667;18.879166666666666
2022-03-03;3.8;16.7;10.8;8.5;51.5;270.0;2.8;5.208333333333333;;;71.875;13.177083333333334
2022-03-04;5.4;13.7;8.8;12.6;53.1;270.0;3.4;3.347826086956522;;;74.82608695652173;10.206249999999999
2022-03-05;3.1;13.8;8.5;3.2;29.0;247.5;0.0;5.583333333333333;;;56.041666666666664;9.775
2022-03-06;1.2;17.2;8.4;3.9;22.5;180.0;0.0;5.875;;;67.41666666666667;13.129166666666668
2022-03-07;6.7;15.0;10.2;7.7;37.0;202.5;0.8;4.875;;;87.5;11.356250000000001
2022-03-08;3.2;14.4;8.9;2.6;20.9;202.5;0.0;4.791666666666667;;;74.375;9.966666666666667
2022-03-09;0.5;16.8;9.5;8.2;40.2;157.5;0.0;5.375;;;64.54166666666667;9.535416666666666
2022-03-10;7.3;17.8;12.2;9.3;37.0;180.0;0.0;4.583333333333333;;;93.95833333333333;13.464583333333332
2022-03-11;7.8;14.6;10.9;7.1;29.0;180.0;9.0;6.083333333333333;;;91.45833333333333;15.004761904761907
2022-03-12;5.4;15.3;10.8;4.7;30.6;247.5;0.2;3.625;;;74.29166666666667;7.283333333333334
2022-03-13;9.8;18.4;13.2;2.9;35.4;22.5;2.6;3.5;;;79.16666666666667;6.420833333333333
2022-03-14;6.3;10.1;8.3;5.5;45.1;247.5;59.4;2.75;;;87.5;6.277083333333334
2022-03-15;7.8;13.2;9.9;4.3;48.3;22.5;16.0;3.1818181818181817;;;66.9090909090909;132.29791666666668
2022-03-16;8.7;11.3;9.8;1.0;22.5;22.5;19.2;2.8333333333333335;;;84.04166666666667;33.68541666666667
2022-03-17;10.2;15.9;13.2;9.7;38.6;0.0;1.0;3.1666666666666665;;;74.625;20.7
2022-03-18;5.5;17.0;11.1;5.1;33.8;157.5;0.0;4.791666666666667;;;61.833333333333336;11.2125
2022-03-19;8.5;15.8;11.8;11.3;46.7;112.5;0.0;3.7916666666666665;;;89.16666666666667;11.93125
2022-03-20;10.6;15.9;12.6;25.3;72.4;112.5;0.6;2.0;;;97.375;12.985416666666666
2022-03-21;9.3;14.8;11.6;11.4;45.1;112.5;4.2;3.125;;;90.70833333333333;6.708333333333333
2022-03-22;8.6;15.7;11.8;7.7;32.2;135.0;5.6;3.25;;;82.41666666666667;10.0625
2022-03-23;10.1;15.4;12.1;6.1;33.8;22.5;11.0;3.0;;;81.91666666666667;11.547916666666666
2022-03-24;9.0;14.9;11.5;6.0;27.4;270.0;24.6;3.5416666666666665;;;71.75;55.63125
2022-03-25;8.4;12.4;10.2;8.4;46.7;90.0;16.6;2.9166666666666665;;;83.33333333333333;93.86874999999999
2022-03-26;7.3;16.7;11.4;2.9;22.5;202.5;0.0;2.9583333333333335;;;64.58333333333333;65.02291666666666
2022-03-27;10.5;16.2;12.7;17.2;46.7;112.5;0.0;2.6956521739130435;;;93.69565217391305;39.75
2022-03-28;10.8;14.6;12.5;24.5;67.6;157.5;0.0;2.4347826086956523;;;99.21739130434783;22.15
2022-03-29;10.8;17.3;12.8;7.1;45.1;157.5;21.6;2.4166666666666665;;;82.95833333333333;19.933333333333334
2022-03-30;10.8;16.1;13.2;8.5;46.7;247.5;0.0;2.4583333333333335;;;75.20833333333333;16.65
2022-03-31;8.5;15.7;11.6;11.1;48.3;247.5;10.8;2.1666666666666665;;;82.75;10.589583333333334
2022-04-01;7.2;15.8;11.2;7.9;35.4;270.0;0.0;2.409090909090909;;;84.95454545454545;6.229166666666667
2022-04-02;3.5;15.4;9.9;4.2;22.5;22.5;0.0;3.5;;;75.91666666666667;9.104166666666666
2022-04-03;2.5;12.3;8.1;9.8;40.2;112.5;0.0;3.4166666666666665;;;79.625;8.097916666666666
2022-04-04;6.5;14.9;9.9;11.9;48.3;22.5;0.2;3.1666666666666665;;;87.20833333333333;7.1875
2022-04-05;6.2;9.8;8.2;5.0;22.5;22.5;14.0;3.625;;;72.125;5.941666666666666
2022-04-06;6.7;14.2;9.5;3.9;29.0;270.0;1.8;3.9166666666666665;;;62.5;7.427083333333333
2022-04-07;3.2;19.5;11.8;3.2;22.5;270.0;0.2;5.0;;;67.36363636363636;8.761904761904763
2022-04-08;5.6;19.6;13.2;4.8;30.6;270.0;0.0;4.708333333333333;;;60.791666666666664;8.049999999999999
2022-04-09;6.9;22.6;15.3;3.5;25.7;270.0;0.0;3.25;;;63.583333333333336;7.858333333333333
2022-04-10;10.2;20.3;15.7;15.9;54.7;112.5;0.0;3.347826086956522;;;81.33333333333333;7.235416666666667
2022-04-11;12.3;18.2;15.4;16.6;48.3;112.5;0.0;2.0;;;96.91304347826087;10.65
2022-04-12;7.0;15.1;11.3;4.0;40.2;202.5;30.8;3.5;;;74.79166666666667;6.995833333333334
2022-04-13;8.2;18.1;12.8;6.8;29.0;270.0;2.6;2.25;;;77.625;6.229166666666667
2022-04-14;9.8;21.6;15.9;5.6;27.4;270.0;0.0;3.5833333333333335;;;75.95833333333333;6.995833333333334
2022-04-15;8.4;23.8;15.8;5.1;30.6;180.0;0.0;3.4583333333333335;;;68.58333333333333;7.954166666666667
2022-04-16;8.1;27.4;17.9;2.7;19.3;202.5;0.0;6.375;;;78.20833333333333;11.85
2022-04-17;10.0;28.2;19.9;3.2;20.9;270.0;0.0;4.333333333333333;;;65.41666666666667;12.362499999999999
2022-04-18;14.6;25.4;19.6;7.1;32.2;202.5;0.0;4.958333333333333;;;100.125;13.65625
2022-04-19;9.3;19.1;14.5;8.5;49.9;247.5;0.0;4.708333333333333;;;71.04166666666667;10.302083333333334
2022-04-20;6.1;12.6;9.7;11.7;43.5;270.0;3.2;2.75;;;78.5;6.947916666666667
2022-04-21;6.6;17.1;12.3;10.0;43.5;270.0;0.0;2.875;;;86.45833333333333;6.7562500000000005
2022-04-22;7.9;14.7;11.6;12.6;57.9;180.0;2.6;2.5;;;81.58333333333333;6.852083333333333
2022-04-23;8.5;13.7;10.7;13.8;49.9;247.5;8.2;1.8333333333333333;;;89.54166666666667;5.989583333333333
2022-04-24;6.3;19.3;13.0;3.1;20.9;270.0;0.2;2.625;;;75.79166666666667;7.427083333333333
2022-04-25;4.9;21.1;13.8;5.8;30.6;112.5;0.0;4.875;;;73.83333333333333;7.139583333333333
2022-04-26;11.3;18.4;14.9;7.6;32.2;157.5;0.0;4.454545454545454;;;97.22727272727273;7.109090909090909
2022-04-27;9.3;19.6;13.8;5.8;35.4;180.0;8.4;6.722222222222222;;;72.75;7.427083333333333
2022-04-28;7.0;21.1;12.8;4.0;40.2;202.5;3.0;4.0588235294117645;;;59.333333333333336;9.775
2022-04-29;9.3;22.3;14.9;5.5;25.7;157.5;0.0;2.9166666666666665;;;92.29166666666667;7.7625
2022-04-30;7.7;22.6;15.9;5.8;27.4;180.0;0.0;3.3333333333333335;;;95.20833333333333;8.960416666666667
2022-05-01;8.1;26.7;18.5;3.9;25.7;202.5;0.0;4.0;;;76.20833333333333;12.889583333333334
2022-05-02;9.2;20.2;15.7;8.9;46.7;247.5;0.0;2.7916666666666665;;;76.125;9.870833333333334
2022-05-03;10.9;19.8;13.7;4.7;24.1;270.0;1.4;2.5;;;71.75;5.75
2022-05-04;9.6;18.4;12.8;2.3;32.2;180.0;2.6;3.3333333333333335;;;60.75;7.379166666666666
2022-05-05;7.3;22.9;14.8;5.0;27.4;22.5;0.2;3.9166666666666665;;;69.16666666666667;9.535416666666666
2022-05-06;8.2;26.2;18.4;3.9;22.5;270.0;0.0;3.8333333333333335;;;70.91666666666667;7.283333333333334
2022-05-07;9.7;27.8;18.7;4.3;27.4;202.5;0.0;4.125;;;77.375;10.206249999999999
2022-05-08;12.4;27.4;19.6;6.3;24.1;202.5;0.0;2.3333333333333335;;;106.58333333333333;9.05625
2022-05-09;13.3;25.3;19.9;9.7;35.4;112.5;0.0;3.25;;;100.625;8.385416666666666
2022-05-10;16.0;23.6;19.5;17.9;45.1;157.5;0.0;2.375;;;113.29166666666667;7.90625
2022-05-11;13.8;23.8;19.3;14.2;43.5;112.5;0.0;2.25;;;103.29166666666667;8.672916666666667
2022-05-12;17.1;24.7;20.4;16.4;45.1;180.0;0.0;2.7142857142857144;;;104.14285714285714;8.768749999999999
2022-05-13;14.2;27.7;21.6;9.2;33.8;112.5;0.0;3.5833333333333335;;;108.875;11.5
2022-05-14;18.3;26.8;21.9;14.8;43.5;180.0;0.0;2.5833333333333335;;;116.45833333333333;13.272916666666667
2022-05-15;11.4;26.3;19.2;5.8;29.0;270.0;0.0;2.75;;;77.375;13.943750000000001
2022-05-16;9.4;27.6;19.8;3.4;24.1;270.0;0.0;3.3333333333333335;;;59.583333333333336;8.960416666666667
2022-05-17;10.6;31.8;21.8;2.7;29.0;180.0;0.0;6.208333333333333;;;72.04166666666667;12.458333333333334
2022-05-18;16.1;28.7;23.9;13.0;48.3;157.5;0.0;3.5416666666666665;;;90.875;14.327083333333334
2022-05-19;21.4;28.8;24.9;16.3;48.3;157.5;0.0;2.7916666666666665;;;109.625;14.518749999999999
2022-05-20;21.4;29.1;25.0;16.3;53.1;180.0;0.0;2.9166666666666665;;;113.91666666666667;17.202083333333334
2022-05-21;22.6;30.1;26.4;17.5;54.7;157.5;0.0;2.4583333333333335;;;115.33333333333333;19.8
2022-05-22;16.6;27.3;22.2;6.8;30.6;270.0;0.0;2.75;;;88.375;13.94375
2022-05-23;13.9;28.5;21.7;6.0;29.0;270.0;0.0;2.6666666666666665;;;89.04166666666667;11.595833333333333
2022-05-24;14.5;24.7;20.5;9.2;46.7;247.5;0.0;2.7916666666666665;;;81.41666666666667;9.583333333333334
2022-05-25;12.1;25.3;19.1;8.5;33.8;270.0;0.0;3.5;;;91.33333333333333;10.685416666666667
2022-05-26;14.2;23.0;18.3;16.7;45.1;157.5;0.0;3.2916666666666665;;;101.20833333333333;7.3500000000000005
2022-05-27;15.6;27.8;21.6;17.2;46.7;157.5;0.0;3.0;;;106.4090909090909;
2022-05-28;19.5;29.9;24.6;15.8;57.9;112.5;0.0;3.25;;;105.95833333333333;8.580769230769231
2022-05-29;12.8;27.1;19.4;6.4;35.4;270.0;0.0;3.5416666666666665;;;75.91666666666667;10.924999999999999
2022-05-30;10.6;24.6;18.0;5.0;25.7;270.0;0.0;2.25;;;81.0;7.139583333333333
2022-05-31;10.6;31.3;21.6;3.4;27.4;270.0;0.0;4.083333333333333;;;68.0;8.4
2022-06-01;12.4;28.8;21.1;5.5;30.6;270.0;0.0;3.375;;;58.541666666666664;8.816666666666666
2022-06-02;12.9;24.6;19.7;3.9;24.1;270.0;0.0;2.7083333333333335;;;58.833333333333336;7.6499999999999995
2022-06-03;13.6;26.3;21.8;4.3;27.4;270.0;0.0;2.25;;;71.41666666666667;
2022-06-04;11.2;24.8;19.0;6.4;32.2;270.0;0.0;2.0416666666666665;;;73.29166666666667;9.775
2022-06-05;9.9;31.2;21.6;4.0;22.5;247.5;0.0;3.0;;;77.83333333333333;7.7625
2022-06-06;11.7;33.4;24.5;4.0;29.0;270.0;0.0;4.666666666666667;;;80.08333333333333;8.529166666666667
2022-06-07;13.1;34.3;25.6;4.2;29.0;270.0;0.0;4.416666666666667;;;80.375;11.260416666666666
2022-06-08;16.9;31.4;25.7;6.8;32.2;270.0;0.0;2.7083333333333335;;;68.08333333333333;9.335294117647058
2022-06-09;18.7;32.0;26.3;10.1;41.8;270.0;0.0;3.55;;;70.9;9.838888888888889
2022-06-10;20.3;29.4;24.9;17.5;51.5;157.5;0.0;2.625;;;94.75;9.152083333333334
2022-06-11;21.8;30.4;25.9;24.9;62.8;157.5;0.0;1.7083333333333333;;;91.375;6.277083333333334
2022-06-12;23.1;31.2;26.4;22.2;59.5;157.5;0.0;2.125;;;106.79166666666667;6.1812499999999995
2022-06-13;22.7;36.2;28.7;16.3;53.1;157.5;0.0;2.2916666666666665;;;108.875;6.852083333333333
2022-06-14;25.2;37.7;30.9;9.2;37.0;180.0;0.0;3.0416666666666665;;;117.54166666666667;7.1875
2022-06-15;25.3;33.7;29.4;11.9;45.1;157.5;0.0;3.25;;;106.625;10.302083333333334
2022-06-16;21.6;32.7;28.0;12.7;51.5;112.5;0.0;3.875;;;102.95833333333333;13.94375
2022-06-17;21.1;34.3;28.6;11.9;43.5;157.5;0.0;3.5416666666666665;;;100.0;14.422916666666666
2022-06-18;20.6;33.8;28.4;14.5;54.7;112.5;0.0;3.0416666666666665;;;102.79166666666667;13.033333333333333
2022-06-19;15.2;29.4;22.8;6.8;30.6;270.0;0.0;1.875;;;64.79166666666667;7.235416666666667
2022-06-20;14.6;27.6;21.4;6.8;37.0;270.0;0.0;3.2083333333333335;;;69.25;7.235416666666667
2022-06-21;13.4;26.5;19.8;5.3;33.8;247.5;0.0;3.875;;;78.26086956521739;9.34375
2022-06-22;11.5;23.9;18.6;8.0;30.6;270.0;0.0;2.0;;;73.27272727272727;6.085416666666667
2022-06-23;10.8;25.4;19.4;6.1;32.2;270.0;0.0;3.25;;;68.5;6.133333333333333
2022-06-24;11.4;27.4;20.7;4.7;30.6;270.0;0.0;2.5416666666666665;;;73.33333333333333;7.235416666666667
2022-06-25;12.6;28.8;21.7;4.7;29.0;270.0;0.0;2.5416666666666665;;;77.5;7.091666666666666
2022-06-26;13.8;27.6;21.5;5.8;37.0;270.0;0.0;2.5;;;73.79166666666667;7.7625
2022-06-27;13.6;27.6;21.3;5.1;30.6;270.0;0.0;2.125;;;84.16666666666667;8.433333333333334
2022-06-28;11.6;29.2;21.8;10.5;37.0;180.0;0.0;3.3333333333333335;;;85.20833333333333;9.252272727272727
2022-06-29;14.4;32.6;24.9;4.8;29.0;202.5;0.0;3.875;;;86.45833333333333;10.7
2022-06-30;14.8;30.7;24.1;4.7;32.2;270.0;0.0;4.083333333333333;;;75.25;9.6
2022-07-01;12.8;27.8;23.7;11.7;48.3;157.5;0.0;5.583333333333333;;;78.20833333333333;12.554166666666667
2022-07-02;20.3;29.5;23.9;16.3;45.1;112.5;0.0;2.125;;;85.54166666666667;13.081249999999999
2022-07-03;19.1;31.5;25.3;6.8;35.4;270.0;0.0;2.3333333333333335;;;79.83333333333333;15.189583333333333
2022-07-04;15.2;34.1;28.3;3.1;20.9;0.0;0.0;3.4761904761904763;;;75.71428571428571;12.65
2022-07-05;17.9;34.4;29.6;4.5;37.0;270.0;0.0;3.8333333333333335;;;83.04166666666667;13.608333333333334
2022-07-06;14.9;33.9;27.8;3.2;25.7;270.0;0.0;3.7916666666666665;;;79.54166666666667;11.643749999999999
2022-07-07;20.6;32.2;26.1;11.7;37.0;157.5;0.0;2.7083333333333335;;;96.16666666666667;17.825
2022-07-08;21.3;31.3;26.1;16.1;40.2;157.5;0.0;2.0;;;105.66666666666667;11.595833333333333
2022-07-09;21.5;30.8;26.1;17.2;48.3;157.5;0.0;1.875;;;110.79166666666667;8.049999999999999
2022-07-10;21.7;32.4;27.7;15.1;49.9;157.5;0.0;1.9166666666666667;;;116.70833333333333;8.720833333333333
2022-07-11;22.6;32.3;27.1;19.0;51.5;157.5;0.0;1.875;;;120.5;9.247916666666667
2022-07-12;23.5;31.2;27.2;22.9;61.2;157.5;0.0;1.9166666666666667;;;116.43478260869566;8.049999999999999
2022-07-13;23.8;33.6;28.5;22.7;57.9;157.5;0.0;1.8333333333333333;;;109.83333333333333;8.241666666666667
2022-07-14;24.8;34.8;30.0;16.9;54.7;180.0;0.0;2.0;;;114.5;7.522916666666667
2022-07-15;24.2;32.7;28.3;20.3;57.9;157.5;0.0;1.9166666666666667;;;110.95833333333333;7.954166666666667
2022-07-16;24.2;33.3;28.4;19.5;46.7;157.5;0.0;2.0833333333333335;;;120.25;11.452083333333334
2022-07-17;24.8;32.8;28.5;20.8;49.9;157.5;0.0;2.0416666666666665;;;112.04166666666667;9.870833333333334
2022-07-18;24.6;32.7;28.3;20.9;49.9;157.5;0.0;2.1666666666666665;;;110.70833333333333;9.34375
2022-07-19;17.7;36.3;28.1;4.7;24.1;270.0;0.0;3.5833333333333335;;;94.75;9.966666666666667
2022-07-20;17.1;36.7;27.8;6.3;32.2;180.0;0.0;6.136363636363637;;;85.95454545454545;10.829166666666666
2022-07-21;21.6;32.2;26.4;17.4;46.7;157.5;0.0;2.4583333333333335;;;93.04166666666667;13.36875
2022-07-22;23.1;35.6;28.9;13.7;37.0;180.0;0.0;2.3333333333333335;;;95.79166666666667;13.464583333333332
2022-07-23;19.2;38.8;31.6;7.2;37.0;112.5;0.0;3.3333333333333335;;;88.25;13.464583333333332
2022-07-24;18.6;41.2;31.6;3.1;29.0;180.0;0.0;4.208333333333333;;;86.04166666666667;13.704166666666666
2022-07-25;23.7;40.9;33.1;5.1;30.6;247.5;0.0;4.5;;;73.08333333333333;22.616666666666664
2022-07-26;21.1;37.1;33.5;5.6;37.0;247.5;0.0;3.8333333333333335;;;79.5;11.164583333333333
2022-07-27;19.8;34.9;28.9;3.7;33.8;270.0;0.0;3.75;;;78.04166666666667;7.091666666666666
2022-07-28;16.6;36.0;26.3;2.4;24.1;270.0;0.0;3.9166666666666665;;;84.66666666666667;10.014583333333333
2022-07-29;18.9;36.6;28.7;6.0;30.6;180.0;0.0;5.5;;;96.20833333333333;12.602083333333333
2022-07-30;24.3;30.8;27.1;15.1;46.7;112.5;0.0;2.5416666666666665;;;93.41666666666667;11.356250000000001
2022-07-31;23.0;35.4;27.7;13.0;35.4;112.5;0.0;2.4166666666666665;;;85.875;16.195833333333333
2022-08-01;22.2;32.5;27.1;17.1;46.7;157.5;0.0;2.2083333333333335;;;90.66666666666667;15.189583333333333
2022-08-02;22.6;34.2;28.2;15.6;45.1;157.5;0.0;2.375;;;105.70833333333333;9.822916666666666
2022-08-03;24.7;34.6;29.3;19.2;51.5;157.5;0.0;2.375;;;113.95833333333333;8.145833333333334
2022-08-04;24.4;33.0;28.4;17.7;48.3;157.5;0.0;2.1363636363636362;;;109.04545454545455;6.8999999999999995
2022-08-05;18.7;33.7;27.4;10.8;45.1;112.5;0.0;3.5;;;99.08333333333333;7.091666666666666
2022-08-06;16.8;32.4;26.1;10.5;46.7;112.5;0.0;3.2916666666666665;;;96.33333333333333;8.960416666666667
2022-08-07;16.4;34.1;26.5;6.3;29.0;180.0;0.0;3.1666666666666665;;;86.375;9.870833333333334
2022-08-08;16.5;34.4;25.2;4.5;27.4;22.5;0.0;4.416666666666667;;;75.125;12.458333333333334
2022-08-09;17.8;29.7;24.8;11.7;49.9;157.5;2.8;3.5;;;98.04166666666667;11.452083333333334
2022-08-10;19.4;32.3;26.7;11.3;41.8;157.5;0.0;2.7916666666666665;;;104.16666666666667;13.177083333333334
2022-08-11;18.0;34.0;26.6;10.5;38.6;112.5;0.0;3.1666666666666665;;;99.16666666666667;12.889583333333334
2022-08-12;22.1;35.6;28.6;11.7;43.5;112.5;0.0;2.5;;;107.0;13.991666666666667
2022-08-13;24.7;36.1;29.4;12.2;57.9;0.0;0.2;4.083333333333333;;;97.70833333333333;26.01875
2022-08-14;23.5;34.2;29.4;9.0;43.5;247.5;0.0;2.5833333333333335;;;100.25;20.652083333333334
2022-08-15;16.5;30.5;24.4;6.4;29.0;270.0;0.0;3.0416666666666665;;;88.54166666666667;8.9125
2022-08-16;13.6;29.9;22.9;5.5;35.4;270.0;0.0;3.8333333333333335;;;86.45833333333333;9.63125
2022-08-17;15.8;28.9;23.7;6.6;37.0;270.0;0.0;3.608695652173913;;;83.69565217391305;10.193181818181818
2022-08-18;13.8;33.5;24.2;6.1;40.2;22.5;0.0;5.125;;;91.70833333333333;12.700000000000001
2022-08-19;20.3;30.5;25.2;13.7;43.5;157.5;0.0;2.8333333333333335;;;107.95833333333333;11.116666666666667
2022-08-20;22.2;32.2;26.4;18.2;46.7;157.5;0.0;1.9583333333333333;;;105.95833333333333;7.810416666666666
2022-08-21;14.7;37.4;27.5;3.9;35.4;270.0;0.0;4.291666666666667;;;88.33333333333333;11.06875
2022-08-22;15.8;38.2;27.9;4.0;24.1;180.0;0.0;7.555555555555555;;;63.111111111111114;9.2
2022-08-23;21.8;31.4;26.4;17.1;45.1;157.5;0.0;2.4166666666666665;;;105.25;6.261111111111111
2022-08-24;21.4;32.2;26.5;13.7;41.8;157.5;0.0;2.2083333333333335;;;87.83333333333333;6.995833333333334
2022-08-25;15.7;33.4;25.1;3.4;25.7;270.0;0.0;3.6666666666666665;;;76.25;10.972916666666668
2022-08-26;18.8;32.4;25.4;9.2;37.0;157.5;0.0;3.3333333333333335;;;82.625;8.768749999999999
2022-08-27;21.1;30.7;25.3;16.3;40.2;157.5;0.0;2.5416666666666665;;;87.66666666666667;6.372916666666666
2022-08-28;21.3;30.7;25.4;16.7;56.3;112.5;0.0;1.875;;;105.125;8.816666666666666
2022-08-29;21.7;29.4;25.5;14.8;70.8;180.0;0.0;4.5;;;97.125;13.320833333333333
2022-08-30;20.6;34.1;27.1;5.1;30.6;270.0;0.0;4.541666666666667;;;80.04166666666667;26.785416666666666
2022-08-31;19.8;33.9;27.2;5.3;32.2;247.5;0.0;5.409090909090909;;;70.95454545454545;25.97083333333333
2022-09-01;14.4;32.7;24.3;3.9;27.4;270.0;0.0;7.5;;;65.54166666666667;15.908333333333333
2022-09-02;19.9;31.4;25.4;5.5;33.8;247.5;0.0;3.25;;;69.70833333333333;7.721428571428571
2022-09-03;17.3;30.2;24.1;5.6;37.0;270.0;0.4;2.7083333333333335;;;76.20833333333333;7.283333333333334
2022-09-04;12.2;30.0;21.9;4.2;25.7;270.0;0.0;3.5833333333333335;;;72.79166666666667;7.1875
2022-09-05;12.1;30.1;22.0;3.9;27.4;270.0;0.0;3.7083333333333335;;;67.58333333333333;8.2
2022-09-06;13.7;31.6;23.4;3.7;33.8;270.0;0.0;4.166666666666667;;;63.5;6.2727272727272725
2022-09-07;14.6;30.4;23.6;4.0;27.4;270.0;0.0;4.458333333333333;;;70.08333333333333;6.995833333333334
2022-09-08;12.9;31.9;24.6;3.7;24.1;270.0;0.0;4.583333333333333;;;64.5;6.852083333333333
2022-09-09;17.0;34.5;25.8;2.3;20.9;270.0;0.0;5.0476190476190474;;;53.76190476190476;6.242857142857143
2022-09-10;16.9;32.8;25.8;9.0;37.0;112.5;0.0;6.125;;;78.875;7.6187499999999995
2022-09-11;18.6;32.2;26.4;12.4;43.5;112.5;0.0;2.875;;;91.33333333333333;6.660416666666666
2022-09-12;23.1;29.4;26.5;16.9;54.7;157.5;0.0;3.3333333333333335;;;89.58333333333333;8.864583333333334
2022-09-13;20.4;26.4;23.0;12.1;40.2;202.5;0.4;3.25;;;60.291666666666664;8.577083333333333
2022-09-14;14.8;26.9;21.6;6.4;35.4;247.5;0.0;3.8333333333333335;;;56.25;6.085416666666667
2022-09-15;13.8;26.2;20.0;4.2;29.0;270.0;0.0;3.875;;;54.0;6.229166666666667
2022-09-16;13.1;29.3;22.1;3.4;22.5;270.0;0.0;4.333333333333333;;;63.333333333333336;6.229166666666667
2022-09-17;18.6;29.6;25.6;9.0;45.1;157.5;0.0;4.875;;;66.75;6.995833333333334
2022-09-18;20.1;26.6;22.7;17.2;49.9;157.5;0.0;2.1666666666666665;;;86.0;8.002083333333333
2022-09-19;19.9;28.2;23.4;12.1;35.4;157.5;0.0;2.25;;;88.54166666666667;8.433333333333334
2022-09-20;17.6;29.9;23.8;7.7;37.0;180.0;0.0;3.125;;;88.625;7.954166666666667
2022-09-21;17.8;29.3;24.3;4.8;59.5;157.5;0.4;3.875;;;77.79166666666667;9.391666666666667
2022-09-22;15.8;29.5;22.1;4.5;41.8;180.0;0.0;7.434782608695652;;;67.0;9.200000000000001
2022-09-23;14.1;28.8;22.0;6.8;29.0;112.5;0.0;9.458333333333334;;;65.70833333333333;8.241666666666667
2022-09-24;13.4;29.1;22.5;5.6;35.4;247.5;0.0;7.333333333333333;;;64.5;8.35
2022-09-25;10.6;26.3;19.2;4.5;30.6;247.5;0.0;3.875;;;76.75;
2022-09-26;8.9;24.7;17.8;3.4;32.2;270.0;0.0;5.166666666666667;;;71.41666666666667;9.2
2022-09-27;8.2;25.2;18.2;6.3;37.0;270.0;0.0;5.083333333333333;;;79.95833333333333;8.55
2022-09-28;9.6;25.3;19.1;6.0;33.8;270.0;0.0;5.125;;;80.08333333333333;8.19375
2022-09-29;12.4;21.4;16.3;8.4;41.8;270.0;5.0;2.75;;;69.70833333333333;6.995833333333334
2022-09-30;12.3;22.7;17.1;8.4;35.4;0.0;0.0;5.75;;;66.04166666666667;5.845833333333334
2022-10-01;7.1;23.1;15.7;9.5;45.1;112.5;0.0;7.833333333333333;;;61.125;5.89375
2022-10-02;15.2;25.6;20.1;15.1;46.7;180.0;0.0;2.3333333333333335;;;91.79166666666667;6.660416666666666
2022-10-03;19.1;30.3;24.6;8.9;41.8;180.0;0.0;3.0833333333333335;;;90.125;32.72708333333333
2022-10-04;11.8;30.9;21.4;3.2;19.3;180.0;0.0;7.363636363636363;;;68.77272727272727;24.88181818181818
2022-10-05;17.6;25.8;21.3;12.2;40.2;157.5;0.0;3.75;;;87.58333333333333;18.879166666666666
2022-10-06;18.4;25.1;20.7;17.5;45.1;157.5;0.0;2.2916666666666665;;;81.41666666666667;11.404166666666667
2022-10-07;14.6;24.6;20.2;10.6;35.4;157.5;0.0;2.2916666666666665;;;85.79166666666667;12.793750000000001
2022-10-08;16.5;25.3;20.4;12.1;41.8;112.5;0.0;2.1666666666666665;;;90.79166666666667;13.225
2022-10-09;18.2;25.1;20.9;14.5;40.2;157.5;0.0;2.0833333333333335;;;88.66666666666667;15.09375
2022-10-10;15.9;24.7;19.7;4.0;20.9;22.5;3.8;4.583333333333333;;;77.375;9.391666666666667
2022-10-11;15.4;23.8;19.0;5.6;32.2;157.5;0.0;6.541666666666667;;;63.041666666666664;13.320833333333333
2022-10-12;13.6;24.9;18.7;6.4;35.4;22.5;0.0;3.7916666666666665;;;70.25;10.35
2022-10-13;14.4;26.2;19.7;8.2;40.2;157.5;0.0;3.2083333333333335;;;81.08333333333333;6.46875
2022-10-14;10.6;27.9;19.9;6.8;38.6;157.5;0.0;4.416666666666667;;;73.16666666666667;7.379166666666666
2022-10-15;16.1;29.6;22.9;11.1;49.9;157.5;0.0;3.5;;;86.625;8.097916666666666
2022-10-16;10.6;28.3;18.9;6.0;43.5;180.0;0.0;5.541666666666667;;;57.75;10.829166666666666
2022-10-17;19.4;27.6;22.9;13.5;49.9;180.0;0.0;3.625;;;85.16666666666667;12.410416666666668
2022-10-18;21.3;27.3;23.5;19.6;57.9;157.5;0.0;2.5416666666666665;;;89.70833333333333;18.83125
2022-10-19;19.4;27.2;22.6;13.2;41.8;157.5;0.0;3.0454545454545454;;;90.27272727272727;20.9875
2022-10-20;16.4;23.1;19.9;5.3;30.6;180.0;0.0;5.916666666666667;;;70.125;20.2
2022-10-21;16.9;23.2;19.7;4.3;29.0;180.0;0.0;3.75;;;63.291666666666664;12.65
2022-10-22;14.4;24.8;19.7;6.3;40.2;112.5;0.0;4.75;;;53.958333333333336;11.93125
2022-10-23;16.6;27.2;20.8;4.2;25.7;180.0;0.0;3.0416666666666665;;;60.75;9.966666666666667
2022-10-24;13.5;28.2;19.9;6.9;33.8;112.5;0.0;6.25;;;53.208333333333336;10.78125
2022-10-25;19.8;28.9;24.3;13.8;49.9;180.0;0.0;2.7083333333333335;;;81.20833333333333;13.225000000000001
2022-10-26;15.0;30.8;22.4;3.7;25.7;202.5;0.0;7.208333333333333;;;53.625;12.21875
2022-10-27;19.6;29.0;24.1;14.6;45.1;157.5;0.0;3.25;;;91.33333333333333;12.21875
2022-10-28;18.7;25.8;21.8;14.3;46.7;157.5;0.0;3.0;;;97.79166666666667;12.889583333333334
2022-10-29;17.4;23.1;19.7;18.5;51.5;157.5;0.0;2.375;;;96.29166666666667;15.09375
2022-10-30;17.2;23.1;19.3;16.6;49.9;157.5;0.0;2.4347826086956523;;;90.08695652173913;14.450000000000001
2022-10-31;15.1;20.6;18.3;13.4;49.9;157.5;0.0;3.652173913043478;;;74.95652173913044;16.55
2022-11-01;9.9;26.5;17.7;1.6;25.7;22.5;0.0;6.0;;;50.041666666666664;19.070833333333333
2022-11-02;8.8;24.1;17.1;5.1;32.2;112.5;0.0;7.5;;;53.041666666666664;12.50625
2022-11-03;10.9;20.4;15.6;2.7;25.7;270.0;0.0;4.869565217391305;;;53.04347826086956;9.775
2022-11-04;13.2;21.1;16.9;4.2;24.1;270.0;0.2;2.875;;;55.708333333333336;7.1875
2022-11-05;9.2;24.6;15.4;1.4;17.7;292.5;0.2;4.583333333333333;;;42.708333333333336;7.283333333333334
2022-11-06;4.1;22.9;13.3;1.8;20.9;292.5;0.0;5.5;;;46.916666666666664;8.625
2022-11-07;3.4;24.3;13.3;1.9;22.5;180.0;0.0;7.708333333333333;;;50.625;9.918750000000001
2022-11-08;6.1;20.7;13.5;1.8;16.1;22.5;0.0;6.625;;;42.791666666666664;10.206249999999999
2022-11-09;10.5;19.8;14.5;1.9;24.1;270.0;0.8;5.541666666666667;;;40.625;8.19375
2022-11-10;10.8;21.4;15.4;5.3;25.7;157.5;0.0;5.0;;;52.041666666666664;6.8999999999999995
2022-11-11;10.2;20.4;16.2;8.9;38.6;112.5;0.0;4.041666666666667;;;74.20833333333333;6.8999999999999995
2022-11-12;9.1;22.3;16.9;12.4;51.5;112.5;0.0;3.375;;;65.875;16.004166666666666
2022-11-13;10.7;21.8;16.9;5.8;30.6;112.5;0.0;3.5833333333333335;;;77.16666666666667;13.177083333333334
2022-11-14;6.2;20.7;13.9;2.3;25.7;270.0;0.0;4.75;;;48.0;10.685416666666667
2022-11-15;9.0;20.2;15.1;8.0;49.9;225.0;0.6;4.5;;;46.125;7.283333333333334
2022-11-16;14.8;17.2;16.0;7.4;29.0;270.0;3.4;2.3333333333333335;;;60.0;5.845833333333334
2022-11-17;15.2;18.7;16.3;7.7;40.2;247.5;3.8;3.0;;;54.8421052631579;5.75
2022-11-18;9.4;15.6;12.9;8.2;40.2;270.0;5.0;2.7083333333333335;;;66.75;5.75
2022-11-19;7.4;13.9;10.4;9.0;38.6;270.0;0.0;2.7916666666666665;;;68.20833333333333;6.325
2022-11-20;6.8;15.9;11.1;3.2;24.1;270.0;0.0;4.166666666666667;;;62.0;5.75
2022-11-21;5.3;16.1;11.9;7.2;53.1;247.5;0.2;5.791666666666667;;;50.875;6.372916666666666
2022-11-22;10.1;14.6;12.8;6.9;29.0;270.0;0.0;2.3333333333333335;;;73.47826086956522;7.666666666666667
2022-11-23;11.3;17.7;14.9;6.9;37.0;270.0;0.4;2.4166666666666665;;;62.041666666666664;6.0375000000000005
2022-11-24;8.3;19.2;13.8;1.9;17.7;270.0;0.0;6.208333333333333;;;44.416666666666664;7.139583333333333
2022-11-25;8.1;19.1;14.0;2.7;24.1;0.0;0.0;5.375;;;57.458333333333336;8.049999999999999
2022-11-26;4.5;19.4;13.8;13.8;43.5;157.5;0.0;4.875;;;68.54166666666667;7.570833333333333
2022-11-27;8.8;21.4;14.3;5.0;30.6;180.0;0.0;4.833333333333333;;;72.70833333333333;7.379166666666666
2022-11-28;4.2;14.8;10.8;5.1;27.4;270.0;0.0;3.7083333333333335;;;67.25;7.091666666666666
2022-11-29;-0.2;17.4;7.7;1.4;19.3;0.0;0.0;7.416666666666667;;;46.0;7.954166666666667
2022-11-30;-0.9;17.4;8.0;1.8;17.7;270.0;0.0;10.307692307692308;;;40.40909090909091;10.193181818181818
2022-12-01;6.6;12.2;9.4;5.1;33.8;157.5;0.8;6.2;;;53.416666666666664;8.19375
2022-12-02;2.3;15.9;9.2;1.9;16.1;22.5;0.0;5.541666666666667;;;58.875;7.283333333333334
2022-12-03;2.3;15.3;9.1;6.9;27.4;157.5;0.2;5.083333333333333;;;52.833333333333336;6.0375000000000005
2022-12-04;10.2;14.4;11.9;6.6;30.6;157.5;0.8;4.416666666666667;;;71.875;5.941666666666666
2022-12-05;11.4;14.9;12.8;10.6;41.8;112.5;6.6;3.3333333333333335;;;73.16666666666667;6.133333333333333
2022-12-06;7.2;15.9;12.1;2.7;25.7;247.5;2.2;4.041666666666667;;;55.166666666666664;6.0375000000000005
2022-12-07;4.2;15.5;9.8;4.5;25.7;157.5;0.2;5.75;;;43.333333333333336;7.1875
2022-12-08;11.8;14.6;13.0;14.5;49.9;157.5;20.0;3.7916666666666665;;;69.04166666666667;6.6125
2022-12-09;11.1;15.3;12.9;8.7;45.1;180.0;43.6;2.375;;;66.5;5.797916666666667
2022-12-10;10.8;15.5;12.8;5.8;32.2;247.5;0.4;2.0833333333333335;;;71.83333333333333;5.797916666666667
2022-12-11;10.9;18.7;15.0;11.3;70.8;247.5;5.6;1.875;;;63.291666666666664;8.672916666666667
2022-12-12;12.3;18.9;15.7;7.1;40.2;225.0;0.8;3.1666666666666665;;;54.708333333333336;6.947916666666667
2022-12-13;14.9;18.9;16.8;13.2;61.2;225.0;4.8;2.25;;;56.166666666666664;5.845833333333334
2022-12-14;11.2;17.8;15.3;6.9;41.8;202.5;23.2;2.772727272727273;;;63.81818181818182;5.989583333333333
2022-12-15;8.6;14.2;11.2;5.8;40.2;180.0;6.4;3.0;;;66.125;5.845833333333334
2022-12-16;6.2;15.3;10.6;3.7;25.7;202.5;5.8;2.7916666666666665;;;53.291666666666664;7.379166666666666
2022-12-17;6.3;15.9;10.8;1.9;20.9;270.0;0.0;3.7083333333333335;;;44.125;6.516666666666667
2022-12-18;2.4;15.7;9.5;8.9;41.8;157.5;0.4;3.2916666666666665;;;51.0;6.660416666666666
2022-12-19;10.8;15.5;12.6;15.1;43.5;157.5;0.0;3.2083333333333335;;;76.83333333333333;6.804166666666667
2022-12-20;9.7;19.2;13.9;8.5;35.4;202.5;1.4;3.2083333333333335;;;71.16666666666667;10.49375
2022-12-21;8.8;16.4;12.6;2.1;22.5;270.0;0.6;4.791666666666667;;;54.625;7.235416666666667
2022-12-22;6.4;17.3;10.6;1.8;22.5;0.0;0.2;5.791666666666667;;;44.208333333333336;8.960416666666667
2022-12-23;4.7;22.8;11.4;1.0;19.3;180.0;0.2;7.333333333333333;;;30.375;11.0
2022-12-24;4.9;21.9;11.7;1.4;24.1;180.0;0.4;5.875;;;27.791666666666668;10.397916666666667
2022-12-25;6.2;21.0;12.9;2.9;24.1;225.0;0.2;4.0;;;43.5;8.385416666666666
2022-12-26;4.3;22.8;11.6;0.8;14.5;112.5;0.0;6.625;;;34.625;7.90625
2022-12-27;3.8;19.9;10.9;2.7;22.5;135.0;0.0;6.958333333333333;;;37.75;7.7
2022-12-28;2.7;20.7;10.6;1.6;19.3;180.0;0.0;8.583333333333334;;;37.333333333333336;9.295833333333333
2022-12-29;2.2;17.5;9.2;2.3;32.2;247.5;0.0;8.608695652173912;;;31.0;9.63125
2022-12-30;3.8;19.4;9.8;0.8;16.1;180.0;0.2;8.916666666666666;;;33.625;9.966666666666667
2022-12-31;0.1;19.8;9.0;2.4;22.5;112.5;0.0;6.458333333333333;;;38.0;15.141666666666666
2023-01-01;4.3;19.3;12.5;6.6;32.2;180.0;0.0;3.0416666666666665;6.173913043478261;2.0;55.291666666666664;12.858333333333334
2023-01-02;9.2;15.6;11.8;1.1;17.7;0.0;2.6;6.25;9.125;2.1666666666666665;35.291666666666664;9.286666666666667
2023-01-03;8.1;17.1;11.6;1.6;17.7;22.5;0.2;6.333333333333333;9.25;2.375;39.208333333333336;9.66
2023-01-04;9.3;15.3;12.5;12.6;38.6;157.5;0.2;3.5;6.875;2.2916666666666665;69.70833333333333;12.04
2023-01-05;9.3;15.1;12.1;10.0;40.2;112.5;0.0;3.1666666666666665;6.666666666666667;2.375;72.45833333333333;10.126666666666667
2023-01-06;3.4;16.5;9.6;0.8;14.5;292.5;0.2;3.8333333333333335;7.375;2.25;43.791666666666664;10.64
2023-01-07;1.2;16.2;8.4;1.0;19.3;270.0;0.0;4.695652173913044;8.130434782608695;2.347826086956522;44.47826086956522;11.151304347826088
2023-01-08;7.5;16.1;12.8;6.3;38.6;225.0;2.2;2.875;6.125;2.0;55.625;7.886666666666667
2023-01-09;12.4;16.1;14.1;8.9;37.0;270.0;2.4;1.75;5.416666666666667;2.0833333333333335;58.083333333333336;5.786666666666666
2023-01-10;6.9;17.8;12.2;1.8;17.7;270.0;0.2;4.217391304347826;7.739130434782608;2.4347826086956523;43.65217391304348;6.253333333333333
2023-01-11;6.2;13.6;10.8;3.9;24.1;0.0;0.2;3.727272727272727;7.045454545454546;2.3181818181818183;45.09090909090909;6.770909090909091
2023-01-12;3.9;16.4;10.0;3.4;33.8;180.0;0.2;5.782608695652174;8.782608695652174;2.347826086956522;37.69565217391305;6.379130434782609
2023-01-13;2.3;16.8;8.4;1.1;17.7;292.5;0.2;6.583333333333333;10.333333333333334;2.8333333333333335;31.041666666666668;9.286666666666667
2023-01-14;0.8;17.2;8.4;2.9;27.4;112.5;0.0;6.333333333333333;9.083333333333334;2.0416666666666665;39.875;10.173333333333334
2023-01-15;2.6;15.0;10.9;3.5;27.4;270.0;0.0;4.565217391304348;7.782608695652174;2.347826086956522;45.43478260869565;14.267826086956523
2023-01-16;2.3;11.7;8.3;8.2;43.5;247.5;0.0;2.8333333333333335;6.083333333333333;2.0;69.54166666666667;6.486666666666667
2023-01-17;9.0;14.2;11.3;19.0;57.9;247.5;0.6;1.4166666666666667;4.958333333333333;2.0416666666666665;81.08333333333333;6.3933333333333335
2023-01-18;5.6;10.7;7.8;15.6;5.15;270.0;0.0;1.8695652173913044;5.3478260869565215;2.0;77.34782608695652;6.914782608695652
2023-01-19;-0.4;10.2;6.4;5.6;24.1;270.0;0.0;3.625;6.666666666666667;2.0;66.875;7.6066666666666665
2023-01-20;8.8;12.2;10.3;7.1;33.8;247.5;0.0;2.5;5.916666666666667;2.0416666666666665;67.08333333333333;6.44
2023-01-21;7.8;12.8;9.7;0.6;17.7;270.0;0.2;2.875;6.208333333333333;2.125;55.666666666666664;6.673333333333333
2023-01-22;1.0;11.2;6.3;6.9;37.0;0.0;0.0;3.125;6.333333333333333;2.0;59.5;6.673333333333333
2023-01-23;-3.3;10.5;3.6;5.1;35.4;0.0;0.0;5.125;7.666666666666667;1.7083333333333333;54.208333333333336;9.893333333333333
2023-01-24;-3.7;9.8;2.8;1.8;17.7;22.5;0.0;7.681818181818182;10.227272727272727;2.0454545454545454;46.13636363636363;11.293333333333335
2023-01-25;-3.3;12.8;3.5;1.3;16.1;22.5;0.0;7.416666666666667;10.333333333333334;2.25;43.291666666666664;8.446666666666667
2023-01-26;-3.7;9.0;3.0;4.2;32.2;270.0;0.0;6.666666666666667;9.625;2.0833333333333335;47.958333333333336;11.479999999999999
2023-01-27;-3.6;10.4;3.4;5.3;40.2;0.0;0.0;6.25;8.916666666666666;2.0416666666666665;50.541666666666664;11.806666666666667
2023-01-28;-1.1;11.7;5.0;3.9;24.1;0.0;0.0;4.208333333333333;7.291666666666667;2.0833333333333335;64.75;8.540000000000001
2023-01-29;-5.3;12.2;3.7;4.7;35.4;157.5;0.0;4.458333333333333;7.291666666666667;1.875;57.5;10.266666666666667
2023-01-30;0.6;11.5;7.2;7.9;37.0;112.5;0.0;2.625;5.625;2.0;75.58333333333333;7.20695652173913
2023-01-31;-2.4;16.2;6.8;1.6;16.1;180.0;0.0;6.083333333333333;8.625;1.875;59.791666666666664;6.3933333333333335
2023-02-01;-3.6;14.7;5.6;4.5;30.6;112.5;0.0;7.708333333333333;10.875;2.4583333333333335;52.541666666666664;7.6066666666666665
2023-02-02;-0.6;14.2;6.8;3.9;30.6;112.5;0.0;5.666666666666667;8.541666666666666;1.9583333333333333;66.83333333333333;8.586666666666668
2023-02-03;-3.0;18.4;7.3;2.4;25.7;180.0;0.0;5.625;8.75;2.125;58.875;9.566666666666666
2023-02-04;-1.0;18.4;8.9;2.4;16.1;180.0;0.0;5.333333333333333;8.333333333333334;2.0833333333333335;69.16666666666667;7.420000000000001
2023-02-05;-2.4;18.2;8.1;7.6;33.8;180.0;0.0;5.0;8.041666666666666;2.0833333333333335;61.041666666666664;9.053333333333333
2023-02-06;6.1;18.1;11.3;8.9;33.8;157.5;0.0;3.2916666666666665;6.541666666666667;2.125;93.5;7.699999999999999
2023-02-07;6.5;10.8;8.7;8.4;37.0;135.0;0.4;2.3181818181818183;5.636363636363637;2.0;75.77272727272727;6.113333333333333
2023-02-08;7.4;10.8;10.0;2.1;24.1;112.5;3.2;3.0;6.166666666666667;2.0833333333333335;76.5;6.673333333333333
2023-02-09;8.6;13.4;10.6;8.5;45.1;112.5;0.0;3.125;6.416666666666667;2.2083333333333335;82.20833333333333;7.793333333333333
2023-02-10;6.8;11.0;8.8;23.0;59.5;90.0;0.0;2.5833333333333335;5.875;2.0;89.08333333333333;6.813333333333333
2023-02-11;8.2;12.5;9.8;21.2;61.2;112.5;0.0;2.5;6.083333333333333;2.0833333333333335;94.45833333333333;8.4
2023-02-12;8.7;14.4;10.9;17.4;53.1;112.5;0.0;2.4166666666666665;5.833333333333333;2.0833333333333335;91.83333333333333;10.5
2023-02-13;8.8;13.8;11.0;18.8;53.1;112.5;0.0;2.6666666666666665;5.958333333333333;2.25;92.41666666666667;8.12
2023-02-14;8.9;14.4;11.5;16.4;51.5;112.5;0.0;3.0416666666666665;6.416666666666667;2.25;91.16666666666667;8.493333333333334
2023-02-15;8.5;15.2;11.8;9.2;40.2;112.5;0.0;3.75;7.166666666666667;2.25;87.125;11.340000000000002
2023-02-16;2.8;16.9;10.3;3.7;27.4;180.0;0.0;5.791666666666667;8.958333333333334;2.3333333333333335;71.70833333333333;11.666666666666666
2023-02-17;7.2;14.4;11.9;11.3;49.9;90.0;0.0;3.8333333333333335;7.125;2.25;87.58333333333333;11.013333333333334
2023-02-18;11.8;17.1;13.8;17.4;51.5;157.5;0.0;2.7916666666666665;6.25;2.1666666666666665;93.75;11.9
2023-02-19;11.6;16.7;13.9;11.3;51.5;112.5;0.0;2.5416666666666665;5.916666666666667;2.0416666666666665;96.70833333333333;11.386666666666668
2023-02-20;13.1;17.6;14.7;16.1;51.5;157.5;0.0;2.9583333333333335;6.583333333333333;2.2916666666666665;96.45833333333333;11.013333333333334
2023-02-21;8.9;19.9;15.1;10.0;43.5;157.5;0.0;4.916666666666667;8.041666666666666;2.125;86.75;13.253333333333332
2023-02-22;3.9;20.3;11.7;1.9;19.3;270.0;0.0;6.318181818181818;9.409090909090908;2.272727272727273;53.90909090909091;27.032727272727275
2023-02-23;2.6;14.0;7.0;2.4;25.7;180.0;0.0;4.45;7.7;2.25;58.5;21.0
2023-02-24;-0.5;12.1;6.2;3.1;22.5;270.0;0.0;4.791666666666667;7.833333333333333;2.2083333333333335;73.54166666666667;7.84
2023-02-25;3.8;10.8;7.2;6.6;38.6;247.5;0.0;1.9583333333333333;5.333333333333333;1.9583333333333333;83.45833333333333;6.3
2023-02-26;4.9;13.2;9.1;5.0;30.6;270.0;0.0;2.2083333333333335;5.791666666666667;2.0416666666666665;76.20833333333333;5.973333333333333
2023-02-27;3.7;11.9;8.2;5.8;35.4;270.0;0.0;3.2083333333333335;6.666666666666667;2.125;73.70833333333333;7.373333333333334
2023-02-28;-1.1;13.2;6.8;3.5;20.9;270.0;0.0;2.875;6.291666666666667;2.1666666666666665;80.54166666666667;8.166666666666666
2023-03-01;-4.1;12.1;5.3;5.6;37.0;247.5;0.0;4.875;7.666666666666667;1.9583333333333333;68.25;8.306666666666667
2023-03-02;-4.2;13.3;5.7;3.5;30.6;0.0;0.0;4.1;7.25;2.25;70.54166666666667;9.426666666666668
2023-03-03;-4.0;16.8;6.6;1.8;20.9;202.5;0.0;7.0;9.416666666666666;1.875;63.875;10.826666666666666
2023-03-04;4.4;14.7;9.9;9.7;33.8;157.5;0.0;4.958333333333333;8.25;2.4166666666666665;91.54166666666667;8.073333333333332
2023-03-05;6.2;15.6;10.3;5.8;30.6;202.5;1.6;4.958333333333333;8.166666666666666;2.25;95.25;8.773333333333333
2023-03-06;6.7;14.9;10.8;2.9;24.1;270.0;8.8;3.0416666666666665;6.291666666666667;2.0416666666666665;69.6875;5.973333333333333
2023-03-07;9.8;16.8;13.4;4.8;27.4;247.5;1.2;3.15;6.5;2.35;79.4;5.824
2023-03-08;12.0;19.3;15.1;5.1;37.0;247.5;0.2;4.125;7.583333333333333;2.4583333333333335;47.541666666666664;5.646666666666666
2023-03-09;8.9;18.0;13.7;6.3;45.1;247.5;0.2;4.583333333333333;7.833333333333333;2.2916666666666665;45.208333333333336;6.02
2023-03-10;11.3;20.4;15.1;4.7;25.7;270.0;0.0;3.5416666666666665;7.291666666666667;2.625;77.33333333333333;8.540000000000001
2023-03-11;5.8;19.9;13.9;4.3;30.6;292.5;0.0;4.826086956521739;7.608695652173913;2.0434782608695654;51.34782608695652;8.521739130434783
2023-03-12;7.1;27.1;16.6;3.4;29.0;112.5;0.0;2.9166666666666665;6.416666666666667;2.1666666666666665;64.375;7.093333333333334
2023-03-13;11.9;22.7;17.4;6.8;33.8;247.5;0.0;5.416666666666667;8.5;2.4583333333333335;61.791666666666664;7.886666666666667
2023-03-14;7.7;20.0;13.8;6.6;29.0;270.0;0.0;3.4583333333333335;6.958333333333333;2.3333333333333335;84.66666666666667;8.12
2023-03-15;3.3;21.4;14.1;11.3;53.1;112.5;0.0;4.333333333333333;7.708333333333333;2.0833333333333335;83.16666666666667;8.446666666666667
2023-03-16;13.8;21.6;16.8;19.5;51.5;157.5;0.0;3.0416666666666665;6.458333333333333;2.0833333333333335;110.08333333333333;7.0
2023-03-17;7.0;18.4;13.3;6.3;30.6;247.5;0.0;3.9166666666666665;7.416666666666667;2.2916666666666665;86.91666666666667;7.1866666666666665
2023-03-18;8.8;16.9;13.3;5.8;29.0;270.0;0.0;2.4166666666666665;6.083333333333333;2.2083333333333335;88.0;6.066666666666666
2023-03-19;4.1;20.9;12.8;4.7;33.8;22.5;0.0;3.2083333333333335;6.708333333333333;2.125;74.83333333333333;7.466666666666666
2023-03-20;8.7;19.7;16.2;6.3;37.0;157.5;0.0;4.5;7.916666666666667;2.2916666666666665;79.95833333333333;7.886666666666667
2023-03-21;3.7;23.8;14.7;3.1;20.9;202.5;0.0;4.909090909090909;8.136363636363637;2.1363636363636362;74.31818181818181;7.56
2023-03-22;4.7;25.6;15.3;2.6;20.9;180.0;0.0;6.125;9.166666666666666;2.2083333333333335;73.83333333333333;8.166666666666666
2023-03-23;5.4;25.1;15.8;4.7;29.0;247.5;0.0;5.541666666666667;8.708333333333334;2.4166666666666665;77.54166666666667;9.286666666666667
2023-03-24;4.1;22.1;14.6;3.5;29.0;270.0;0.0;4.958333333333333;8.041666666666666;2.1666666666666665;73.66666666666667;7.84
2023-03-25;6.3;26.9;14.9;1.4;20.9;180.0;0.0;6.0;8.541666666666666;1.9583333333333333;73.875;11.806666666666667
2023-03-26;8.9;24.9;17.8;3.7;27.4;270.0;0.0;4.260869565217392;7.434782608695652;2.1739130434782608;62.69565217391305;7.060869565217391
2023-03-27;7.7;22.1;15.8;8.5;48.3;157.5;0.0;5.260869565217392;8.391304347826088;2.260869565217391;82.47826086956522;7.304347826086956
2023-03-28;10.8;20.9;16.4;13.4;48.3;157.5;0.0;3.4166666666666665;6.916666666666667;2.2083333333333335;103.33333333333333;7.84
2023-03-29;12.6;22.3;17.0;19.5;51.5;157.5;0.0;3.0;6.708333333333333;2.2916666666666665;102.125;8.12
2023-03-30;6.2;26.2;17.1;4.2;33.8;270.0;0.0;5.25;8.25;2.125;73.875;9.286666666666667
2023-03-31;7.3;25.2;17.7;5.5;35.4;270.0;0.0;4.041666666666667;7.541666666666667;2.3333333333333335;79.0;8.306666666666667
2023-04-01;10.5;22.6;17.3;6.9;33.8;270.0;0.0;2.7083333333333335;6.416666666666667;2.4166666666666665;74.79166666666667;8.375652173913043
2023-04-02;10.9;22.9;17.1;8.2;38.6;270.0;0.0;2.5416666666666665;6.25;2.2916666666666665;72.5;
2023-04-03;3.4;24.3;14.3;3.4;25.7;180.0;0.0;5.166666666666667;8.333333333333334;2.3333333333333335;77.08333333333333;
2023-04-04;11.3;18.7;14.2;11.6;30.6;157.5;0.0;3.782608695652174;7.217391304347826;2.391304347826087;94.47826086956522;
2023-04-05;4.1;19.2;13.6;13.0;49.9;157.5;0.0;2.625;6.291666666666667;2.25;97.0;
2023-04-06;5.7;20.3;15.6;12.4;48.3;112.5;0.0;2.0833333333333335;5.666666666666667;2.0833333333333335;100.29166666666667;
2023-04-07;11.2;19.7;15.1;18.5;51.5;157.5;0.0;2.375;5.916666666666667;2.0416666666666665;105.83333333333333;
2023-04-08;13.4;26.8;19.1;12.1;33.8;157.5;0.0;2.8333333333333335;6.375;2.2083333333333335;102.29166666666667;
2023-04-09;6.4;28.8;18.4;3.2;27.4;180.0;0.0;4.833333333333333;8.208333333333334;2.4166666666666665;75.625;
2023-04-10;9.0;28.6;19.8;3.9;27.4;270.0;0.0;5.708333333333333;8.75;2.25;76.41666666666667;
2023-04-11;7.4;28.7;19.4;4.3;32.2;247.5;0.0;4.458333333333333;7.75;2.4166666666666665;75.625;
2023-04-12;8.2;23.3;16.7;7.4;41.8;270.0;0.0;3.5833333333333335;7.166666666666667;2.2916666666666665;75.25;
2023-04-13;9.6;20.4;15.5;7.2;33.8;270.0;0.0;2.375;6.291666666666667;2.2916666666666665;86.04166666666667;6.72
2023-04-14;6.9;23.4;16.6;6.3;40.2;270.0;0.0;2.75;6.708333333333333;2.2916666666666665;82.625;7.0
2023-04-15;10.5;26.1;19.1;7.9;37.0;0.0;0.0;2.375;6.25;2.3333333333333335;79.95833333333333;6.906666666666666
2023-04-16;10.9;21.8;17.8;10.9;40.2;157.5;0.0;3.625;7.333333333333333;2.7083333333333335;84.5;8.68
2023-04-17;12.3;22.4;16.8;15.4;40.2;157.5;0.0;2.7083333333333335;6.625;2.6666666666666665;104.25;7.419999999999999
2023-04-18;11.8;20.8;16.0;20.4;61.2;157.5;0.0;2.227272727272727;5.909090909090909;2.0454545454545454;109.45454545454545;8.913333333333332
2023-04-19;12.8;20.3;15.6;17.1;48.3;157.5;0.0;2.875;6.666666666666667;2.4166666666666665;108.91666666666667;7.158260869565217
2023-04-20;6.0;27.0;17.8;6.8;29.0;202.5;0.0;4.25;7.666666666666667;2.25;105.29166666666667;9.566666666666666
2023-04-21;7.9;24.9;16.8;5.1;38.6;270.0;0.0;4.458333333333333;7.708333333333333;2.375;82.83333333333333;10.453333333333333
2023-04-22;9.7;20.7;15.6;3.9;27.4;247.5;0.0;2.8333333333333335;6.541666666666667;2.4583333333333335;70.41666666666667;
2023-04-23;6.7;26.8;17.3;3.5;24.1;22.5;0.0;3.4583333333333335;7.0;2.4583333333333335;80.70833333333333;
2023-04-24;10.6;29.8;20.6;2.7;22.5;180.0;0.0;5.458333333333333;8.541666666666666;2.25;83.95833333333333;12.319999999999999
2023-04-25;9.8;31.6;22.1;3.2;25.7;270.0;0.0;5.208333333333333;8.291666666666666;2.3333333333333335;68.54166666666667;9.1
2023-04-26;10.7;34.1;23.6;5.0;35.4;180.0;0.0;5.5;8.75;2.2916666666666665;81.0;7.466666666666666
2023-04-27;16.2;30.8;24.2;9.0;41.8;112.5;0.0;4.625;7.791666666666667;2.3333333333333335;104.0;7.84
2023-04-28;19.5;32.8;25.9;11.7;48.3;157.5;0.0;3.1666666666666665;7.0;2.2083333333333335;113.83333333333333;7.28
2023-04-29;15.3;27.9;22.4;6.9;43.5;270.0;0.0;4.086956521739131;7.565217391304348;2.260869565217391;78.26086956521739;14.41391304347826
2023-04-30;12.7;28.8;21.7;4.2;25.7;270.0;0.0;3.1666666666666665;6.916666666666667;2.625;69.5;12.6
2023-05-01;11.0;30.8;21.6;3.4;33.8;180.0;0.0;3.5416666666666665;7.25;2.4583333333333335;81.58333333333333;11.806666666666667
2023-05-02;16.2;27.3;21.8;13.0;49.9;112.5;0.0;2.5454545454545454;6.318181818181818;2.409090909090909;102.5;11.853333333333333
2023-05-03;16.9;24.8;20.8;20.8;61.2;157.5;0.0;2.3333333333333335;6.25;2.4166666666666665;110.91666666666667;11.246666666666668
2023-05-04;9.6;27.9;19.7;3.7;25.7;270.0;0.0;3.9583333333333335;7.291666666666667;2.3333333333333335;85.29166666666667;17.453333333333333
2023-05-05;10.4;30.4;20.6;3.7;27.4;180.0;0.0;4.0;7.25;2.5;94.0;15.586666666666666
2023-05-06;11.3;27.4;20.6;6.1;35.4;270.0;0.0;3.0416666666666665;6.833333333333333;2.4583333333333335;90.5;19.273333333333333
2023-05-07;12.4;29.2;21.7;4.0;25.7;270.0;0.0;2.5833333333333335;6.375;2.4166666666666665;79.33333333333333;13.066666666666668
2023-05-08;12.2;31.0;23.4;3.5;27.4;270.0;0.0;3.5833333333333335;7.25;2.5;82.20833333333333;17.453333333333333
2023-05-09;14.0;31.8;24.7;5.3;35.4;270.0;0.0;4.041666666666667;7.25;2.125;72.91666666666667;18.48
2023-05-10;16.4;26.8;22.7;11.7;45.1;270.0;0.0;3.0833333333333335;6.833333333333333;2.5;96.875;16.846666666666668
2023-05-11;13.6;28.4;20.5;8.0;41.8;180.0;0.0;3.6666666666666665;7.375;2.75;98.25;18.993333333333332
2023-05-12;13.7;26.1;19.8;10.1;38.6;202.5;0.0;3.125;6.708333333333333;2.5;100.91666666666667;19.833333333333332
2023-05-13;10.2;23.8;17.7;7.4;40.2;0.0;0.0;3.0833333333333335;6.666666666666667;2.5;89.91666666666667;23.099999999999998
2023-05-14;9.3;24.6;18.4;7.2;37.0;270.0;0.0;2.6666666666666665;6.375;2.3333333333333335;90.16666666666667;12.926666666666668
2023-05-15;8.6;26.5;19.6;6.3;38.6;270.0;0.0;3.75;7.041666666666667;2.0416666666666665;89.41666666666667;16.706666666666667
2023-05-16;9.9;27.9;19.9;5.8;32.2;22.5;0.0;3.875;7.5;2.5416666666666665;106.83333333333333;18.153333333333332
2023-05-17;14.9;22.3;18.1;15.1;43.5;157.5;0.0;3.0;6.65;2.6;109.15;13.393333333333333
2023-05-18;10.6;20.7;14.2;9.3;48.3;112.5;13.2;5.333333333333333;8.625;2.4166666666666665;84.375;8.913333333333332
2023-05-19;8.8;22.4;15.7;5.6;32.2;270.0;0.2;6.833333333333333;9.291666666666666;2.2916666666666665;89.04166666666667;11.806666666666667
2023-05-20;9.9;22.1;14.9;4.8;43.5;22.5;2.4;5.291666666666667;8.458333333333334;2.4583333333333335;91.16666666666667;14.933333333333332
2023-05-21;10.6;15.3;13.3;9.0;38.6;157.5;5.2;3.4166666666666665;7.083333333333333;2.4166666666666665;107.45833333333333;11.713333333333333
2023-05-22;11.6;16.8;13.5;2.1;19.3;180.0;1.6;4.791666666666667;7.875;2.375;88.70833333333333;7.56
2023-05-23;10.9;17.8;13.4;3.5;24.1;0.0;3.8;4.25;7.708333333333333;2.5416666666666665;88.91666666666667;8.540000000000001
2023-05-24;10.6;22.6;16.6;1.8;17.7;22.5;0.0;5.041666666666667;8.25;2.4166666666666665;95.875;8.726666666666667
2023-05-25;10.6;25.8;20.2;4.0;40.2;180.0;0.0;6.541666666666667;9.416666666666666;2.2083333333333335;95.54166666666667;9.846666666666666
2023-05-26;14.9;22.5;18.7;17.5;49.9;157.5;0.0;3.4166666666666665;7.083333333333333;2.5833333333333335;108.41666666666667;16.053333333333335
2023-05-27;15.2;22.6;17.5;5.8;35.4;112.5;14.2;2.7916666666666665;6.458333333333333;2.4166666666666665;96.0;14.886666666666665
2023-05-28;11.8;21.2;17.1;5.0;41.8;247.5;0.4;3.4166666666666665;6.833333333333333;2.4166666666666665;81.125;13.533333333333333
2023-05-29;10.6;23.4;17.4;4.5;32.2;270.0;0.0;4.541666666666667;7.541666666666667;2.25;75.66666666666667;12.833333333333334
2023-05-30;11.8;23.8;18.2;5.6;37.0;270.0;0.0;3.5833333333333335;7.291666666666667;2.5416666666666665;78.375;12.226666666666667
2023-05-31;10.8;26.7;19.7;3.5;24.1;247.5;0.0;4.428571428571429;7.666666666666667;2.3333333333333335;72.95238095238095;9.552941176470588
2023-06-01;12.7;24.7;19.3;10.6;46.7;112.5;0.0;4.75;7.916666666666667;2.2083333333333335;87.625;8.306666666666667
2023-06-02;15.5;21.8;18.1;11.9;37.0;157.5;2.2;2.4166666666666665;6.125;2.2083333333333335;103.83333333333333;10.406666666666666
2023-06-03;13.7;24.9;18.9;6.8;35.4;180.0;0.4;2.875;6.5;2.2083333333333335;91.95833333333333;8.26
2023-06-04;13.5;25.7;20.3;9.2;33.8;180.0;0.0;3.2083333333333335;6.875;2.5;97.75;9.38
2023-06-05;14.6;26.4;21.0;9.7;38.6;112.5;0.0;3.0;6.791666666666667;2.3333333333333335;104.625;9.986666666666666
2023-06-06;17.4;25.9;21.1;16.9;49.9;157.5;0.0;2.5833333333333335;6.333333333333333;2.25;105.91666666666667;9.146666666666667
2023-06-07;16.4;22.4;19.0;15.1;51.5;112.5;0.6;2.3333333333333335;6.166666666666667;2.2083333333333335;103.58333333333333;6.953333333333333
2023-06-08;17.4;21.8;19.3;15.8;49.9;112.5;0.0;2.875;6.458333333333333;2.2916666666666665;97.04166666666667;10.126666666666667
2023-06-09;14.6;25.1;19.6;5.6;29.0;270.0;0.6;2.9166666666666665;6.625;2.25;77.25;8.213333333333333
2023-06-10;15.3;27.1;21.2;4.5;25.7;270.0;0.0;2.25;6.083333333333333;2.375;78.69565217391305;6.253333333333333
2023-06-11;13.3;28.8;22.2;4.8;30.6;270.0;0.0;2.6666666666666665;6.25;2.0833333333333335;79.20833333333333;7.20695652173913
2023-06-12;14.6;28.5;22.0;5.1;32.2;270.0;0.0;3.2083333333333335;6.625;2.0833333333333335;75.875;7.699999999999999
2023-06-13;16.3;25.3;20.8;9.0;43.5;247.5;0.0;2.125;5.958333333333333;2.125;83.875;7.466666666666666
2023-06-14;14.3;30.3;23.4;4.7;30.6;0.0;0.0;3.5454545454545454;6.863636363636363;2.1363636363636362;95.4090909090909;9.52
2023-06-15;16.2;31.8;25.3;7.9;33.8;112.5;0.0;6.166666666666667;11.666666666666666;3.7083333333333335;93.5;8.633333333333333
2023-06-16;18.5;32.1;26.6;11.9;49.9;112.5;0.0;3.125;6.583333333333333;2.125;112.79166666666667;6.72
2023-06-17;21.9;32.1;26.8;14.6;43.5;157.5;0.0;2.25;6.0;2.0416666666666665;126.08333333333333;8.68
2023-06-18;19.8;25.4;22.9;6.8;35.4;180.0;4.8;3.4583333333333335;7.125;2.3333333333333335;103.91666666666667;10.826666666666666
2023-06-19;17.5;30.6;23.2;4.0;27.4;247.5;0.0;4.083333333333333;7.666666666666667;2.4166666666666665;86.625;12.18
2023-06-20;15.7;28.9;22.8;4.3;29.0;270.0;0.0;2.4166666666666665;6.333333333333333;2.2916666666666665;65.0;9.333333333333334
2023-06-21;17.8;30.6;24.0;5.5;37.0;247.5;0.0;3.4166666666666665;7.083333333333333;2.4166666666666665;76.875;9.753333333333334
2023-06-22;14.4;33.3;24.4;4.0;27.4;180.0;0.0;3.1666666666666665;6.625;2.1666666666666665;80.79166666666667;8.68
2023-06-23;20.2;31.0;25.7;16.7;56.3;112.5;0.0;2.4583333333333335;6.041666666666667;2.125;106.625;13.346666666666666
2023-06-24;21.7;30.4;25.8;23.0;53.1;157.5;0.0;2.1666666666666665;5.875;2.0833333333333335;109.6086956521739;10.546666666666667
2023-06-25;22.8;35.8;28.2;18.3;46.7;157.5;0.0;2.5;6.166666666666667;2.125;;11.9
2023-06-26;24.2;35.9;30.1;13.7;48.3;112.5;0.0;2.8333333333333335;6.375;2.125;117.0;13.44
2023-06-27;23.4;35.3;29.7;15.0;53.1;112.5;0.0;2.4166666666666665;5.958333333333333;2.0;118.83333333333333;12.04
2023-06-28;20.1;35.9;29.8;10.6;38.6;112.5;0.0;3.35;6.9;2.05;115.9;12.523636363636363
2023-06-29;18.4;36.2;28.8;5.6;29.0;247.5;0.0;4.583333333333333;7.583333333333333;1.9166666666666667;97.0;22.913333333333338
2023-06-30;17.6;33.1;26.8;6.0;27.4;270.0;0.0;3.8333333333333335;6.958333333333333;2.0416666666666665;98.25;17.78
2023-07-01;20.6;32.2;25.6;12.1;37.0;157.5;0.0;2.4166666666666665;6.125;2.0416666666666665;107.5;19.55333333333333
2023-07-02;21.0;32.4;26.8;14.3;43.5;157.5;0.0;2.0;5.666666666666667;2.0416666666666665;92.5;12.413333333333334
2023-07-03;20.9;35.2;28.7;8.5;33.8;157.5;0.0;3.0416666666666665;6.5;2.125;83.08333333333333;11.666666666666666
2023-07-04;19.0;34.4;28.3;5.0;30.6;270.0;0.0;4.083333333333333;7.291666666666667;1.9583333333333333;82.33333333333333;13.44
2023-07-05;16.4;35.6;27.9;4.8;33.8;247.5;0.0;4.0;7.208333333333333;2.0833333333333335;92.58333333333333;13.066666666666668
2023-07-06;18.3;33.1;26.2;7.9;33.8;112.5;0.0;3.2083333333333335;6.791666666666667;2.2083333333333335;98.0;17.686666666666667
2023-07-07;20.9;31.8;26.2;11.7;41.8;112.5;0.0;2.5;6.083333333333333;2.0833333333333335;92.125;13.393333333333333
2023-07-08;16.2;34.9;26.8;3.4;25.7;270.0;0.0;3.0833333333333335;6.75;2.2083333333333335;79.16666666666667;12.506666666666668
2023-07-09;17.8;35.8;28.4;5.1;29.0;202.5;0.0;3.0;6.5;2.1666666666666665;87.45833333333333;16.613333333333333
2023-07-10;24.1;36.2;30.5;11.9;43.5;112.5;0.0;2.625;6.166666666666667;2.0416666666666665;97.5;25.48
2023-07-11;25.4;40.1;31.8;6.6;37.0;270.0;0.0;3.0833333333333335;6.625;2.125;96.83333333333333;29.91333333333333
2023-07-12;19.8;38.8;30.7;5.0;32.2;270.0;0.0;3.238095238095238;6.761904761904762;2.0;92.23809523809524;13.113333333333332
2023-07-13;20.2;38.6;29.6;5.0;32.2;180.0;0.0;3.7916666666666665;7.0;1.9583333333333333;89.41666666666667;15.493333333333332
2023-07-14;23.3;35.7;28.8;10.3;32.2;180.0;0.0;2.5833333333333335;6.125;2.25;101.54166666666667;22.680000000000003
2023-07-15;18.8;33.3;27.7;5.6;33.8;270.0;0.0;3.375;6.916666666666667;2.125;75.5;14.979999999999999
2023-07-16;16.7;36.8;27.6;5.5;29.0;157.5;0.0;2.9166666666666665;6.375;2.1666666666666665;83.25;11.106666666666667
2023-07-17;25.1;36.5;29.8;18.8;51.5;157.5;0.0;2.75;6.25;2.0416666666666665;105.0;16.8
2023-07-18;23.0;39.3;31.7;8.5;38.6;180.0;0.0;2.7916666666666665;6.25;2.125;108.5;23.146666666666665
2023-07-19;23.7;39.7;31.9;5.0;33.8;270.0;0.0;4.043478260869565;6.913043478260869;1.9130434782608696;76.91304347826087;41.34666666666667
2023-07-20;24.1;35.3;30.1;6.0;33.8;247.5;0.0;3.25;6.625;2.0;75.20833333333333;39.43333333333333
2023-07-21;18.9;33.6;27.1;5.8;32.2;270.0;0.0;3.5833333333333335;7.5;2.4166666666666665;94.08333333333333;11.200000000000001
2023-07-22;16.8;36.3;27.2;4.0;27.4;180.0;0.0;2.8333333333333335;6.375;2.125;96.0;12.786666666666667
2023-07-23;22.1;35.2;28.8;7.9;35.4;112.5;0.0;2.9583333333333335;6.416666666666667;2.0833333333333335;100.33333333333333;16.94
2023-07-24;23.3;32.9;27.9;7.4;40.2;247.5;0.0;2.9166666666666665;6.583333333333333;2.1666666666666665;95.04166666666667;16.24
2023-07-25;18.5;32.7;26.5;6.4;35.4;270.0;0.0;2.625;6.208333333333333;2.1666666666666665;88.79166666666667;10.406666666666666
2023-07-26;14.9;33.1;25.3;8.0;37.0;180.0;0.0;3.9166666666666665;7.208333333333333;2.0833333333333335;96.79166666666667;10.826666666666666
2023-07-27;17.5;32.0;25.7;6.4;25.7;270.0;0.0;2.782608695652174;6.3478260869565215;2.0;98.56521739130434;11.735652173913044
2023-07-28;15.4;35.6;26.3;3.5;25.7;270.0;0.0;4.25;7.166666666666667;1.9583333333333333;89.58333333333333;11.666666666666666
2023-07-29;16.9;37.8;28.9;3.2;27.4;270.0;0.0;4.166666666666667;7.291666666666667;2.125;95.83333333333333;11.573333333333332
2023-07-30;19.5;37.8;29.9;4.5;30.6;270.0;0.0;3.625;6.916666666666667;2.125;79.125;9.893333333333333
2023-07-31;18.3;36.6;28.9;5.6;43.5;270.0;0.0;3.8260869565217392;7.043478260869565;2.0434782608695654;82.91304347826087;8.424347826086956
2023-08-01;17.7;35.1;27.6;4.5;33.8;270.0;0.0;3.7916666666666665;7.041666666666667;2.0;103.0;11.200000000000001
2023-08-02;16.8;35.1;27.5;5.6;33.8;270.0;0.0;4.0;7.0;2.125;83.83333333333333;10.313333333333334
2023-08-03;22.1;33.1;27.8;7.2;35.4;270.0;0.0;2.8333333333333335;6.375;2.25;81.54166666666667;9.426666666666668
2023-08-04;16.9;33.6;25.4;7.9;41.8;157.5;0.0;3.125;6.5;2.0416666666666665;91.91666666666667;12.646666666666667
2023-08-05;21.0;32.2;25.8;14.8;40.2;157.5;0.0;2.4583333333333335;6.041666666666667;2.0416666666666665;96.41666666666667;9.613333333333333
2023-08-06;23.9;35.1;29.1;14.0;49.9;157.5;0.0;2.1666666666666665;5.625;2.0416666666666665;96.58333333333333;8.073333333333332
2023-08-07;23.4;31.4;27.1;22.2;59.5;157.5;0.0;3.0;6.375;2.0416666666666665;93.45833333333333;9.146666666666667
2023-08-08;22.4;34.2;27.4;21.2;53.1;157.5;0.0;2.4166666666666665;6.125;2.1666666666666665;86.91666666666667;11.200000000000001
2023-08-09;22.2;38.4;29.9;8.0;33.8;180.0;0.0;3.2916666666666665;6.375;2.125;97.08333333333333;13.020000000000001
2023-08-10;22.4;40.2;31.7;3.1;25.7;270.0;0.0;4.956521739130435;7.695652173913044;1.9565217391304348;72.91304347826087;24.834782608695654
2023-08-11;19.3;42.0;31.2;4.3;25.7;180.0;0.0;5.125;8.208333333333334;1.9166666666666667;86.83333333333333;17.826666666666668
2023-08-12;21.8;39.3;30.1;6.9;33.8;180.0;0.0;2.9583333333333335;6.25;2.0833333333333335;99.375;15.026666666666666
2023-08-13;22.1;34.0;27.6;12.7;40.2;180.0;0.0;2.5;6.208333333333333;2.0416666666666665;89.33333333333333;13.066666666666668
2023-08-14;21.9;34.9;28.2;7.2;29.0;180.0;0.0;2.9166666666666665;6.291666666666667;2.0416666666666665;96.25;12.973333333333334
2023-08-15;19.2;36.3;28.4;5.0;29.0;112.5;0.0;4.125;7.208333333333333;2.125;81.875;13.533333333333333
2023-08-16;19.1;34.7;27.6;4.0;29.0;270.0;0.0;4.083333333333333;7.291666666666667;2.0416666666666665;88.83333333333333;11.433333333333332
2023-08-17;16.4;34.9;26.9;3.9;27.4;270.0;0.0;4.25;7.041666666666667;1.9583333333333333;80.91666666666667;7.373333333333332
2023-08-18;15.5;35.7;26.9;3.4;24.1;270.0;0.0;3.9583333333333335;7.041666666666667;2.2083333333333335;85.79166666666667;7.419999999999999
2023-08-19;17.2;37.9;28.9;2.9;24.1;270.0;0.0;3.9583333333333335;7.125;2.0833333333333335;78.70833333333333;7.419999999999999
2023-08-20;20.0;38.4;29.8;7.6;33.8;180.0;0.0;4.125;7.541666666666667;2.2083333333333335;88.875;8.493333333333334
2023-08-21;24.1;34.4;29.2;13.4;43.5;112.5;0.0;2.5833333333333335;6.083333333333333;2.0833333333333335;96.75;10.453333333333333
2023-08-22;25.3;33.8;29.2;15.9;54.7;157.5;0.0;2.0833333333333335;6.0;2.0;95.75;15.52727272727273
2023-08-23;24.2;33.7;28.6;18.7;49.9;157.5;0.0;2.2916666666666665;5.666666666666667;2.0;107.33333333333333;13.906666666666666
2023-08-24;24.8;37.1;30.6;11.4;38.6;180.0;0.0;2.1904761904761907;5.714285714285714;2.0;114.76190476190476;15.374545454545455
2023-08-25;19.8;40.8;31.1;3.4;32.2;180.0;0.0;4.291666666666667;7.375;2.0;92.41666666666667;15.353333333333333
2023-08-26;21.8;39.6;30.1;6.6;51.5;270.0;0.0;5.041666666666667;7.791666666666667;1.9166666666666667;60.791666666666664;22.913333333333338
2023-08-27;16.9;29.0;23.4;10.0;35.4;270.0;0.0;2.125;5.791666666666667;2.0416666666666665;78.04166666666667;8.12
2023-08-28;14.0;31.4;23.7;3.9;25.7;0.0;0.0;3.6666666666666665;7.0;2.0833333333333335;71.08333333333333;6.72
2023-08-29;13.8;33.3;25.2;3.2;27.4;270.0;0.0;4.083333333333333;7.25;2.0416666666666665;68.125;5.973333333333333
2023-08-30;17.9;31.7;26.3;5.6;27.4;270.0;0.0;3.9166666666666665;7.125;2.0;82.375;7.419999999999999
2023-08-31;20.7;29.3;24.4;14.3;40.2;157.5;0.0;2.25;6.083333333333333;2.0;106.83333333333333;6.766666666666667
2023-09-01;20.7;30.9;25.2;11.9;43.5;112.5;0.0;2.625;6.208333333333333;2.0833333333333335;98.33333333333333;7.1866666666666665
2023-09-02;19.4;26.3;22.8;10.9;43.5;112.5;0.0;2.625;6.375;2.0833333333333335;86.75;7.233333333333333
2023-09-03;14.1;19.5;17.9;7.1;37.0;22.5;4.0;6.0;8.916666666666666;2.375;78.54166666666667;6.486666666666667
2023-09-04;15.6;26.6;20.9;2.6;32.2;270.0;1.0;9.0;10.958333333333334;2.1666666666666665;68.16666666666667;7.326666666666667
2023-09-05;13.6;28.6;21.3;2.7;24.1;270.0;0.0;11.291666666666666;13.208333333333334;2.0416666666666665;72.04166666666667;10.593333333333332
2023-09-06;14.8;29.0;22.6;9.0;38.6;112.5;0.0;10.55;13.2;2.25;56.65;15.68
2023-09-07;21.4;27.8;24.1;17.9;46.7;157.5;0.0;3.0416666666666665;6.625;2.3333333333333335;91.70833333333333;18.601739130434783
2023-09-08;19.8;27.6;23.1;16.3;46.7;112.5;0.0;2.8333333333333335;6.25;2.0833333333333335;94.625;8.726666666666667
2023-09-09;20.3;28.9;23.8;11.6;41.8;112.5;0.0;2.375;6.125;2.0416666666666665;90.29166666666667;12.506666666666668
2023-09-10;18.6;29.0;23.6;10.1;37.0;112.5;0.0;2.5416666666666665;5.833333333333333;2.0;91.875;8.913333333333332
2023-09-11;17.1;28.8;22.6;3.9;30.6;270.0;0.0;3.75;6.916666666666667;2.125;65.83333333333333;6.768695652173913
2023-09-12;14.7;29.4;22.6;4.0;25.7;270.0;0.0;3.6666666666666665;6.791666666666667;2.125;70.08333333333333;9.52
2023-09-13;14.0;29.4;22.5;7.9;35.4;112.5;0.0;4.916666666666667;7.833333333333333;2.125;75.0;8.633333333333333
2023-09-14;20.7;28.1;24.3;13.7;40.2;112.5;0.0;2.0416666666666665;5.833333333333333;2.0416666666666665;87.91666666666667;11.806666666666667
2023-09-15;20.3;28.8;23.6;11.6;49.9;112.5;0.6;2.8333333333333335;6.458333333333333;2.2916666666666665;83.75;13.020000000000001
2023-09-16;14.5;27.8;21.2;3.4;22.5;270.0;0.0;4.166666666666667;7.375;2.1666666666666665;68.04166666666667;8.586666666666666
2023-09-17;14.3;20.0;18.3;3.7;24.1;270.0;0.2;4.208333333333333;7.541666666666667;2.1666666666666665;54.833333333333336;6.3
2023-09-18;9.4;24.2;17.5;2.9;20.9;0.0;0.0;4.083333333333333;7.375;2.1666666666666665;66.04166666666667;6.3933333333333335
2023-09-19;11.6;27.7;20.0;4.8;33.8;180.0;0.0;4.909090909090909;7.7727272727272725;2.0;64.63636363636364;7.9799999999999995
2023-09-20;11.7;27.7;20.7;3.5;25.7;270.0;0.0;4.416666666666667;7.666666666666667;2.2083333333333335;73.83333333333333;7.0
2023-09-21;10.1;24.4;19.9;7.4;38.6;247.5;0.0;3.5;6.583333333333333;2.0416666666666665;66.70833333333333;7.060869565217391
2023-09-22;14.6;21.3;18.0;6.3;32.2;270.0;0.8;3.0833333333333335;6.541666666666667;2.375;73.45833333333333;8.96
2023-09-23;8.3;25.4;17.9;7.2;38.6;157.5;0.0;3.8333333333333335;7.208333333333333;2.125;71.29166666666667;7.14
2023-09-24;17.8;26.3;21.4;17.4;53.1;157.5;0.0;1.9583333333333333;5.666666666666667;2.0833333333333335;93.25;8.493333333333334
2023-09-25;17.5;27.3;21.6;13.4;45.1;157.5;0.0;2.8333333333333335;6.416666666666667;2.125;86.58333333333333;6.673333333333333
2023-09-26;18.3;27.2;21.4;17.4;43.5;157.5;0.0;2.375;6.125;2.0416666666666665;84.83333333333333;9.799999999999999
2023-09-27;18.1;27.9;21.6;17.1;45.1;157.5;0.0;2.8333333333333335;6.375;2.125;86.5;8.959999999999999
2023-09-28;15.5;29.5;22.7;8.2;33.8;202.5;0.0;2.9583333333333335;6.5;2.2916666666666665;91.16666666666667;8.073333333333332
2023-09-29;15.5;29.1;22.9;10.3;37.0;180.0;0.0;4.75;7.25;2.25;89.45833333333333;7.6066666666666665
2023-09-30;18.9;27.8;22.4;17.4;48.3;157.5;0.0;1.9583333333333333;5.666666666666667;2.0416666666666665;96.04166666666667;9.706666666666667
2023-10-01;20.6;29.8;24.3;16.6;41.8;157.5;0.0;2.0;5.791666666666667;2.125;96.79166666666667;8.493333333333334
2023-10-02;20.9;30.5;24.8;13.7;41.8;157.5;0.0;2.25;5.833333333333333;2.125;89.875;5.739999999999999
2023-10-03;20.0;31.3;24.7;10.0;35.4;180.0;0.0;2.6666666666666665;6.375;2.2083333333333335;93.54166666666667;9.426666666666668
2023-10-04;18.6;26.7;22.2;15.8;49.9;157.5;0.0;2.625;6.125;2.125;91.33333333333333;7.68
2023-10-05;17.8;28.2;21.9;10.8;41.8;157.5;0.0;2.6363636363636362;6.090909090909091;2.090909090909091;97.27272727272727;15.985454545454546
2023-10-06;18.6;29.0;23.6;13.7;46.7;157.5;0.0;2.857142857142857;6.285714285714286;4.285714285714286;103.45833333333333;13.113333333333335
2023-10-07;21.6;29.4;24.8;13.7;43.5;157.5;0.0;2.0;5.708333333333333;2.2916666666666665;94.54166666666667;13.953333333333333
2023-10-08;20.1;27.6;23.0;14.6;43.5;180.0;0.0;2.2083333333333335;5.791666666666667;2.0416666666666665;93.58333333333333;11.76
2023-10-09;18.3;24.9;20.9;16.7;43.5;157.5;0.0;2.875;6.541666666666667;2.1666666666666665;89.33333333333333;10.686666666666667
2023-10-10;18.0;25.1;20.7;15.8;38.6;157.5;0.0;2.4166666666666665;5.958333333333333;2.0416666666666665;92.95833333333333;10.453333333333333
2023-10-11;17.6;26.3;21.1;11.3;32.2;157.5;0.0;2.5416666666666665;6.375;2.1666666666666665;91.79166666666667;11.62
2023-10-12;16.0;26.7;21.3;11.7;38.6;157.5;0.0;2.5;5.833333333333333;2.0416666666666665;94.625;10.406666666666666
2023-10-13;18.8;27.1;22.2;11.7;43.5;157.5;0.0;3.3333333333333335;6.833333333333333;2.0833333333333335;93.45833333333333;10.966666666666667
2023-10-14;15.9;25.7;20.7;2.7;27.4;270.0;1.2;3.9166666666666665;7.458333333333333;2.2083333333333335;72.20833333333333;15.68
2023-10-15;10.8;25.6;18.6;2.6;20.9;270.0;0.0;4.125;7.5;2.3333333333333335;55.541666666666664;12.32
2023-10-16;17.6;26.4;21.2;1.6;17.7;270.0;0.0;3.125;6.75;2.125;63.75;6.486666666666667
2023-10-17;20.1;28.6;22.8;17.4;57.9;180.0;0.0;4.041666666666667;7.041666666666667;2.0416666666666665;67.625;16.38
2023-10-18;16.8;23.3;19.8;9.2;43.5;247.5;0.6;2.090909090909091;5.818181818181818;2.1818181818181817;71.54545454545455;3.686666666666667
2023-10-19;13.9;22.8;18.2;18.2;77.2;180.0;27.2;2.2916666666666665;5.916666666666667;2.0416666666666665;65.58333333333333;3.686666666666667
2023-10-20;13.1;17.8;15.4;11.6;45.1;247.5;0.0;3.25;6.958333333333333;2.5;82.41666666666667;5.366666666666667
2023-10-21;10.4;19.6;14.4;1.9;24.1;0.0;0.0;6.25;9.291666666666666;2.3333333333333335;64.20833333333333;4.34
2023-10-22;10.3;18.8;15.2;16.7;74.0;112.5;0.2;5.208333333333333;8.458333333333334;2.2916666666666665;77.0;5.32
2023-10-23;12.9;17.4;15.1;3.2;24.1;202.5;1.8;3.4166666666666665;7.083333333333333;2.5;69.83333333333333;3.686666666666667
2023-10-24;9.8;18.4;14.3;3.9;30.6;247.5;0.2;5.0476190476190474;8.047619047619047;2.238095238095238;54.166666666666664;5.086666666666667
2023-10-25;12.5;21.0;16.6;4.8;30.6;270.0;1.2;4.75;8.75;2.7083333333333335;52.25;3.5
2023-10-26;12.3;21.1;16.8;7.6;46.7;225.0;0.0;3.4166666666666665;6.875;2.2083333333333335;50.375;4.806666666666667
2023-10-27;12.7;19.4;16.1;5.0;29.0;270.0;0.6;2.5416666666666665;6.375;2.3333333333333335;70.58333333333333;4.573333333333333
2023-10-28;8.8;21.0;14.9;2.1;24.1;247.5;0.2;4.041666666666667;7.333333333333333;2.0833333333333335;63.583333333333336;4.8533333333333335
2023-10-29;6.9;21.3;14.9;1.1;14.5;180.0;0.0;4.476190476190476;7.285714285714286;2.0;53.857142857142854;4.8
2023-10-30;12.5;18.3;15.6;6.0;30.6;270.0;3.4;4.391304347826087;7.521739130434782;2.1739130434782608;69.73913043478261;5.064347826086957
2023-10-31;9.1;16.2;12.9;4.0;25.7;157.5;0.0;5.5;8.363636363636363;2.1363636363636362;54.63636363636363;5.973333333333334
2023-11-01;7.2;20.1;14.6;3.2;32.2;247.5;0.0;4.416666666666667;7.5;2.2916666666666665;58.333333333333336;5.973333333333334
2023-11-02;12.8;19.9;16.4;15.8;67.6;225.0;0.4;1.9583333333333333;5.541666666666667;2.0416666666666665;76.95833333333333;4.806666666666667
2023-11-03;10.8;15.3;13.0;9.0;40.2;270.0;0.0;1.8636363636363635;5.681818181818182;2.090909090909091;79.0;5.243636363636363
2023-11-04;9.3;19.0;14.4;9.7;49.9;225.0;0.6;1.9130434782608696;5.6521739130434785;2.0434782608695654;76.69565217391305;3.8469565217391306
2023-11-05;10.7;17.3;13.8;4.8;25.7;270.0;0.0;2.0416666666666665;5.541666666666667;2.0416666666666665;76.33333333333333;7.98
2023-11-06;8.6;15.8;12.2;5.0;25.7;270.0;0.0;2.0869565217391304;5.739130434782608;2.0869565217391304;72.3913043478261;6.086956521739131
2023-11-07;4.5;16.8;10.7;2.6;20.9;270.0;0.0;2.875;6.5;2.1666666666666665;68.66666666666667;5.04
2023-11-08;2.3;18.3;10.1;1.1;12.9;0.0;0.0;5.916666666666667;8.5;2.0;50.333333333333336;3.78
2023-11-09;7.8;17.9;12.8;2.4;27.4;270.0;0.4;4.958333333333333;8.291666666666666;2.2083333333333335;56.333333333333336;5.6000000000000005
2023-11-10;10.7;17.5;13.4;3.7;25.7;270.0;0.0;2.7083333333333335;6.583333333333333;2.4166666666666665;74.29166666666667;7.9799999999999995
2023-11-11;10.7;18.9;14.4;3.1;20.9;270.0;0.0;2.7083333333333335;6.083333333333333;2.1666666666666665;68.5;5.133333333333334
2023-11-12;8.4;21.5;15.1;3.1;25.7;0.0;0.2;3.125;6.625;2.2083333333333335;59.875;6.16
2023-11-13;8.2;26.2;16.2;1.1;14.5;247.5;0.0;5.041666666666667;8.0;2.1666666666666665;39.916666666666664;4.62
2023-11-14;6.6;27.9;16.1;1.1;16.1;22.5;0.0;5.916666666666667;9.5;2.5833333333333335;34.291666666666664;7.1866666666666665
2023-11-15;7.2;29.2;16.9;1.1;22.5;247.5;0.0;7.15;10.35;2.55;20.46153846153846;4.76
2023-11-16;7.9;25.2;15.8;1.1;19.3;22.5;0.0;7.2272727272727275;9.863636363636363;2.227272727272727;41.81818181818182;7.381818181818182
2023-11-17;6.3;26.3;15.1;1.1;17.7;202.5;0.0;9.772727272727273;12.136363636363637;2.272727272727273;35.27272727272727;9.112727272727271
2023-11-18;9.4;21.2;16.4;11.1;41.8;157.5;0.0;4.388888888888889;7.555555555555555;2.2222222222222223;21.666666666666668;6.035555555555556
2023-11-19;11.4;22.0;16.8;10.0;37.0;157.5;0.0;2.909090909090909;6.590909090909091;2.272727272727273;;6.821818181818182
2023-11-20;6.2;21.9;13.9;2.3;24.1;270.0;0.0;6.133333333333334;9.133333333333333;2.1333333333333333;;6.944
2023-11-21;7.4;15.3;12.2;5.1;30.6;270.0;0.0;3.375;6.875;2.25;;8.586666666666666
2023-11-22;6.3;15.1;10.9;11.4;48.3;0.0;0.0;4.333333333333333;7.133333333333334;2.0;;7.242666666666667
2023-11-23;0.4;16.6;9.1;3.9;29.0;157.5;0.0;5.285714285714286;8.476190476190476;2.2857142857142856;;9.066666666666666
2023-11-24;0.4;17.4;8.6;1.8;19.3;292.5;0.0;5.2727272727272725;8.590909090909092;2.3636363636363638;;6.007272727272727
2023-11-25;0.1;17.4;8.2;2.3;24.1;270.0;0.0;5.833333333333333;8.583333333333334;2.1666666666666665;;10.64
2023-11-26;0.2;19.1;8.9;1.3;19.3;180.0;0.0;6.0;8.91304347826087;2.217391304347826;;10.71304347826087
2023-11-27;3.7;13.8;8.9;2.7;22.5;270.0;0.0;5.545454545454546;8.363636363636363;2.0454545454545454;;14.293333333333335
2023-11-28;5.1;15.2;11.0;2.4;17.7;270.0;0.0;3.5714285714285716;7.0476190476190474;2.1;70.14285714285714;12.417391304347827
2023-11-29;9.8;18.6;14.5;3.1;24.1;202.5;1.2;3.090909090909091;6.590909090909091;2.090909090909091;65.0909090909091;4.785454545454545
2023-11-30;14.3;18.8;16.3;8.7;48.3;180.0;0.6;3.2083333333333335;6.541666666666667;2.2083333333333335;57.583333333333336;4.946666666666666
2023-12-01;8.3;17.1;11.7;8.5;46.7;270.0;7.4;2.375;6.208333333333333;2.125;73.58333333333333;5.086666666666667
2023-12-02;2.7;12.4;7.8;2.9;25.7;270.0;0.0;3.375;6.5;2.0;61.0625;6.58
2023-12-03;-0.6;14.1;6.9;4.8;27.4;180.0;0.2;4.428571428571429;7.619047619047619;2.1904761904761907;49.80952380952381;6.071578947368421
2023-12-04;6.5;11.1;8.8;2.3;17.7;0.0;5.4;5.75;8.916666666666666;2.0833333333333335;42.5;6.633846153846154
2023-12-05;6.6;12.8;9.7;8.7;46.7;157.5;0.6;4.391304347826087;7.3478260869565215;2.0434782608695654;59.041666666666664;7.012173913043478
2023-12-06;9.3;13.4;11.6;7.2;29.0;135.0;0.6;2.25;5.208333333333333;1.9583333333333333;68.0;5.133333333333334
2023-12-07;11.8;17.2;13.4;2.7;24.1;270.0;1.2;3.125;6.416666666666667;2.0;53.958333333333336;5.133333333333334
2023-12-08;9.1;15.8;13.4;7.9;40.2;270.0;4.0;1.625;4.958333333333333;1.9583333333333333;71.33333333333333;4.62
2023-12-09;6.7;17.4;11.8;1.8;14.5;292.5;0.0;2.4166666666666665;5.75;2.0416666666666665;;6.8133333333333335
2023-12-10;5.8;19.8;11.9;1.3;16.1;22.5;0.2;4.458333333333333;7.541666666666667;2.2916666666666665;;4.34
2023-12-11;4.9;25.8;12.8;0.5;11.3;0.0;0.2;9.173913043478262;12.826086956521738;3.0434782608695654;;7.012173913043478
2023-12-12;5.5;21.9;12.3;1.8;25.7;22.5;0.0;9.8;12.4;2.3;;7.495384615384615
2023-12-13;8.3;14.3;12.1;6.3;30.6;270.0;1.6;2.5833333333333335;6.166666666666667;2.3043478260869565;;6.253333333333333
2023-12-14;2.4;13.4;8.6;4.7;25.7;270.0;0.0;4.2272727272727275;6.909090909090909;1.9090909090909092;;9.418181818181818
2023-12-15;0.4;14.8;8.1;6.4;46.7;112.5;0.0;5.529411764705882;8.294117647058824;2.0588235294117645;;7.576470588235295
2023-12-16;4.8;15.4;10.6;8.2;37.0;112.5;0.0;3.5454545454545454;6.590909090909091;2.0;;6.618181818181818
2023-12-17;1.9;14.5;9.2;7.9;41.8;157.5;0.0;2.6818181818181817;5.863636363636363;2.0454545454545454;;6.058181818181819
2023-12-18;0.8;15.1;8.1;2.6;19.3;22.5;0.0;4.380952380952381;7.190476190476191;2.0;;8.0
2023-12-19;-1.4;8.4;1.4;0.2;3.2;22.5;0.0;5.833333333333333;8.444444444444445;2.0;;8.213333333333333
2023-12-20;3.8;7.8;6.4;2.1;14.5;292.5;0.0;6.5;8.722222222222221;1.7222222222222223;;11.822222222222223
2023-12-21;1.1;14.8;7.1;2.1;17.7;0.0;0.0;5.380952380952381;8.428571428571429;2.142857142857143;49.904761904761905;8.373333333333333
2023-12-22;-0.3;18.8;7.8;1.1;19.3;180.0;0.2;5.6;8.8;2.35;40.75;8.736
2023-12-23;-0.9;19.1;7.3;1.1;16.1;292.5;0.0;4.7368421052631575;8.0;2.1578947368421053;36.94736842105263;6.307368421052632
2023-12-24;-0.7;16.5;6.8;0.6;14.5;315.0;0.0;3.5;6.9;2.05;36.25;10.08
2023-12-25;-1.1;14.9;5.7;1.1;16.1;292.5;0.2;2.533333333333333;5.533333333333333;1.8;25.6;9.52
2023-12-26;-2.6;16.2;4.9;0.6;11.3;202.5;0.2;4.55;7.25;1.85;33.75;12.376
2023-12-27;-1.4;17.0;6.8;3.1;22.5;202.5;0.0;3.65;6.6;1.9;46.8;15.244444444444444
2023-12-28;1.5;15.8;8.6;3.9;32.2;157.5;0.2;3.5;6.5625;2.0;51.3125;12.67
2023-12-29;6.8;16.7;10.8;1.4;14.5;292.5;0.0;4.375;7.6875;2.1875;40.875;11.55
2023-12-30;4.8;17.7;10.1;1.0;17.7;292.5;0.0;5.066666666666666;8.066666666666666;2.066666666666667;37.4;18.517333333333333
2023-12-31;1.2;15.3;7.4;1.1;22.5;292.5;0.0;2.125;5.583333333333333;2.0;48.166666666666664;13.160000000000002
2024-01-01;5.1;15.9;9.7;1.3;17.7;292.5;0.0;2.0;5.0;2.0;37.0;5.75
2024-01-02;1.1;19.2;9.4;0.6;12.9;202.5;0.2;;;;;
2024-01-03;1.4;18.7;9.9;1.3;19.3;292.5;0.0;;;;;
2024-01-04;7.1;15.8;11.7;1.6;24.1;247.5;5.2;;;;;
2024-01-05;7.0;12.8;9.4;10.9;43.5;270.0;1.4;;;;;
2024-01-06;2.1;9.2;5.9;3.5;24.1;270.0;0.0;;;;;
2024-01-07;-1.9;13.3;4.7;1.1;17.7;292.5;0.2;;;;;
2024-01-08;-2.3;14.8;5.7;0.3;8.0;0.0;0.8;;;;;
2024-01-09;5.8;9.8;7.7;2.3;25.7;202.5;10.2;;;;;
2024-01-10;5.4;12.8;9.7;2.3;17.7;270.0;0.4;;;;;
2024-01-11;4.3;13.1;7.9;1.1;14.5;45.0;0.2;;;;;
2024-01-12;4.3;12.7;10.1;19.5;54.7;135.0;0.0;;;;;
2024-01-13;9.4;14.8;11.1;14.3;49.9;157.5;0.0;;;;;
2024-01-14;4.3;23.0;13.3;3.4;38.6;67.5;0.0;;;;;
2024-01-15;3.6;18.6;12.5;0.8;17.7;180.0;0.0;;;;;
2024-01-16;3.6;20.2;10.8;6.0;48.3;202.5;1.6;;;;;
2024-01-17;11.4;17.6;14.3;13.5;61.2;202.5;5.4;;;;;
2024-01-18;8.1;17.2;12.9;4.0;33.8;180.0;0.0;;;;;
2024-01-19;10.1;15.1;12.4;15.9;57.9;180.0;4.6;;;;;
2024-01-20;5.6;14.2;9.9;6.3;33.8;270.0;0.0;;;;;
2024-01-21;7.2;14.7;10.5;4.3;22.5;157.5;0.0;;;;;
2024-01-22;2.8;16.4;9.0;1.3;17.7;22.5;0.2;;;;;
2024-01-23;2.8;22.3;11.6;1.8;20.9;157.5;0.0;;;;;
2024-01-24;10.3;20.3;15.3;11.1;45.1;157.5;0.0;;;;;
2024-01-25;10.3;23.3;17.6;10.9;35.4;157.5;0.0;;;;;
2024-01-26;9.1;24.3;17.1;5.5;29.0;157.5;0.0;;;;;
2024-01-27;11.9;21.1;16.3;10.5;40.2;157.5;0.0;;;;;
2024-01-28;10.3;17.8;14.1;9.3;37.0;157.5;0.0;;;;;
2024-01-29;10.6;15.1;12.6;17.9;46.7;157.5;0.0;;;;;
2024-01-30;10.9;14.8;12.3;18.3;41.8;157.5;0.0;;;;;
2024-01-31;10.9;14.9;12.3;19.8;46.7;157.5;0.0;;;;;
2024-02-01;9.4;14.4;11.7;15.1;48.3;157.5;0.0;;;;;
2024-02-02;2.6;18.9;11.1;8.5;37.0;157.5;0.0;;;;;
2024-02-03;10.2;14.8;11.7;20.6;56.3;157.5;0.0;;;;;
2024-02-04;8.2;17.7;12.3;12.6;38.6;157.5;0.0;;;;;
2024-02-05;1.6;18.9;10.7;3.2;20.9;292.5;0.0;;;;;
2024-02-06;5.1;18.0;10.9;4.3;37.0;270.0;0.0;;;;;
2024-02-07;2.9;17.2;10.2;2.7;25.7;270.0;0.0;;;;;
2024-02-08;4.0;17.7;11.1;11.7;74.0;202.5;0.2;;;;;
2024-02-09;10.2;14.3;12.4;20.9;78.9;202.5;16.6;;;;;
2024-02-10;9.6;14.1;11.6;15.8;54.7;270.0;0.0;;;;;
2024-02-11;6.5;15.7;10.0;5.0;43.5;247.5;8.6;;;;;
2024-02-12;13.2;19.2;15.9;14.0;54.7;270.0;2.8;;;;;
2024-02-13;11.1;19.8;14.6;1.9;20.9;0.0;0.0;;;;;
2024-02-14;13.5;21.1;17.8;17.5;49.9;157.5;0.0;;;;;
2024-02-15;12.4;19.0;16.5;13.5;49.9;157.5;8.6;;;;;
2024-02-16;9.2;15.2;11.9;5.5;27.4;270.0;0.0;;;;;
2024-02-17;4.1;18.3;11.3;5.8;33.8;0.0;0.2;;;;;
2024-02-18;5.8;18.3;12.5;6.6;30.6;157.5;0.0;;;;;
2024-02-19;3.6;22.7;12.7;1.3;14.5;0.0;0.0;;;;;
2024-02-20;8.3;23.0;15.2;4.0;24.1;180.0;0.0;;;;;
2024-02-21;3.8;23.2;13.6;2.6;20.9;270.0;0.0;;;;;
2024-02-22;8.9;18.4;14.0;7.6;40.2;270.0;0.2;;;;;
2024-02-23;7.0;13.8;10.2;13.8;53.1;270.0;1.6;;;;;
2024-02-24;7.3;13.1;9.8;13.4;43.5;270.0;0.0;;;;;
2024-02-25;4.8;15.7;11.2;9.2;41.8;247.5;0.0;;;;;
2024-02-26;8.6;12.9;11.2;16.4;54.7;270.0;12.2;;;;;
2024-02-27;5.1;13.6;8.8;10.5;37.0;270.0;0.0;;;;;
2024-02-28;2.6;14.6;9.4;7.9;37.0;292.5;0.0;;;;;
2024-02-29;1.8;15.8;9.9;7.1;40.2;270.0;0.0;;;;;
2024-03-01;3.9;13.8;8.9;6.1;30.6;292.5;0.0;;;;;
2024-03-02;1.1;14.2;8.3;10.0;61.2;225.0;1.0;;;;;
2024-03-03;5.3;12.7;9.1;11.6;48.3;270.0;1.4;;;;;
2024-03-04;6.3;14.9;11.2;5.0;27.4;270.0;1.0;;;;;
2024-03-05;5.0;17.5;11.2;4.2;20.9;292.5;0.0;;;;;
2024-03-06;-0.1;17.7;9.6;8.0;38.6;112.5;0.0;;;;;
2024-03-07;7.7;15.4;10.6;14.2;53.1;157.5;8.6;;;;;
2024-03-08;4.6;12.6;9.2;10.5;45.1;202.5;1.0;;;;;
2024-03-09;6.8;12.3;9.3;11.1;41.8;247.5;35.0;;;;;
2024-03-10;8.4;14.6;10.9;13.8;56.3;247.5;0.8;;;;;
2024-03-11;5.7;15.1;10.9;6.4;27.4;292.5;0.0;;;;;
2024-03-12;2.3;17.3;10.7;9.7;46.7;157.5;0.0;;;;;
2024-03-13;8.4;17.6;13.4;15.1;48.3;157.5;0.0;;;;;
2024-03-14;4.5;20.1;12.7;2.4;22.5;292.5;0.0;;;;;
2024-03-15;9.0;21.3;14.8;3.2;25.7;292.5;0.0;;;;;
2024-03-16;6.3;23.3;15.1;6.3;30.6;157.5;0.0;;;;;
2024-03-17;15.8;23.9;19.1;13.8;48.3;157.5;0.0;;;;;
2024-03-18;7.9;27.3;17.4;1.0;11.3;202.5;0.0;;;;;
2024-03-19;14.8;27.2;20.4;4.2;24.1;202.5;0.0;;;;;
2024-03-20;11.6;21.2;16.7;4.7;24.1;270.0;0.0;;;;;
2024-03-21;11.2;21.6;15.9;7.1;38.6;180.0;0.4;;;;;
2024-03-22;14.5;26.7;21.6;6.9;37.0;180.0;0.0;;;;;
2024-03-23;13.2;25.4;19.8;9.0;45.1;180.0;0.0;;;;;
2024-03-24;12.7;21.9;17.1;9.7;53.1;202.5;2.6;;;;;
2024-03-25;11.1;15.1;13.1;10.3;38.6;180.0;6.8;;;;;
2024-03-26;5.3;11.2;8.7;15.4;53.1;247.5;7.4;;;;;
2024-03-27;8.8;15.3;11.9;17.9;59.5;202.5;0.6;;;;;
2024-03-28;11.8;15.9;13.3;14.6;51.1;180.0;5.8;;;;;
2024-03-29;7.1;13.3;11.2;12.9;54.7;157.5;11.0;;;;;
2024-03-30;6.6;11.7;9.2;11.4;46.7;202.5;12.0;;;;;
2024-03-31;5.9;11.7;8.7;9.0;45.1;202.5;20.6;;;;;
2024-04-01;6.1;16.6;11.2;7.2;32.2;202.5;0.0;;;;;
2024-04-02;3.7;18.7;11.5;5.6;40.2;112.5;0.0;;;;;
2024-04-03;6.0;22.3;14.1;2.4;24.1;292.5;0.0;;;;;
2024-04-04;6.6;22.3;15.0;7.1;37.0;157.5;0.2;;;;;
2024-04-05;15.5;24.0;19.6;15.9;48.3;180.0;0.0;;;;;
2024-04-06;17.7;24.8;20.9;13.8;54.7;180.0;0.0;;;;;
2024-04-07;14.1;24.2;19.0;3.7;30.6;270.0;0.0;;;;;
2024-04-08;8.5;19.1;14.9;7.2;40.2;270.0;0.4;;;;;
2024-04-09;7.6;21.6;13.7;8.4;30.6;22.5;0.0;;;;;
2024-04-10;6.7;22.7;15.1;6.8;38.6;202.5;0.0;;;;;
2024-04-11;7.2;24.2;15.3;8.9;43.5;180.0;0.0;;;;;
2024-04-12;11.2;19.4;15.7;15.0;38.6;157.5;0.0;;;;;
2024-04-13;11.8;23.4;16.9;9.5;32.2;180.0;0.0;;;;;
2024-04-14;13.7;22.8;18.4;11.9;41.8;180.0;0.0;;;;;
2024-04-15;8.0;28.9;19.6;3.4;32.2;270.0;0.0;;;;;
2024-04-16;11.4;29.2;21.2;4.3;30.6;270.0;0.0;;;;;
2024-04-17;9.6;26.6;19.4;4.8;30.6;180.0;0.0;;;;;
2024-04-18;11.4;25.2;18.1;4.0;37.0;202.5;0.0;;;;;
2024-04-19;13.3;18.4;15.4;20.1;66.0;157.5;0.0;;;;;
2024-04-20;12.3;20.0;15.2;13.0;41.8;157.5;0.0;;;;;
2024-04-21;11.4;19.0;14.8;11.1;37.0;157.5;0.0;;;;;
2024-04-22;7.9;23.9;16.8;5.0;30.6;270.0;1.6;;;;;
2024-04-23;12.2;22.3;17.1;7.7;29.0;292.5;0.0;;;;;
2024-04-24;4.6;23.9;15.2;4.0;30.6;202.5;0.0;;;;;
2024-04-25;7.9;21.7;15.8;6.6;46.7;270.0;0.0;;;;;
2024-04-26;7.2;18.4;14.4;7.7;38.6;270.0;0.0;;;;;
2024-04-27;10.2;17.4;13.2;8.4;38.6;247.5;1.8;;;;;
2024-04-28;5.5;18.2;12.7;4.7;30.6;270.0;0.0;;;;;
2024-04-29;4.1;19.4;12.7;5.6;38.6;270.0;0.0;;;;;
2024-04-30;4.4;17.3;12.4;8.2;41.8;247.5;0.0;;;;;
2024-05-01;9.1;16.6;12.7;10.5;45.1;270.0;15.8;;;;;
2024-05-02;4.5;17.5;12.3;4.5;24.1;270.0;0.0;;;;;
2024-05-03;5.0;23.6;14.8;2.9;20.9;292.5;0.0;;;;;
2024-05-04;6.5;26.4;17.4;3.4;27.4;270.0;0.0;;;;;
2024-05-05;7.2;24.8;17.3;4.3;35.4;270.0;0.0;;;;;
2024-05-06;13.5;23.0;17.9;5.1;30.6;270.0;0.0;;;;;
2024-05-07;10.3;23.7;18.4;7.7;37.0;202.5;0.0;;;;;
2024-05-08;12.4;22.9;17.7;13.5;45.1;112.5;0.0;;;;;
2024-05-09;14.3;23.1;18.7;22.0;61.2;157.5;0.0;;;;;
2024-05-10;15.2;23.8;18.5;20.8;54.7;157.5;0.0;;;;;
2024-05-11;15.8;24.9;19.8;17.7;45.1;157.5;0.0;;;;;
2024-05-12;8.1;28.7;20.3;3.5;24.1;180.0;0.0;;;;;
2024-05-13;12.1;28.4;21.1;5.5;35.4;270.0;0.0;;;;;
2024-05-14;14.8;21.9;18.0;11.1;40.2;270.0;0.0;;;;;
2024-05-15;9.8;20.3;15.2;10.9;38.6;270.0;0.0;;;;;
2024-05-16;10.7;20.8;15.7;9.2;38.6;270.0;0.0;;;;;
2024-05-17;8.7;21.1;15.6;6.3;37.0;270.0;0.0;;;;;
2024-05-18;7.4;23.9;16.7;5.5;27.4;270.0;0.0;;;;;
2024-05-19;8.1;22.3;16.2;7.1;37.0;270.0;0.0;;;;;
2024-05-20;10.1;21.2;16.2;8.0;37.0;270.0;0.0;;;;;
2024-05-21;11.4;21.8;16.8;6.8;35.4;270.0;0.0;;;;;
2024-05-22;10.4;25.8;18.6;4.5;25.7;270.0;0.0;;;;;
2024-05-23;11.4;25.6;19.3;9.0;38.6;157.5;0.0;;;;;
2024-05-24;13.2;30.0;21.7;6.4;30.6;180.0;0.0;;;;;
2024-05-25;13.2;32.1;22.8;4.2;22.5;202.5;0.0;;;;;
2024-05-26;14.8;31.9;24.5;3.2;24.1;270.0;0.0;;;;;
2024-05-27;16.2;32.1;25.3;4.0;27.4;270.0;0.0;;;;;
2024-05-28;17.1;25.3;21.2;15.3;48.3;157.5;0.0;;;;;
2024-05-29;15.7;29.1;22.8;12.9;41.8;157.5;0.0;;;;;
2024-05-30;19.1;34.9;27.2;7.9;29.0;180.0;0.0;;;;;
2024-05-31;15.8;29.4;22.9;15.0;59.5;157.5;0.0;;;;;
2024-06-01;17.2;24.9;20.3;23.2;53.1;157.5;0.0;;;;;
2024-06-02;16.4;24.5;19.6;23.2;56.3;157.5;0.0;;;;;
2024-06-03;16.3;25.6;20.7;19.5;48.3;157.5;0.0;;;;;
2024-06-04;16.7;28.9;22.9;10.9;37.0;157.5;0.0;;;;;
2024-06-05;16.1;30.3;24.2;11.4;37.0;157.5;0.0;;;;;
2024-06-06;22.1;33.6;27.2;13.2;40.2;180.0;0.0;;;;;
2024-06-07;18.7;27.1;22.9;6.3;29.0;270.0;0.0;;;;;
2024-06-08;14.6;22.8;19.5;8.7;41.8;270.0;1.6;;;;;
2024-06-09;10.9;21.6;17.4;5.1;25.7;270.0;0.0;;;;;
2024-06-10;12.3;25.3;19.4;6.3;40.2;270.0;0.0;;;;;
2024-06-11;12.0;26.1;20.2;6.1;33.8;270.0;0.0;;;;;
2024-06-12;12.3;28.2;21.1;5.0;30.6;270.0;0.0;;;;;
2024-06-13;15.2;28.8;22.2;10.5;40.2;112.5;0.0;;;;;
2024-06-14;17.2;33.4;25.1;6.9;30.6;202.5;0.0;;;;;
2024-06-15;16.2;29.4;24.1;6.6;38.6;270.0;0.0;;;;;
2024-06-16;12.3;30.7;22.7;4.0;29.0;270.0;0.0;;;;;
2024-06-17;13.1;32.1;24.0;4.3;30.6;270.0;0.0;;;;;
2024-06-18;14.8;27.2;21.7;8.0;45.1;270.0;0.0;;;;;
2024-06-19;13.9;23.5;18.3;8.0;41.8;247.5;0.0;;;;;
2024-06-20;12.4;23.6;18.2;7.9;33.8;270.0;0.0;;;;;
2024-06-21;10.6;30.1;21.6;6.0;30.6;180.0;0.0;;;;;
2024-06-22;14.4;33.4;25.2;7.2;29.0;202.5;0.0;;;;;
2024-06-23;15.4;33.7;25.7;9.7;38.6;157.5;0.0;;;;;
2024-06-24;19.8;29.6;24.4;18.0;46.7;157.5;0.0;;;;;
2024-06-25;18.7;31.4;24.8;16.6;45.1;180.0;0.0;;;;;
2024-06-26;17.0;30.2;23.5;6.6;30.6;270.0;0.0;;;;;
2024-06-27;16.4;24.3;20.1;5.0;19.3;270.0;0.0;;;;;
2024-06-28;15.8;24.3;18.8;5.1;35.4;270.0;7.4;;;;;
2024-06-29;14.8;24.4;19.4;4.7;30.6;292.5;0.0;;;;;
2024-06-30;13.9;28.4;20.9;4.7;29.0;270.0;0.0;;;;;
2024-07-01;15.1;29.9;23.3;4.8;27.4;292.5;0.0;;;;;
2024-07-02;15.1;33.1;25.5;7.2;32.2;157.5;0.0;;;;;
2024-07-03;16.4;36.4;28.1;5.8;29.0;180.0;0.0;;;;;
2024-07-04;22.7;35.2;29.2;10.6;43.5;157.5;0.0;;;;;
2024-07-05;24.3;33.8;29.4;14.0;49.9;157.5;0.0;;;;;
2024-07-06;18.1;27.8;22.3;7.6;33.8;270.0;0.0;;;;;
2024-07-07;14.6;30.3;23.6;4.3;33.8;270.0;0.0;;;;;
2024-07-08;13.6;31.6;23.6;5.6;27.4;112.5;0.0;;;;;
2024-07-09;15.1;33.9;25.7;4.0;29.0;270.0;0.0;;;;;
2024-07-10;15.2;37.4;27.6;2.9;22.5;180.0;0.0;;;;;
2024-07-11;18.8;37.7;29.9;4.5;29.0;270.0;0.0;;;;;
2024-07-12;20.4;35.7;29.6;5.6;30.6;270.0;0.0;;;;;
2024-07-13;16.2;34.0;26.3;5.0;29.0;270.0;0.0;;;;;
2024-07-14;16.4;34.8;26.4;4.0;27.4;270.0;0.0;;;;;
2024-07-15;14.5;33.0;25.5;5.1;32.2;270.0;0.0;;;;;
2024-07-16;20.6;34.8;27.6;4.5;25.7;292.5;0.0;;;;;
2024-07-17;18.8;31.7;26.1;12.1;41.8;157.5;0.0;;;;;
2024-07-18;19.3;33.0;25.8;9.3;41.8;157.5;0.0;;;;;
2024-07-19;21.7;40.0;31.3;6.0;32.2;180.0;0.0;;;;;
2024-07-20;19.0;37.1;29.6;6.3;35.4;270.0;0.0;;;;;
2024-07-21;21.1;33.2;27.7;7.1;30.6;270.0;0.0;;;;;
2024-07-22;19.5;30.8;25.7;15.3;43.5;157.5;0.0;;;;;
2024-07-23;22.7;34.3;28.0;18.0;45.1;157.5;0.0;;;;;
2024-07-24;19.7;38.2;30.3;8.9;33.8;157.5;0.0;;;;;
2024-07-25;18.9;37.8;29.8;5.8;40.2;270.0;0.0;;;;;
2024-07-26;18.4;36.3;28.2;5.5;43.5;180.0;0.0;;;;;
2024-07-27;20.8;34.9;27.8;8.5;30.6;180.0;0.0;;;;;
2024-07-28;21.5;30.8;25.8;15.9;51.5;157.5;0.0;;;;;
2024-07-29;24.1;33.8;28.4;15.0;48.3;180.0;0.0;;;;;
2024-07-30;21.9;36.4;28.9;9.7;43.5;157.5;0.0;;;;;
2024-07-31;18.9;39.1;30.1;3.5;27.4;270.0;0.0;;;;;
2024-08-01;19.7;38.0;30.2;4.3;29.0;270.0;0.0;;;;;
2024-08-02;18.1;34.7;28.0;6.0;33.8;270.0;0.0;;;;;
2024-08-03;16.7;33.7;27.1;8.7;37.0;157.5;0.0;;;;;
2024-08-04;18.4;34.8;27.9;8.4;37.0;157.5;0.0;;;;;
2024-08-05;16.8;37.0;28.8;6.8;33.8;225.0;0.0;;;;;
2024-08-06;17.8;36.7;28.8;4.2;29.0;22.5;0.0;;;;;
2024-08-07;18.8;37.9;29.2;5.5;33.8;202.5;0.0;;;;;
2024-08-08;20.9;35.9;29.3;5.0;30.6;202.5;0.0;;;;;
2024-08-09;19.3;35.5;28.0;7.1;35.4;157.5;0.0;;;;;
2024-08-10;21.1;32.1;26.3;14.6;56.3;157.5;0.0;;;;;
2024-08-11;22.9;33.5;27.6;15.4;48.3;157.5;0.0;;;;;
2024-08-12;18.2;36.7;27.7;4.7;30.6;270.0;0.0;;;;;
2024-08-13;17.4;32.1;26.0;6.0;43.5;270.0;0.0;;;;;
2024-08-14;18.2;31.9;25.8;5.5;29.0;270.0;0.0;;;;;
2024-08-15;21.8;33.3;26.2;11.3;38.6;157.5;0.0;;;;;
2024-08-16;21.8;33.3;26.4;14.2;35.4;157.5;0.0;;;;;
2024-08-17;21.3;35.4;27.7;12.1;40.2;157.5;0.0;;;;;
2024-08-18;18.3;38.3;29.9;3.9;27.4;270.0;0.0;;;;;
2024-08-19;21.0;35.9;29.5;8.5;33.8;157.5;0.0;;;;;
2024-08-20;19.8;35.9;28.6;3.2;25.7;180.0;0.0;;;;;
2024-08-21;21.6;31.7;26.6;12.6;49.9;157.5;0.0;;;;;
2024-08-22;18.8;34.4;27.3;5.1;30.6;270.0;0.0;;;;;
2024-08-23;18.7;33.0;26.8;6.9;37.0;112.5;0.0;;;;;
2024-08-24;23.2;33.9;28.3;10.1;33.8;157.5;0.0;;;;;
2024-08-25;21.1;34.8;27.8;8.5;40.2;157.5;0.0;;;;;
2024-08-26;23.1;31.0;26.4;14.8;37.0;157.5;0.0;;;;;
2024-08-27;22.7;32.4;26.7;11.4;33.8;157.5;0.0;;;;;
2024-08-28;19.2;31.8;25.9;9.7;43.5;157.5;0.0;;;;;
2024-08-29;22.2;29.7;25.4;10.5;43.5;112.5;0.2;;;;;
2024-08-30;21.2;30.7;25.9;10.3;35.4;157.5;0.0;;;;;
2024-08-31;21.7;32.4;26.6;8.9;33.8;112.5;0.0;;;;;
2024-09-01;21.7;32.2;26.6;5.5;27.4;270.0;0.0;;;;;
2024-09-02;18.3;32.9;26.3;3.9;27.4;270.0;0.0;;;;;
2024-09-03;17.0;31.3;24.9;4.2;29.0;180.0;0.0;;;;;
2024-09-04;11.9;30.1;22.3;3.7;27.4;292.5;0.0;;;;;
2024-09-05;16.4;29.8;23.9;9.8;38.6;157.5;0.0;;;;;
2024-09-06;17.4;31.1;24.0;7.2;33.8;202.5;0.0;;;;;
2024-09-07;11.8;30.7;19.1;2.4;32.2;45.0;4.4;;;;;
2024-09-08;16.1;28.4;21.6;5.5;33.8;270.0;1.8;;;;;
2024-09-09;11.8;28.4;21.1;3.9;27.4;292.5;0.0;;;;;
2024-09-10;12.2;29.1;21.2;3.5;29.0;292.5;0.0;;;;;
2024-09-11;13.4;28.4;21.6;4.3;29.0;270.0;0.0;;;;;
2024-09-12;13.2;29.8;22.2;3.4;27.4;270.0;0.0;;;;;
2024-09-13;14.3;27.3;21.7;12.9;51.5;157.5;0.0;;;;;
2024-09-14;19.3;24.7;21.4;21.6;54.7;157.5;0.0;;;;;
2024-09-15;19.6;27.9;24.2;15.9;37.0;157.5;0.0;;;;;
2024-09-16;17.9;29.7;23.9;10.6;43.5;157.5;0.0;;;;;
2024-09-17;19.1;24.6;21.3;15.0;46.7;157.5;0.0;;;;;
2024-09-18;18.7;25.0;21.1;17.5;46.7;157.5;0.0;;;;;
2024-09-19;18.7;23.7;20.3;16.6;46.7;157.5;0.0;;;;;
2024-09-20;18.2;25.3;20.9;14.5;38.6;157.5;0.0;;;;;
2024-09-21;18.5;25.7;21.1;8.7;30.6;157.5;0.0;;;;;
2024-09-22;11.6;25.5;19.5;4.7;33.8;270.0;0.0;;;;;
2024-09-23;12.6;25.1;19.4;3.7;25.7;270.0;0.0;;;;;
2024-09-24;9.9;24.2;17.8;3.7;27.4;270.0;0.0;;;;;
2024-09-25;13.0;24.8;19.4;3.1;24.1;270.0;0.0;;;;;
2024-09-26;17.7;25.8;20.9;7.4;35.4;270.0;0.0;;;;;
2024-09-27;17.2;23.2;20.0;7.6;32.2;270.0;0.0;;;;;
2024-09-28;8.6;24.1;17.7;10.6;48.3;157.5;0.0;;;;;
2024-09-29;16.9;24.8;20.1;16.9;41.8;157.5;0.0;;;;;
2024-09-30;17.3;26.9;21.3;15.6;40.2;157.5;0.0;;;;;
2024-10-01;13.6;29.7;22.2;3.4;22.5;202.5;0.0;;;;;
2024-10-02;13.7;28.7;21.4;5.5;38.6;270.0;0.0;;;;;
2024-10-03;18.9;26.9;22.1;9.8;33.8;270.0;0.0;;;;;
2024-10-04;14.8;26.4;21.3;5.0;29.0;270.0;0.0;;;;;
2024-10-05;14.4;27.1;21.3;3.7;27.4;270.0;0.0;;;;;
2024-10-06;14.1;30.6;22.9;2.3;20.9;292.5;0.0;;;;;
2024-10-07;15.2;28.0;20.9;6.6;57.9;270.0;2.6;;;;;
2024-10-08;13.4;22.8;18.1;5.0;29.0;270.0;0.0;;;;;
2024-10-09;10.5;23.6;17.6;9.2;48.3;202.5;0.0;;;;;
2024-10-10;14.4;20.5;17.3;4.7;25.7;270.0;0.0;;;;;
2024-10-11;12.2;22.7;16.9;5.0;27.4;157.5;0.0;;;;;
2024-10-12;15.8;23.5;18.4;11.3;41.8;157.5;16.0;;;;;
2024-10-13;16.2;24.3;19.1;4.3;27.4;112.5;4.8;;;;;
2024-10-14;17.1;22.7;19.6;5.6;29.0;157.5;2.6;;;;;
2024-10-15;16.5;20.8;17.7;10.5;43.5;157.5;2.2;;;;;
2024-10-16;15.5;22.4;17.6;10.8;43.5;157.5;5.2;;;;;
2024-10-17;13.8;18.6;15.9;9.8;51.5;270.0;1.0;;;;;
2024-10-18;11.5;18.6;15.1;5.8;25.7;292.5;0.0;;;;;
2024-10-19;12.8;22.7;17.3;2.6;24.1;292.5;0.0;;;;;
2024-10-20;11.4;27.3;18.5;1.1;19.3;0.0;0.0;;;;;
2024-10-21;14.0;24.5;19.2;8.9;38.6;157.5;0.0;;;;;
2024-10-22;15.7;22.4;18.4;12.7;41.8;157.5;0.0;;;;;
2024-10-23;16.4;21.8;18.3;16.6;43.5;157.5;0.0;;;;;
2024-10-24;16.4;21.6;18.6;18.7;49.9;157.5;0.0;;;;;
2024-10-25;13.8;22.5;17.1;9.2;43.5;157.5;0.0;;;;;
2024-10-26;8.3;14.8;11.7;9.2;35.4;270.0;14.6;;;;;
2024-10-27;7.8;15.1;11.1;4.8;30.6;0.0;2.0;;;;;
2024-10-28;5.8;15.2;10.7;3.9;27.4;22.5;3.0;;;;;
2024-10-29;9.7;12.2;11.2;4.2;33.8;180.0;117.2;;;;;
2024-10-30;10.0;14.8;12.1;8.2;35.4;112.5;15.8;;;;;
2024-10-31;12.8;17.3;15.3;8.7;35.4;157.5;2.6;;;;;
2024-11-01;14.1;19.6;16.4;10.1;38.6;157.5;0.0;;;;;
2024-11-02;12.7;20.2;16.4;9.0;33.8;157.5;7.6;;;;;
2024-11-03;14.3;20.4;16.9;12.2;35.4;157.5;0.0;;;;;
2024-11-04;15.4;21.6;17.9;11.3;38.6;157.5;0.0;;;;;
2024-11-05;13.7;23.5;17.4;5.3;33.8;157.5;0.0;;;;;
2024-11-06;11.4;19.1;15.4;12.2;43.5;157.5;0.2;;;;;
2024-11-07;15.6;19.8;17.0;18.2;43.5;157.5;0.0;;;;;
2024-11-08;12.6;19.6;16.4;13.5;46.7;157.5;0.0;;;;;
2024-11-09;12.2;21.1;15.8;2.6;24.1;292.5;0.0;;;;;
2024-11-10;8.8;21.3;15.3;2.6;20.9;315.0;0.2;;;;;
2024-11-11;8.1;20.2;14.2;3.7;27.4;157.5;0.0;;;;;
2024-11-12;11.9;20.7;15.3;2.4;17.7;67.5;0.0;;;;;
2024-11-13;8.4;12.8;11.4;5.5;25.7;157.5;5.4;;;;;
2024-11-14;10.7;18.6;14.4;6.1;32.2;112.5;21.8;;;;;
2024-11-15;12.1;19.3;15.9;9.3;35.4;157.5;0.0;;;;;
2024-11-16;15.0;19.8;16.8;14.8;49.9;157.5;0.0;;;;;
2024-11-17;12.2;19.2;16.1;7.4;49.9;157.5;0.4;;;;;
2024-11-18;8.4;22.6;14.6;0.8;16.1;202.5;0.0;;;;;
2024-11-19;10.7;21.1;14.9;2.1;24.1;270.0;0.2;;;;;
2024-11-20;9.2;17.8;13.6;3.2;25.7;292.5;0.2;;;;;
2024-11-21;9.7;13.1;11.8;4.2;27.4;270.0;0.0;;;;;
2024-11-22;12.6;16.4;14.3;5.1;27.4;270.0;0.0;;;;;
2024-11-23;6.1;17.8;13.4;12.2;43.5;157.5;0.2;;;;;
2024-11-24;13.4;17.7;15.7;22.2;57.9;157.5;0.0;;;;;
2024-11-25;12.8;20.1;16.5;11.1;46.7;157.5;7.6;;;;;
2024-11-26;8.8;18.2;12.7;1.1;16.1;270.0;0.2;;;;;
2024-11-27;8.6;18.4;13.2;6.0;29.0;157.5;0.0;;;;;
2024-11-28;12.9;18.3;15.6;9.3;35.4;157.5;0.0;;;;;
2024-11-29;9.7;17.8;13.8;4.0;24.1;157.5;0.0;;;;;
2024-11-30;6.5;22.8;14.6;3.2;20.9;270.0;0.0;;;;;
2024-12-01;8.2;19.8;13.9;4.7;32.2;157.5;0.0;;;;;
2024-12-02;11.3;20.7;15.6;3.2;20.9;180.0;0.0;;;;;
2024-12-03;7.1;18.0;12.6;3.2;24.1;270.0;0.0;;;;;
2024-12-04;8.5;14.7;11.7;5.1;27.4;292.5;0.2;;;;;
2024-12-05;4.3;18.3;10.8;1.8;19.3;292.5;0.2;;;;;
2024-12-06;4.8;21.2;11.6;1.1;14.5;292.5;0.0;;;;;
2024-12-07;6.1;17.5;11.6;3.9;33.8;292.5;0.2;;;;;
2024-12-08;3.5;15.1;9.4;4.7;25.7;0.0;0.0;;;;;
2024-12-09;1.1;10.5;5.8;4.0;32.2;292.5;0.0;;;;;
2024-12-10;-2.6;12.7;4.7;2.7;27.4;0.0;0.0;;;;;
2024-12-11;-1.3;12.7;5.7;2.9;25.7;157.5;0.0;;;;;
2024-12-12;2.6;10.8;7.3;5.5;33.8;157.5;0.0;;;;;
2024-12-13;4.0;14.8;9.3;2.3;17.7;180.0;0.2;;;;;
2024-12-14;0.9;14.9;6.8;1.0;11.3;22.5;0.2;;;;;
2024-12-15;0.2;14.7;7.5;3.7;37.0;22.5;0.0;;;;;
2024-12-16;9.6;13.8;11.3;20.3;53.1;157.5;0.0;;;;;
2024-12-17;7.5;15.9;11.5;12.7;46.7;157.5;0.0;;;;;
2024-12-18;6.3;22.6;12.5;1.0;12.9;292.5;0.0;;;;;
2024-12-19;7.4;17.1;12.3;3.5;30.6;270.0;1.2;;;;;
2024-12-20;3.9;14.1;9.8;1.8;19.3;0.0;0.2;;;;;
2024-12-21;0.6;14.5;7.2;2.4;24.1;157.5;0.0;;;;;
2024-12-22;-0.1;19.3;7.8;1.4;12.9;22.5;0.2;;;;;
2024-12-23;0.6;17.8;7.9;4.3;29.0;0.0;0.0;;;;;
2024-12-24;0.7;14.4;7.9;5.1;32.2;112.5;0.0;;;;;
2024-12-25;2.3;18.3;11.1;7.4;29.0;112.5;0.0;;;;;
2024-12-26;11.0;14.9;12.5;15.8;45.1;157.5;0.0;;;;;
2024-12-27;9.8;13.5;11.5;18.8;56.3;157.5;0.0;;;;;
2024-12-28;5.8;13.7;10.2;8.2;30.6;90.0;0.0;;;;;
2024-12-29;0.8;14.0;7.9;3.5;29.0;112.5;0.0;;;;;
2024-12-30;2.3;14.6;8.6;4.3;29.0;157.5;0.0;;;;;
2024-12-31;0.0;14.6;6.7;2.3;19.3;202.5;0.0;;;;;
2025-01-01;-0.1;13.7;7.1;2.3;17.7;22.5;0.2;;;;;
2025-01-02;-1.1;14.8;6.4;2.3;20.9;90.0;0.0;;;;;
2025-01-03;-1.4;15.3;5.8;1.1;17.7;292.5;0.2;;;;;
2025-01-04;-1.2;14.5;6.2;1.3;19.3;0.0;0.0;;;;;
2025-01-05;2.1;15.9;9.1;8.0;45.1;180.0;0.0;;;;;
2025-01-06;8.2;13.1;10.4;8.0;37.0;270.0;7.6;;;;;
2025-01-07;1.3;13.4;7.3;2.1;24.1;292.5;0.2;;;;;
2025-01-08;1.6;18.1;8.6;2.1;20.9;180.0;0.0;;;;;
2025-01-09;9.3;17.2;13.1;3.4;20.9;292.5;2.0;;;;;
2025-01-10;6.0;16.3;10.7;2.6;19.3;292.5;0.2;;;;;
2025-01-11;7.7;15.3;12.5;3.9;27.4;292.5;0.0;;;;;
2025-01-12;4.9;17.8;12.6;6.8;37.0;0.0;0.0;;;;;
2025-01-13;-0.4;14.0;6.9;3.1;22.5;112.5;0.0;;;;;
2025-01-14;1.6;13.1;6.7;2.7;22.5;202.5;0.2;;;;;
2025-01-15;-2.8;15.8;4.8;1.0;11.3;292.5;0.0;;;;;
2025-01-16;-3.3;14.3;5.2;1.6;17.7;292.5;0.0;;;;;
2025-01-17;-0.5;13.3;7.2;3.1;27.4;112.5;0.0;;;;;
2025-01-18;-1.5;16.7;6.5;1.0;14.5;180.0;0.0;;;;;
2025-01-19;-1.8;15.6;6.8;1.4;19.3;270.0;0.2;;;;;
2025-01-20;4.4;11.6;8.4;4.2;29.0;157.5;7.8;;;;;
2025-01-21;7.9;18.5;12.7;9.5;40.2;180.0;0.0;;;;;
2025-01-22;11.8;19.3;15.1;17.4;72.4;180.0;0.0;;;;;
2025-01-23;8.6;18.7;13.6;6.3;33.8;202.5;0.0;;;;;
2025-01-24;4.1;19.2;10.7;1.8;17.7;292.5;0.0;;;;;
2025-01-25;7.7;14.5;11.0;1.8;37.0;247.5;2.8;;;;;
2025-01-26;4.9;16.4;11.7;6.4;38.6;180.0;0.2;;;;;
2025-01-27;11.9;18.1;15.4;14.6;64.4;247.5;0.6;;;;;
2025-01-28;6.5;12.5;9.9;9.8;69.2;270.0;2.4;;;;;
2025-01-29;2.9;13.8;8.6;7.1;38.6;270.0;3.8;;;;;
2025-01-30;6.6;12.3;8.8;10.1;38.6;292.5;0.8;;;;;
2025-01-31;2.4;14.1;7.8;5.6;30.6;0.0;0.0;;;;;
2025-02-01;-0.3;13.4;7.0;4.7;30.6;270.0;0.0;;;;;
2025-02-02;2.2;13.4;7.9;1.4;19.3;270.0;0.0;;;;;
2025-02-03;6.8;9.1;7.8;4.5;19.3;22.5;10.6;;;;;
2025-02-04;4.5;8.8;6.1;0.0;1.6;247.5;0.0;;;;;
2025-02-05;0.2;16.4;7.9;2.3;16.1;180.0;0.0;;;;;
2025-02-06;2.3;14.7;9.0;4.7;30.6;112.5;0.0;;;;;
2025-02-07;-0.2;15.6;8.6;4.0;27.4;247.5;0.2;;;;;
2025-02-08;5.5;13.2;10.8;5.6;38.6;292.5;3.0;;;;;
2025-02-09;1.1;15.8;8.5;3.9;25.7;157.5;0.0;;;;;
2025-02-10;8.2;14.8;11.2;11.9;40.2;157.5;0.2;;;;;
2025-02-11;9.8;14.9;11.7;15.3;49.9;157.5;0.0;;;;;
2025-02-12;9.4;14.1;11.4;7.4;32.2;270.0;0.0;;;;;
2025-02-13;2.5;18.6;10.1;1.1;14.5;45.0;0.0;;;;;
2025-02-14;3.6;20.2;11.9;3.7;24.1;112.5;0.0;;;;;
2025-02-15;3.6;19.0;12.7;5.5;41.8;180.0;0.0;;;;;
2025-02-16;6.8;17.8;13.3;5.8;30.6;270.0;0.0;;;;;
2025-02-17;4.9;20.2;11.7;2.9;24.1;157.5;0.0;;;;;
2025-02-18;9.8;15.7;13.0;12.2;51.5;157.5;0.0;;;;;
2025-02-19;7.6;21.0;13.3;2.4;25.7;292.5;0.0;;;;;
2025-02-20;4.9;20.0;12.7;4.0;24.1;157.5;0.0;;;;;
2025-02-21;10.2;15.3;12.5;14.0;53.1;157.5;0.0;;;;;
2025-02-22;9.6;15.8;12.4;5.1;27.4;292.5;0.0;;;;;
2025-02-23;5.4;19.9;12.1;2.9;24.1;22.5;0.0;;;;;
2025-02-24;6.2;19.4;12.4;2.4;16.1;202.5;0.0;;;;;
2025-02-25;3.4;17.3;10.3;4.0;35.4;270.0;0.6;;;;;
2025-02-26;6.2;16.7;12.1;8.0;41.8;157.5;0.0;;;;;
2025-02-27;8.3;18.1;12.4;1.9;24.1;180.0;0.0;;;;;
2025-02-28;7.2;13.2;9.5;3.4;32.2;112.5;13.6;;;;;
2025-03-01;6.7;15.2;11.3;2.9;29.0;0.0;2.2;;;;;
2025-03-02;9.2;11.9;10.5;4.2;40.2;112.5;21.4;;;;;
2025-03-03;8.8;11.6;9.9;2.7;30.6;112.5;30.0;;;;;
2025-03-04;7.9;18.2;12.9;4.3;25.7;112.5;0.6;;;;;
2025-03-05;10.3;15.1;12.7;4.0;29.0;157.5;2.2;;;;;
2025-03-06;9.0;16.1;12.7;3.1;29.0;270.0;28.2;;;;;
2025-03-07;10.4;15.2;12.6;9.2;40.2;112.5;1.6;;;;;
2025-03-08;6.7;12.6;10.0;9.7;49.9;112.5;7.0;;;;;
2025-03-09;4.9;11.3;7.8;7.4;45.1;202.5;11.0;;;;;
2025-03-10;7.5;14.1;10.5;9.0;38.6;180.0;5.4;;;;;
2025-03-11;9.8;16.1;12.8;12.6;54.7;202.5;7.2;;;;;
2025-03-12;9.2;14.2;11.2;5.3;27.4;270.0;10.8;;;;;
2025-03-13;8.9;13.2;10.8;8.9;51.5;202.5;6.6;;;;;
2025-03-14;7.2;13.7;9.4;6.1;41.8;247.5;5.2;;;;;
2025-03-15;3.2;13.9;9.1;4.5;30.6;270.0;0.2;;;;;
2025-03-16;7.1;14.7;10.6;6.3;37.0;202.5;3.6;;;;;
2025-03-17;9.8;12.8;11.0;10.6;38.6;157.5;9.0;;;;;
2025-03-18;9.1;16.3;12.3;8.9;46.7;202.5;17.0;;;;;
2025-03-19;6.4;16.7;12.4;12.9;51.5;157.5;0.2;;;;;
2025-03-20;11.6;17.3;14.2;15.8;54.7;157.5;6.0;;;;;
2025-03-21;8.9;15.6;12.8;16.1;54.7;202.5;1.6;;;;;
2025-03-22;7.3;12.7;9.8;9.3;43.5;247.5;0.8;;;;;
2025-03-23;6.2;9.6;7.6;5.8;43.5;270.0;8.8;;;;;
2025-03-24;2.7;14.8;9.8;4.3;25.7;270.0;0.0;;;;;
2025-03-25;3.0;17.1;10.4;3.4;25.7;0.0;0.0;;;;;
2025-03-26;3.9;19.1;12.2;3.2;20.9;270.0;0.0;;;;;
2025-03-27;4.4;19.2;12.7;3.1;22.5;292.5;0.0;;;;;
2025-03-28;4.2;20.4;12.8;3.5;30.6;292.5;0.0;;;;;
2025-03-29;5.4;22.7;14.6;4.8;30.6;0.0;0.0;;;;;
2025-03-30;8.5;17.7;13.6;11.6;45.1;112.5;0.0;;;;;
2025-03-31;10.3;20.1;14.6;17.9;48.3;157.5;0.0;;;;;
2025-04-01;8.1;20.1;14.3;4.8;30.6;270.0;0.0;;;;;
2025-04-02;7.8;20.4;13.9;6.6;38.6;202.5;0.2;;;;;
2025-04-03;10.4;16.9;13.1;5.8;49.9;112.5;15.6;;;;;
2025-04-04;11.6;17.9;14.1;15.3;57.9;157.5;1.6;;;;;
2025-04-05;8.7;17.3;13.1;3.1;20.9;292.5;0.0;;;;;
2025-04-06;5.7;19.4;12.8;3.5;24.1;292.5;0.2;;;;;
2025-04-07;8.7;21.7;15.3;5.5;33.8;112.5;0.0;;;;;
2025-04-08;13.7;22.4;17.7;13.4;43.5;157.5;0.0;;;;;
2025-04-09;16.1;22.8;18.7;19.6;51.5;157.5;0.0;;;;;
2025-04-10;14.6;20.6;16.9;18.3;48.3;157.5;0.0;;;;;
2025-04-11;13.5;18.3;15.7;16.6;56.3;157.5;0.0;;;;;
2025-04-12;13.4;18.0;15.2;10.1;53.1;112.5;0.8;;;;;
2025-04-13;11.1;21.2;15.5;3.7;29.0;270.0;0.0;;;;;
2025-04-14;13.1;17.8;14.9;9.8;46.7;247.5;0.0;;;;;
2025-04-15;5.8;14.6;10.4;11.9;45.1;270.0;9.6;;;;;
2025-04-16;5.8;14.8;10.3;10.6;38.6;270.0;0.0;;;;;
2025-04-17;11.1;18.1;13.9;6.9;29.0;270.0;0.0;;;;;
2025-04-18;6.9;21.2;14.3;4.7;32.2;202.5;0.0;;;;;
2025-04-19;8.8;15.7;12.5;10.9;43.5;270.0;2.4;;;;;
2025-04-20;5.9;16.9;11.3;10.6;45.1;270.0;1.0;;;;;
2025-04-21;8.2;21.4;14.9;4.8;30.6;270.0;0.0;;;;;
2025-04-22;7.9;21.7;15.1;3.7;27.4;292.5;0.0;;;;;
2025-04-23;7.4;21.8;15.6;7.6;33.8;157.5;0.0;;;;;
2025-04-24;14.1;24.6;19.1;10.6;40.2;157.5;0.0;;;;;
2025-04-25;14.3;27.1;20.5;6.3;25.7;270.0;0.0;;;;;
2025-04-26;11.9;23.9;18.3;6.0;32.2;292.5;0.0;;;;;
2025-04-27;9.2;23.6;17.1;10.0;37.0;157.5;0.0;;;;;
2025-04-28;13.3;20.1;16.2;25.3;66.0;112.5;0.0;;;;;
2025-04-29;13.5;19.2;15.6;24.3;64.4;157.5;0.0;;;;;
2025-04-30;12.7;16.4;14.5;12.4;40.2;157.5;21.0;;;;;
2025-05-01;12.4;20.2;15.6;10.3;41.8;157.5;0.2;;;;;
2025-05-02;13.1;20.7;16.5;10.1;48.3;202.5;21.0;;;;;
2025-05-03;8.1;21.0;14.6;4.0;29.0;270.0;0.0;;;;;
2025-05-04;10.2;19.6;14.8;7.7;41.8;247.5;0.8;;;;;
2025-05-05;12.6;18.8;15.1;8.5;32.2;270.0;1.2;;;;;
2025-05-06;10.1;22.3;16.4;4.7;25.7;270.0;0.0;;;;;
2025-05-07;9.5;20.8;15.3;9.3;40.2;157.5;0.0;;;;;
2025-05-08;11.3;19.1;14.9;5.5;32.2;270.0;0.0;;;;;
2025-05-09;7.8;22.1;15.9;2.3;20.9;270.0;0.0;;;;;
2025-05-10;10.6;21.4;16.2;5.6;37.0;270.0;0.0;;;;;
2025-05-11;6.9;21.4;15.0;5.1;32.2;270.0;0.0;;;;;
2025-05-12;6.4;22.1;15.4;4.3;29.0;270.0;0.0;;;;;
2025-05-13;7.1;21.8;15.0;4.0;27.4;270.0;0.0;;;;;
2025-05-14;9.1;22.2;16.3;6.9;37.0;270.0;0.0;;;;;
2025-05-15;9.8;21.7;16.2;6.1;38.6;270.0;0.0;;;;;
2025-05-16;8.1;25.8;17.9;2.6;20.9;202.5;0.0;;;;;
2025-05-17;10.3;24.8;18.7;10.3;45.1;112.5;0.0;;;;;
2025-05-18;17.0;25.6;21.1;14.5;43.5;180.0;0.0;;;;;
2025-05-19;10.7;23.9;17.8;6.4;32.2;292.5;0.0;;;;;
2025-05-20;11.3;27.8;20.4;3.7;25.7;292.5;0.0;;;;;
2025-05-21;11.2;28.1;21.1;6.4;29.0;157.5;0.0;;;;;
2025-05-22;11.9;30.3;22.5;4.8;27.4;270.0;0.0;;;;;
2025-05-23;15.6;22.9;19.1;14.6;41.8;157.5;0.2;;;;;
2025-05-24;13.9;25.2;19.2;10.6;29.0;157.5;0.0;;;;;
2025-05-25;10.8;29.3;21.7;4.5;27.4;202.5;0.0;;;;;
2025-05-26;12.1;32.3;23.8;4.7;30.6;180.0;0.0;;;;;
2025-05-27;14.9;29.3;23.9;8.9;37.0;157.5;0.0;;;;;
2025-05-28;16.3;30.9;24.6;11.6;43.5;157.5;0.0;;;;;
2025-05-29;21.3;31.6;26.6;12.9;48.3;180.0;0.0;;;;;
2025-05-30;22.6;32.2;27.8;12.7;41.8;157.5;0.0;;;;;
2025-05-31;23.8;33.3;28.1;11.6;40.2;157.5;0.0;;;;;
2025-06-01;21.3;31.9;26.3;12.6;43.5;180.0;0.0;;;;;
2025-06-02;15.7;29.4;23.8;8.4;37.0;112.5;0.0;;;;;
2025-06-03;15.9;22.8;19.3;6.9;38.6;270.0;0.0;;;;;
2025-06-04;11.4;26.1;19.3;4.2;29.0;270.0;0.0;;;;;
2025-06-05;12.2;30.8;22.4;2.6;24.1;292.5;0.0;;;;;
2025-06-06;13.4;32.8;24.6;3.7;29.0;270.0;0.0;;;;;
2025-06-07;14.6;35.9;26.3;2.3;22.5;292.5;0.0;;;;;
2025-06-08;17.3;35.3;27.0;9.3;40.2;157.5;0.0;;;;;
2025-06-09;22.1;28.9;24.6;15.1;48.3;157.5;0.0;;;;;
2025-06-10;20.1;30.2;24.3;13.2;48.3;180.0;0.4;;;;;
2025-06-11;17.2;30.3;22.2;7.6;45.1;270.0;0.6;;;;;
2025-06-12;12.0;30.9;22.3;4.0;27.4;292.5;0.0;;;;;
2025-06-13;14.9;33.6;24.8;4.2;32.2;180.0;0.0;;;;;
2025-06-14;16.7;33.4;25.6;5.6;33.8;180.0;0.0;;;;;
2025-06-15;16.5;34.0;26.6;6.6;40.2;180.0;0.0;;;;;
2025-06-16;22.6;32.3;27.0;15.0;46.7;157.5;0.0;;;;;
2025-06-17;19.4;35.1;27.6;12.2;41.8;157.5;0.0;;;;;
2025-06-18;18.3;37.4;28.6;5.2;29.0;180.0;0.0;;;;;
2025-06-19;21.8;36.4;28.6;6.4;35.4;180.0;0.0;;;;;
2025-06-20;22.2;34.3;28.0;15.0;41.8;180.0;0.0;;;;;
2025-06-21;23.8;35.4;29.5;12.7;38.6;157.5;0.0;;;;;
2025-06-22;23.7;34.2;28.8;13.8;48.3;157.5;0.0;;;;;
2025-06-23;24.1;34.8;28.8;18.5;49.9;157.5;0.0;;;;;
2025-06-24;19.4;30.6;26.2;11.6;45.1;112.5;0.0;;;;;
2025-06-25;14.0;30.8;21.1;4.0;25.7;22.5;0.0;;;;;
2025-06-26;26.8;35.9;32.3;8.9;29.0;180.0;0.0;;;;;
2025-06-27;22.1;33.2;28.1;15.8;45.1;157.5;0.0;;;;;
2025-06-28;21.8;34.5;28.6;14.5;46.7;157.5;0.0;;;;;
2025-06-29;23.7;34.8;29.6;13.8;46.7;157.5;0.0;;;;;
2025-06-30;24.6;35.5;29.9;11.9;46.7;157.5;0.0;;;;;
2025-07-01;23.1;34.6;29.2;12.6;45.1;157.5;0.0;;;;;
2025-07-02;24.9;33.9;29.1;16.1;45.1;157.5;0.0;;;;;
2025-07-03;24.4;31.4;27.8;20.6;54.7;157.5;0.0;;;;;
2025-07-04;22.4;31.8;27.1;18.5;49.9;157.5;0.0;;;;;
2025-07-05;21.6;33.3;27.7;12.2;41.8;157.5;0.0;;;;;
2025-07-06;17.9;35.0;27.3;5.5;27.4;202.5;0.0;;;;;
2025-07-07;20.0;37.4;29.7;3.5;27.4;202.5;0.0;;;;;
2025-07-08;20.1;31.4;26.9;9.8;41.8;157.5;0.0;;;;;
2025-07-09;22.3;31.0;26.3;18.5;53.1;157.5;0.0;;;;;
2025-07-10;19.5;35.6;26.9;6.9;32.2;270.0;0.0;;;;;
2025-07-11;14.6;28.9;22.3;7.1;35.4;270.0;0.0;;;;;
2025-07-12;14.8;25.1;20.2;6.6;37.0;270.0;0.0;;;;;
2025-07-13;13.1;33.1;23.8;3.4;22.5;292.5;0.0;;;;;
2025-07-14;17.3;35.4;27.3;6.6;29.0;180.0;0.0;;;;;
2025-07-15;19.7;38.8;28.9;4.5;32.2;202.5;0.0;;;;;
2025-07-16;20.9;36.6;28.8;6.9;27.4;112.5;0.0;;;;;
2025-07-17;20.4;38.7;30.3;4.0;29.0;270.0;0.0;;;;;
2025-07-18;18.9;35.1;28.2;7.1;37.0;270.0;0.0;;;;;
2025-07-19;19.1;32.4;25.6;8.0;29.0;270.0;0.0;;;;;
2025-07-20;16.9;32.6;25.6;5.5;29.0;270.0;0.0;;;;;
2025-07-21;18.5;33.6;26.5;4.7;25.7;292.5;0.0;;;;;
2025-07-22;15.8;33.3;25.7;6.8;33.8;202.5;0.0;;;;;
2025-07-23;15.9;34.7;26.1;3.9;32.2;292.5;0.0;;;;;
2025-07-24;20.3;31.4;26.3;7.7;37.0;180.0;0.0;;;;;
2025-07-25;22.0;28.1;24.9;20.0;51.5;157.5;0.0;;;;;
2025-07-26;20.6;30.5;24.9;17.5;53.1;157.5;0.0;;;;;
2025-07-27;20.6;36.8;28.9;4.8;25.7;180.0;0.0;;;;;
2025-07-28;18.0;37.5;29.2;4.7;30.6;270.0;0.0;;;;;
2025-07-29;22.7;30.3;25.8;17.4;46.7;157.5;0.0;;;;;
2025-07-30;21.3;29.3;24.7;19.5;48.3;157.5;0.0;;;;;
2025-07-31;20.9;29.9;24.8;19.6;49.9;157.5;0.0;;;;;
2025-08-01;20.6;31.0;25.6;16.9;45.1;157.5;0.0;;;;;
2025-08-02;20.1;31.6;26.2;16.4;49.9;157.5;0.0;;;;;
2025-08-03;21.7;32.8;27.2;15.6;46.7;157.5;0.0;;;;;
2025-08-04;21.7;31.5;26.4;16.7;46.7;157.5;0.0;;;;;
2025-08-05;19.8;35.3;28.5;11.7;48.3;112.5;0.0;;;;;
2025-08-06;25.3;34.8;29.7;13.5;45.1;157.5;0.0;;;;;
2025-08-07;18.1;35.1;28.0;8.2;40.2;157.5;0.0;;;;;
2025-08-08;20.2;33.5;27.8;10.5;43.5;180.0;0.0;;;;;
2025-08-09;20.2;32.8;27.3;11.3;40.2;157.5;0.0;;;;;
2025-08-10;24.4;32.9;28.2;15.9;43.5;157.5;0.0;;;;;
2025-08-11;21.8;35.7;29.6;11.4;38.6;180.0;0.0;;;;;
2025-08-12;21.2;36.8;30.2;10.3;43.5;157.5;0.0;;;;;
2025-08-13;24.4;34.4;29.6;14.5;51.5;157.5;0.0;;;;;
2025-08-14;24.4;34.3;28.8;15.8;43.5;180.0;0.0;;;;;
2025-08-15;24.8;34.9;29.3;18.2;46.7;180.0;0.0;;;;;
2025-08-16;21.8;33.9;27.6;9.8;35.4;157.5;0.0;;;;;
2025-08-17;22.6;35.6;29.5;9.8;35.4;157.5;0.0;;;;;
2025-08-18;22.0;40.6;30.9;9.8;35.4;157.5;0.0;;;;;
2025-08-19;22.9;38.0;29.0;10.1;20.9;270.0;0.0;;;;;
2025-08-20;16.1;28.8;24.3;7.2;33.8;270.0;0.0;;;;;
2025-08-21;15.2;31.9;24.7;4.3;24.1;270.0;0.0;;;;;
2025-08-22;14.8;32.8;24.7;4.7;29.0;180.0;0.0;;;;;
2025-08-23;19.2;30.7;24.3;10.5;38.6;157.5;0.0;;;;;
2025-08-24;16.8;30.6;24.6;6.3;29.0;180.0;0.0;;;;;
2025-08-25;20.1;35.2;26.4;9.3;48.3;202.5;0.0;;;;;
2025-08-26;19.9;33.8;26.5;4.3;27.4;112.5;0.0;;;;;
2025-08-27;20.8;31.6;26.2;6.8;41.8;270.0;0.0;;;;;
2025-08-28;17.1;27.1;22.3;9.3;38.6;270.0;0.0;;;;;
2025-08-29;14.8;28.8;22.6;6.4;35.4;270.0;0.0;;;;;
2025-08-30;15.1;33.6;25.5;5.5;35.4;157.5;0.0;;;;;
2025-08-31;16.0;31.2;24.9;6.8;38.6;270.0;0.0;;;;;
2025-09-01;15.9;25.6;21.2;9.5;33.8;292.5;0.0;;;;;
2025-09-02;11.8;31.5;22.0;3.4;24.1;45.0;0.0;;;;;
2025-09-03;12.1;32.9;23.6;5.1;29.0;202.5;0.0;;;;;
2025-09-04;14.5;33.4;24.6;2.9;27.4;202.5;0.0;;;;;
2025-09-05;14.3;28.8;22.7;13.7;54.7;157.5;0.0;;;;;
2025-09-06;21.2;28.7;23.9;21.6;66.0;157.5;0.0;;;;;
2025-09-07;21.1;29.9;24.8;5.6;40.2;45.0;0.0;;;;;
2025-09-08;20.0;31.7;26.0;5.3;33.8;270.0;0.0;;;;;
2025-09-09;15.7;24.4;21.5;5.1;32.2;270.0;0.0;;;;;
2025-09-10;14.4;27.2;22.2;6.6;33.8;270.0;0.0;;;;;
2025-09-11;15.0;32.2;23.8;3.5;32.2;22.5;0.0;;;;;
2025-09-12;15.1;32.4;24.7;8.0;40.2;157.5;0.0;;;;;
2025-09-13;15.3;34.4;26.3;3.7;27.4;270.0;0.0;;;;;
2025-09-14;16.4;34.8;26.2;5.6;33.8;180.0;0.0;;;;;
2025-09-15;20.6;30.1;25.0;11.9;37.0;180.0;0.0;;;;;
2025-09-16;17.8;31.2;24.2;10.6;40.2;157.5;0.0;;;;;
2025-09-17;21.0;30.8;25.1;13.4;40.2;157.5;0.0;;;;;
2025-09-18;18.8;32.3;25.8;12.1;45.1;157.5;0.0;;;;;
2025-09-19;22.3;28.5;25.4;18.0;48.3;180.0;0.0;;;;;
2025-09-20;20.7;28.7;23.8;17.9;46.7;157.5;0.0;;;;;
2025-09-21;20.0;29.4;24.0;6.3;33.8;270.0;0.0;;;;;
2025-09-22;9.9;26.8;19.8;3.1;20.9;292.5;0.0;;;;;
2025-09-23;6.9;27.7;18.1;3.9;25.7;157.5;0.0;;;;;
2025-09-24;15.1;24.8;20.1;10.6;37.0;157.5;0.0;;;;;
2025-09-25;16.3;25.8;20.8;10.8;35.4;112.5;0.0;;;;;
2025-09-26;14.6;28.5;21.3;4.0;24.1;202.5;0.0;;;;;
2025-09-27;11.2;28.6;20.7;4.0;24.1;112.5;0.0;;;;;
2025-09-28;16.7;22.8;19.8;7.2;38.6;247.5;0.0;;;;;
2025-09-29;15.7;22.3;18.3;2.9;20.9;270.0;0.4;;;;;
2025-09-30;14.5;25.9;20.2;4.2;24.1;180.0;0.0;;;;;
2025-10-01;17.8;26.7;21.4;9.5;30.6;180.0;0.0;;;;;
2025-10-02;16.6;26.2;21.1;10.9;40.2;157.5;0.0;;;;;
2025-10-03;12.7;31.2;22.6;3.2;22.5;112.5;0.0;;;;;
2025-10-04;13.0;30.7;22.7;3.1;33.8;270.0;0.0;;;;;
2025-10-05;10.9;30.8;21.9;3.1;20.9;202.5;0.0;;;;;
2025-10-06;19.3;24.4;21.3;19.8;53.1;157.5;0.0;;;;;
2025-10-07;17.8;26.6;21.2;14.6;40.2;157.5;0.0;;;;;
2025-10-08;13.8;27.1;19.9;4.0;24.1;202.5;0.0;;;;;
2025-10-09;10.3;25.2;18.2;2.6;22.5;292.5;0.0;;;;;
2025-10-10;13.1;24.9;18.2;5.1;67.6;22.5;12.2;;;;;
2025-10-11;11.5;24.8;18.4;5.1;30.6;157.5;0.0;;;;;
2025-10-12;14.1;24.4;19.4;8.4;40.2;157.5;0.0;;;;;
2025-10-13;13.0;27.1;20.4;4.3;22.5;202.5;0.0;;;;;
2025-10-14;12.2;28.7;20.3;3.5;27.4;180.0;0.0;;;;;
2025-10-15;17.1;24.2;20.0;12.2;37.0;157.5;0.0;;;;;
2025-10-16;17.8;23.2;19.5;15.4;41.8;157.5;0.0;;;;;
2025-10-17;16.8;22.9;19.2;14.6;40.2;157.5;0.0;;;;;
2025-10-18;16.8;23.8;19.2;14.5;40.2;157.5;0.0;;;;;
2025-10-19;16.6;23.6;19.3;15.3;41.8;157.5;0.0;;;;;
2025-10-20;11.5;22.1;17.8;5.0;32.2;270.0;0.0;;;;;
2025-10-21;11.2;24.2;17.9;4.8;37.0;270.0;0.0;;;;;
2025-10-22;16.7;24.1;20.3;8.5;37.0;270.0;0.0;;;;;
2025-10-23;12.6;27.2;19.8;2.1;20.9;292.5;0.0;;;;;
2025-10-24;12.1;29.2;20.1;2.3;22.5;292.5;0.0;;;;;
2025-10-25;10.8;30.2;20.0;3.2;32.2;270.0;0.0;;;;;
2025-10-26;16.3;22.7;18.8;6.0;32.2;270.0;7.8;;;;;
2025-10-27;14.8;21.4;17.6;4.8;30.6;157.5;0.0;;;;;
2025-10-28;15.5;20.4;17.0;14.0;45.1;157.5;0.6;;;;;
2025-10-29;15.5;19.3;16.6;12.6;41.8;157.5;7.2;;;;;
2025-10-30;12.8;21.9;17.2;3.1;27.4;270.0;0.8;;;;;
2025-10-31;10.5;23.5;15.9;2.4;24.1;270.0;0.0;;;;;
2025-11-01;8.3;22.0;14.8;1.9;25.7;292.5;0.2;;;;;
2025-11-02;11.2;21.2;15.8;2.4;22.5;292.5;0.0;;;;;
2025-11-03;7.8;21.4;15.1;8.5;37.0;157.5;0.2;;;;;
2025-11-04;15.1;20.3;16.8;18.3;49.9;157.5;0.0;;;;;
2025-11-05;14.3;19.4;16.3;19.2;59.5;157.5;5.8;;;;;
2025-11-06;9.2;16.1;12.7;4.8;29.0;270.0;0.6;;;;;
2025-11-07;5.9;18.2;12.2;2.3;22.5;292.5;0.0;;;;;
2025-11-08;7.9;17.4;13.8;6.0;33.8;292.5;0.2;;;;;
2025-11-09;3.4;18.9;11.2;2.9;29.0;157.5;0.0;;;;;
2025-11-10;4.7;19.8;11.9;1.3;17.7;292.5;0.0;;;;;
2025-11-11;3.3;21.3;13.6;9.5;45.1;157.5;0.0;;;;;
2025-11-12;15.3;21.9;18.4;17.9;51.5;157.5;0.0;;;;;
2025-11-13;14.3;19.6;17.2;9.2;41.8;157.5;5.8;;;;;
2025-11-14;12.0;15.2;13.2;10.5;40.2;157.5;25.2;;;;;
2025-11-15;12.7;16.3;14.3;9.3;41.8;157.5;11.6;;;;;
2025-11-16;8.9;17.8;13.4;4.2;32.2;202.5;3.0;;;;;
2025-11-17;9.2;13.7;11.1;4.7;37.0;292.5;4.2;;;;;
2025-11-18;7.2;16.7;10.9;2.6;20.9;292.5;0.0;;;;;
2025-11-19;3.3;16.4;9.6;2.3;25.7;270.0;0.0;;;;;
2025-11-20;3.4;13.7;9.1;3.9;25.7;292.5;0.0;;;;;
2025-11-21;1.4;13.2;7.3;3.7;32.2;22.5;0.0;;;;;
2025-11-22;1.2;15.8;7.3;2.3;22.5;45.0;0.0;;;;;
2025-11-23;0.8;17.4;8.1;1.0;14.5;202.5;0.0;;;;;
2025-11-24;3.6;14.6;9.4;5.3;37.0;270.0;0.0;;;;;
2025-11-25;8.8;14.2;12.2;8.9;37.0;292.5;2.0;;;;;
2025-11-26;1.4;14.3;7.9;4.5;30.6;0.0;0.0;;;;;
2025-11-27;-0.4;15.4;6.6;1.8;19.3;22.5;0.0;;;;;
2025-11-28;0.2;16.6;7.3;1.3;16.1;45.0;0.0;;;;;
2025-11-29;0.4;16.6;8.3;1.8;20.9;270.0;0.0;;;;;
2025-11-30;6.6;11.9;9.2;3.9;24.1;22.5;1.0;;;;;
2025-12-01;5.1;15.3;9.2;1.6;22.5;202.5;0.0;;;;;
2025-12-02;2.9;13.7;7.8;3.1;41.8;292.5;0.6;;;;;
2025-12-03;3.4;10.7;7.4;8.9;40.2;270.0;3.8;;;;;
2025-12-04;1.3;13.0;7.9;5.8;40.2;270.0;0.0;;;;;
2025-12-05;8.1;14.6;12.2;6.1;35.4;270.0;1.2;;;;;
2025-12-06;7.4;15.2;13.1;2.1;16.1;292.5;0.0;;;;;
2025-12-07;3.9;17.1;9.5;1.3;17.7;292.5;0.2;;;;;
2025-12-08;3.2;19.0;9.2;0.8;12.9;292.5;0.0;;;;;
2025-12-09;2.3;21.1;10.7;1.0;12.9;90.0;0.2;;;;;
2025-12-10;9.4;12.2;10.6;1.4;19.3;45.0;7.0;;;;;
2025-12-11;5.4;14.7;10.4;3.4;20.9;157.5;1.2;;;;;
2025-12-12;11.1;13.1;12.2;7.7;33.8;90.0;1.6;;;;;
2025-12-13;8.4;16.6;11.4;2.6;22.5;202.5;0.0;;;;;
2025-12-14;5.3;17.2;10.3;2.1;24.1;22.5;0.0;;;;;
2025-12-15;6.8;16.0;10.9;2.1;22.5;112.5;4.0;;;;;
2025-12-16;6.1;10.7;8.4;5.3;54.7;202.5;16.4;;;;;
2025-12-17;2.7;13.8;7.4;1.6;16.1;22.5;0.2;;;;;
2025-12-18;2.5;15.6;8.9;1.9;19.3;112.5;0.0;;;;;
2025-12-19;6.7;13.4;10.4;5.3;30.6;157.5;1.8;;;;;
2025-12-20;6.2;11.0;8.8;5.8;27.4;270.0;0.2;;;;;
2025-12-21;4.8;9.1;6.9;2.6;27.4;270.0;28.2;;;;;
2025-12-22;1.8;8.1;5.2;4.7;29.0;270.0;0.2;;;;;
2025-12-23;4.9;10.4;7.9;2.9;24.1;270.0;4.0;;;;;
2025-12-24;3.5;11.9;7.8;1.4;14.5;292.5;2.6;;;;;
2025-12-25;3.2;11.8;6.5;1.4;20.9;292.5;0.0;;;;;
2025-12-26;2.1;11.7;7.1;1.4;14.5;292.5;0.4;;;;;
2025-12-27;0.7;10.8;6.1;5.3;40.2;90.0;26.8;;;;;
2025-12-28;4.8;11.6;7.8;3.4;24.1;45.0;1.6;;;;;
2025-12-29;1.1;14.5;7.6;0.6;12.9;202.5;0.0;;;;;
2025-12-30;1.1;14.9;6.9;0.6;16.1;292.5;0.0;;;;;
2025-12-31;-0.8;13.2;6.6;1.8;19.3;45.0;0.0;;;;;
